id_localidade,cep_prefix,cidade,estado,lat,lng,fl_sp_capital
1,1001,sao paulo,SP,-23.55019,-46.634024,S
2,1002,sao paulo,SP,-23.548146,-46.634979,S
3,1003,sao paulo,SP,-23.548994,-46.635731,S
4,1004,sao paulo,SP,-23.549799,-46.634757,S
5,1005,sao paulo,SP,-23.549456,-46.636733,S
6,1006,sao paulo,SP,-23.550102,-46.636137,S
7,1007,sao paulo,SP,-23.550046,-46.637251,S
8,1008,sao paulo,SP,-23.546002,-46.635886,S
9,1009,sao paulo,SP,-23.546835,-46.636491,S
10,1010,sao paulo,SP,-23.546389,-46.635226,S
11,1011,sao paulo,SP,-23.546909,-46.635582,S
12,1012,sao paulo,SP,-23.54779,-46.634859,S
13,1013,sao paulo,SP,-23.547142,-46.634236,S
14,1014,sao paulo,SP,-23.545913,-46.633615,S
15,1015,sao paulo,SP,-23.547666,-46.631559,S
16,1016,são paulo,SP,-23.548976,-46.632352,N
17,1017,sao paulo,SP,-23.549531,-46.631024,S
18,1018,são paulo,SP,-23.550929,-46.632431,N
19,1019,sao paulo,SP,-23.551774,-46.630893,S
20,1020,sao paulo,SP,-23.552336,-46.63005,S
21,1021,sao paulo,SP,-23.543,-46.632143,S
22,1022,sao paulo,SP,-23.544922,-46.631931,S
23,1023,são paulo,SP,-23.542331,-46.631373,N
24,1024,sao paulo,SP,-23.541401,-46.629904,S
25,1025,são paulo,SP,-23.540292,-46.630928,N
26,1026,sao paulo,SP,-23.539657,-46.631884,S
27,1027,são paulo,SP,-23.538082,-46.630669,N
28,1028,sao paulo,SP,-23.535933,-46.633555,S
29,1029,sao paulo,SP,-23.541373,-46.633416,S
30,1030,são paulo,SP,-23.539549,-46.633023,N
31,1031,sao paulo,SP,-23.541906,-46.635088,S
32,1032,sao paulo,SP,-23.540124,-46.635194,S
33,1033,sao paulo,SP,-23.539271,-46.635878,S
34,1034,sao paulo,SP,-23.542515,-46.637367,S
35,1035,sao paulo,SP,-23.541614,-46.641549,S
36,1036,sao paulo,SP,-23.541648,-46.641443,S
37,1037,sao paulo,SP,-23.545411,-46.638924,S
38,1038,sao paulo,SP,-23.543907,-46.639994,S
39,1039,sao paulo,SP,-23.541371,-46.639165,S
40,1040,sao paulo,SP,-23.541028,-46.638325,S
41,1041,sao paulo,SP,-23.543905,-46.640046,S
42,1042,sao paulo,SP,-23.544853,-46.64041,S
43,1043,são paulo,SP,-23.545766,-46.641502,N
44,1044,sao paulo,SP,-23.545598,-46.641453,S
45,1045,sao paulo,SP,-23.542345,-46.642527,S
46,1046,sao paulo,SP,-23.54593,-46.643998,S
47,1047,sao paulo,SP,-23.546188,-46.641067,S
48,1048,sao paulo,SP,-23.547113,-46.63984,S
49,1049,sao paulo,SP,-23.547011,-46.639166,S
50,1050,sao paulo,SP,-23.549229,-46.64303,S
51,1101,sao paulo,SP,-23.528287,-46.631958,S
52,1102,sao paulo,SP,-23.525571,-46.630287,S
53,1103,são paulo,SP,-23.535468,-46.630291,N
54,1104,sao paulo,SP,-23.534952,-46.62957,S
55,1105,sao paulo,SP,-23.534094,-46.629078,S
56,1106,sao paulo,SP,-23.530221,-46.628221,S
57,1107,sao paulo,SP,-23.526088,-46.62959,S
58,1108,sao paulo,SP,-23.527232,-46.630354,S
59,1109,sao paulo,SP,-23.524625,-46.627103,S
60,1120,sao paulo,SP,-23.530163,-46.639511,S
61,1121,sao paulo,SP,-23.527867,-46.635257,S
62,1122,sao paulo,SP,-23.531131,-46.638325,S
63,1123,sao paulo,SP,-23.529165,-46.636582,S
64,1124,sao paulo,SP,-23.528221,-46.633095,S
65,1125,sao paulo,SP,-23.527288,-46.640164,S
66,1126,sao paulo,SP,-23.527067,-46.639153,S
67,1127,sao paulo,SP,-23.525481,-46.641595,S
68,1128,sao paulo,SP,-23.523787,-46.64221,S
69,1129,sao paulo,SP,-23.524051,-46.645073,S
70,1130,sao paulo,SP,-23.524831,-46.64493,S
71,1131,sao paulo,SP,-23.52238,-46.643108,S
72,1132,sao paulo,SP,-23.52154,-46.648739,S
73,1133,sao paulo,SP,-23.520424,-46.653322,S
74,1134,sao paulo,SP,-23.5189,-46.65269,S
75,1135,sao paulo,SP,-23.52619,-46.65097,S
76,1136,sao paulo,SP,-23.523987,-46.661351,S
77,1137,sao paulo,SP,-23.522851,-46.652809,S
78,1138,sao paulo,SP,-23.522456,-46.655254,S
79,1139,sao paulo,SP,-23.520725,-46.665939,S
80,1140,sao paulo,SP,-23.520438,-46.669237,S
81,1141,sao paulo,SP,-23.52031,-46.666439,S
82,1142,sao paulo,SP,-23.519934,-46.62513,S
83,1144,sao paulo,SP,-23.523573,-46.672425,S
84,1150,sao paulo,SP,-23.532953,-46.658246,S
85,1151,sao paulo,SP,-23.531642,-46.656289,S
86,1152,sao paulo,SP,-23.529885,-46.655276,S
87,1153,são paulo,SP,-23.529931,-46.653549,N
88,1154,sao paulo,SP,-23.530536,-46.659296,S
89,1155,sao paulo,SP,-23.529073,-46.66332,S
90,1156,sao paulo,SP,-23.528921,-46.666437,S
91,1189,sao paulo,SP,-23.532108,-46.638395,S
92,1200,sao paulo,SP,-23.531568,-46.649869,S
93,1201,sao paulo,SP,-23.536083,-46.649539,S
94,1202,sao paulo,SP,-23.533743,-46.64828,S
95,1203,sao paulo,SP,-23.535965,-46.6453,S
96,1204,sao paulo,SP,-23.535993,-46.64409,S
97,1205,sao paulo,SP,-23.536491,-46.642642,S
98,1206,são paulo,SP,-23.535864,-46.642819,N
99,1207,sao paulo,SP,-23.539176,-46.638654,S
100,1208,sao paulo,SP,-23.53866,-46.638982,S
101,1209,sao paulo,SP,-23.540695,-46.641583,S
102,1210,sao paulo,SP,-23.540039,-46.642091,S
103,1211,sao paulo,SP,-23.537577,-46.648838,S
104,1212,sao paulo,SP,-23.538269,-46.639423,S
105,1213,sao paulo,SP,-23.536501,-46.640361,S
106,1214,sao paulo,SP,-23.538842,-46.64523,S
107,1215,sao paulo,SP,-23.536167,-46.647542,S
108,1216,sao paulo,SP,-23.533128,-46.647834,S
109,1217,sao paulo,SP,-23.532658,-46.648884,S
110,1218,sao paulo,SP,-23.53125,-46.648325,S
111,1219,são paulo,SP,-23.541289,-46.645699,N
112,1220,sao paulo,SP,-23.544514,-46.64604,S
113,1221,sao paulo,SP,-23.544868,-46.648282,S
114,1222,sao paulo,SP,-23.545945,-46.649369,S
115,1223,sao paulo,SP,-23.544088,-46.648582,S
116,1224,sao paulo,SP,-23.541779,-46.652422,S
117,1225,sao paulo,SP,-23.539786,-46.649139,S
118,1226,sao paulo,SP,-23.53801,-46.652719,S
119,1227,sao paulo,SP,-23.546202,-46.658385,S
120,1228,sao paulo,SP,-23.545189,-46.657611,S
121,1229,sao paulo,SP,-23.538902,-46.657291,S
122,1230,sao paulo,SP,-23.53631,-46.657112,S
123,1231,sao paulo,SP,-23.53695,-46.659256,S
124,1232,sao paulo,SP,-23.536428,-46.657426,S
125,1233,sao paulo,SP,-23.536247,-46.661665,S
126,1234,sao paulo,SP,-23.53969,-46.664244,S
127,1235,são paulo,SP,-23.536714,-46.664666,N
128,1236,sao paulo,SP,-23.54355,-46.667419,S
129,1237,sao paulo,SP,-23.543234,-46.668724,S
130,1238,sao paulo,SP,-23.542571,-46.654243,S
131,1239,sao paulo,SP,-23.543095,-46.631059,S
132,1240,sao paulo,SP,-23.543792,-46.658544,S
133,1241,sao paulo,SP,-23.545525,-46.65784,S
134,1242,sao paulo,SP,-23.546507,-46.658502,S
135,1243,sao paulo,SP,-23.54812,-46.659192,S
136,1244,sao paulo,SP,-23.562049,-46.65959,S
137,1245,sao paulo,SP,-23.549476,-46.663821,S
138,1246,sao paulo,SP,-23.553481,-46.666318,S
139,1247,são paulo,SP,-23.550638,-46.668656,N
140,1248,sao paulo,SP,-23.547913,-46.668026,S
141,1249,sao paulo,SP,-23.54842,-46.67122,S
142,1250,são paulo,SP,-23.54764,-46.671973,N
143,1251,sao paulo,SP,-23.548375,-46.674846,S
144,1252,sao paulo,SP,-23.541754,-46.678934,S
145,1253,sao paulo,SP,-23.544929,-46.679165,S
146,1254,são paulo,SP,-23.543337,-46.680852,N
147,1255,sao paulo,SP,-23.54637,-46.681542,S
148,1256,sao paulo,SP,-23.547773,-46.682838,S
149,1257,sao paulo,SP,-23.54361,-46.687839,S
150,1258,sao paulo,SP,-23.544037,-46.686851,S
151,1259,sao paulo,SP,-23.541419,-46.685304,S
152,1262,sao paulo,SP,-23.550856,-46.677352,S
153,1290,são paulo,SP,-23.540961,-46.657749,N
154,1301,sao paulo,SP,-23.549329,-46.65089,S
155,1302,sao paulo,SP,-23.549003,-46.649552,S
156,1303,sao paulo,SP,-23.549506,-46.648433,S
157,1304,sao paulo,SP,-23.554056,-46.655202,S
158,1305,sao paulo,SP,-23.552623,-46.652538,S
159,1306,sao paulo,SP,-23.553785,-46.649605,S
160,1307,sao paulo,SP,-23.552778,-46.653208,S
161,1308,sao paulo,SP,-23.555981,-46.653311,S
162,1309,sao paulo,SP,-23.555493,-46.658452,S
163,1310,sao paulo,SP,-23.561653,-46.656021,S
164,1311,sao paulo,SP,-23.564505,-46.652793,S
165,1312,sao paulo,SP,-23.554794,-46.649615,S
166,1313,sao paulo,SP,-23.556112,-46.650574,S
167,1314,sao paulo,SP,-23.552641,-46.645204,S
168,1315,sao paulo,SP,-23.55409,-46.640389,S
169,1316,sao paulo,SP,-23.552955,-46.639433,S
170,1317,sao paulo,SP,-23.556238,-46.64006,S
171,1318,sao paulo,SP,-23.559448,-46.642413,S
172,1319,sao paulo,SP,-23.551882,-46.640728,S
173,1320,sao paulo,SP,-23.557955,-46.639347,S
174,1321,sao paulo,SP,-23.562129,-46.641919,S
175,1322,sao paulo,SP,-23.563172,-46.643456,S
176,1323,sao paulo,SP,-23.565735,-46.641478,S
177,1324,são paulo,SP,-23.555215,-46.643151,N
178,1325,são paulo,SP,-23.55739,-46.644458,N
179,1326,sao paulo,SP,-23.556539,-46.64544,S
180,1327,sao paulo,SP,-23.565113,-46.644945,S
181,1328,sao paulo,SP,-23.555993,-46.646795,S
182,1329,sao paulo,SP,-23.561978,-46.647281,S
183,1330,sao paulo,SP,-23.559038,-46.649459,S
184,1331,sao paulo,SP,-23.562664,-46.649997,S
185,1332,sao paulo,SP,-23.559569,-46.652452,S
186,1333,sao paulo,SP,-23.566435,-46.647564,S
187,1401,sao paulo,SP,-23.575807,-46.658655,S
188,1402,sao paulo,SP,-23.574837,-46.657392,S
189,1403,sao paulo,SP,-23.568755,-46.653409,S
190,1404,sao paulo,SP,-23.568545,-46.65578,S
191,1405,sao paulo,SP,-23.564763,-46.655138,S
192,1406,sao paulo,SP,-23.574814,-46.670299,S
193,1407,sao paulo,SP,-23.576112,-46.671392,S
194,1408,sao paulo,SP,-23.567112,-46.660813,S
195,1409,são paulo,SP,-23.561461,-46.658262,N
196,1410,são paulo,SP,-23.562831,-46.660925,N
197,1411,sao paulo,SP,-23.564248,-46.66406,S
198,1412,sao paulo,SP,-23.563652,-46.666024,S
199,1413,sao paulo,SP,-23.561815,-46.664034,S
200,1414,sao paulo,SP,-23.559623,-46.663496,S
201,1415,sao paulo,SP,-23.556092,-46.660462,S
202,1416,sao paulo,SP,-23.560693,-46.667689,S
203,1417,sao paulo,SP,-23.552779,-46.633932,S
204,1418,sao paulo,SP,-23.564116,-46.655272,S
205,1419,sao paulo,SP,-23.563542,-46.65595,S
206,1420,sao paulo,SP,-23.563435,-46.657916,S
207,1421,sao paulo,SP,-23.563299,-46.660154,S
208,1422,sao paulo,SP,-23.563962,-46.661132,S
209,1423,sao paulo,SP,-23.569145,-46.657348,S
210,1424,sao paulo,SP,-23.568041,-46.661399,S
211,1425,sao paulo,SP,-23.572899,-46.659247,S
212,1426,sao paulo,SP,-23.56586,-46.666032,S
213,1427,sao paulo,SP,-23.571045,-46.664069,S
214,1428,sao paulo,SP,-23.573939,-46.662326,S
215,1429,sao paulo,SP,-23.576384,-46.6629,S
216,1430,são paulo,SP,-23.65614,-46.662502,N
217,1431,sao paulo,SP,-23.620389,-46.664768,S
218,1432,sao paulo,SP,-23.576486,-46.665786,S
219,1433,sao paulo,SP,-23.578407,-46.668373,S
220,1434,sao paulo,SP,-23.574647,-46.672377,S
221,1435,sao paulo,SP,-23.579322,-46.670179,S
222,1436,sao paulo,SP,-23.572455,-46.667989,S
223,1437,são paulo,SP,-23.572141,-46.671503,N
224,1438,são paulo,SP,-23.569804,-46.672265,N
225,1439,sao paulo,SP,-23.566289,-46.673571,S
226,1440,sao paulo,SP,-23.568289,-46.67817,S
227,1441,sao paulo,SP,-23.570604,-46.683732,S
228,1442,são paulo,SP,-23.566531,-46.678616,N
229,1443,sao paulo,SP,-23.568269,-46.684508,S
230,1444,sao paulo,SP,-23.573236,-46.687527,S
231,1445,sao paulo,SP,-23.571038,-46.688068,S
232,1446,são paulo,SP,-23.575584,-46.675499,N
233,1447,sao paulo,SP,-23.572787,-46.678886,S
234,1448,sao paulo,SP,-23.578238,-46.679823,S
235,1449,sao paulo,SP,-23.576117,-46.679957,S
236,1450,sao paulo,SP,-23.576453,-46.685185,S
237,1451,sao paulo,SP,-23.577436,-46.68699,S
238,1452,sao paulo,SP,-23.574996,-46.688879,S
239,1453,são paulo,SP,-23.584059,-46.686376,N
240,1454,são paulo,SP,-23.582377,-46.686703,N
241,1455,sao paulo,SP,-23.580554,-46.691121,S
242,1456,sao paulo,SP,-23.57684,-46.690987,S
243,1457,sao paulo,SP,-23.575238,-46.692704,S
244,1472,sao paulo,SP,-23.570544,-46.691297,S
245,1489,sao paulo,SP,-23.57665,-46.6874,S
246,1501,sao paulo,SP,-23.552469,-46.635485,S
247,1502,sao paulo,SP,-23.554606,-46.635493,S
248,1503,sao paulo,SP,-23.557709,-46.636769,S
249,1504,sao paulo,SP,-23.566861,-46.639505,S
250,1505,sao paulo,SP,-23.555268,-46.631825,S
251,1506,sao paulo,SP,-23.559559,-46.635032,S
252,1507,são paulo,SP,-23.558146,-46.631766,N
253,1508,sao paulo,SP,-23.561424,-46.63583,S
254,1509,sao paulo,SP,-23.56701,-46.635798,S
255,1510,sao paulo,SP,-23.557602,-46.633615,S
256,1511,sao paulo,SP,-23.561457,-46.632948,S
257,1512,sao paulo,SP,-23.553717,-46.629499,S
258,1513,sao paulo,SP,-23.548914,-46.603845,S
259,1514,sao paulo,SP,-23.554378,-46.628338,S
260,1516,sao paulo,SP,-23.559073,-46.61548,S
261,1517,sao paulo,SP,-23.559613,-46.624003,S
262,1518,sao paulo,SP,-23.559209,-46.623187,S
263,1519,sao paulo,SP,-23.560926,-46.624757,S
264,1520,sao paulo,SP,-23.559378,-46.620164,S
265,1521,sao paulo,SP,-23.561174,-46.621509,S
266,1522,são paulo,SP,-23.55992,-46.615982,N
267,1523,sao paulo,SP,-23.564203,-46.616897,S
268,1524,sao paulo,SP,-23.567783,-46.613401,S
269,1525,sao paulo,SP,-23.564029,-46.634954,S
270,1526,sao paulo,SP,-23.565952,-46.630944,S
271,1527,sao paulo,SP,-23.562439,-46.629192,S
272,1528,sao paulo,SP,-23.56477,-46.627166,S
273,1529,sao paulo,SP,-23.568439,-46.634555,S
274,1530,sao paulo,SP,-23.568944,-46.630089,S
275,1531,sao paulo,SP,-23.570761,-46.632425,S
276,1532,sao paulo,SP,-23.570534,-46.636112,S
277,1533,sao paulo,SP,-23.571168,-46.638365,S
278,1534,sao paulo,SP,-23.567544,-46.626085,S
279,1535,sao paulo,SP,-23.572433,-46.625241,S
280,1536,sao paulo,SP,-23.569032,-46.623436,S
281,1537,são paulo,SP,-23.574423,-46.623137,N
282,1538,sao paulo,SP,-23.576313,-46.623629,S
283,1539,sao paulo,SP,-23.571153,-46.620436,S
284,1540,sao paulo,SP,-23.565851,-46.622582,S
285,1541,sao paulo,SP,-23.569253,-46.618617,S
286,1542,sao paulo,SP,-23.571066,-46.62406,S
287,1543,sao paulo,SP,-23.573721,-46.623872,S
288,1544,sao paulo,SP,-23.577255,-46.621632,S
289,1545,sao paulo,SP,-23.580974,-46.61831,S
290,1546,sao paulo,SP,-23.579039,-46.621956,S
291,1547,sao paulo,SP,-23.582994,-46.621127,S
292,1548,são paulo,SP,-23.576927,-46.613421,N
293,1549,sao paulo,SP,-23.576318,-46.615587,S
294,1550,são paulo,SP,-23.573057,-46.616151,N
295,1551,sao paulo,SP,-23.572738,-46.61268,S
296,1552,sao paulo,SP,-23.569491,-46.611322,S
297,1553,sao paulo,SP,-23.574488,-46.609198,S
298,2009,sao paulo,SP,-23.515799,-46.641139,S
299,2010,sao paulo,SP,-23.510562,-46.626355,S
300,2011,sao paulo,SP,-23.504385,-46.626621,S
301,2012,sao paulo,SP,-23.513066,-46.631968,S
302,2013,são paulo,SP,-23.502206,-46.633115,N
303,2016,são paulo,SP,-23.503985,-46.625672,N
304,2017,sao paulo,SP,-23.500743,-46.634695,S
305,2018,sao paulo,SP,-23.495704,-46.629707,S
306,2019,sao paulo,SP,-23.498263,-46.629652,S
307,2020,sao paulo,SP,-23.496469,-46.633293,S
308,2021,sao paulo,SP,-23.498309,-46.635886,S
309,2022,sao paulo,SP,-23.504074,-46.637671,S
310,2028,sao paulo,SP,-23.508703,-46.618337,S
311,2029,sao paulo,SP,-23.509362,-46.619344,S
312,2030,sao paulo,SP,-23.505871,-46.624683,S
313,2031,sao paulo,SP,-23.510063,-46.625778,S
314,2032,são paulo,SP,-23.511068,-46.62385,N
315,2033,sao paulo,SP,-23.4999,-46.61505,S
316,2034,sao paulo,SP,-23.504073,-46.624144,S
317,2035,sao paulo,SP,-23.496211,-46.622825,S
318,2036,sao paulo,SP,-23.501744,-46.620803,S
319,2037,são paulo,SP,-23.499718,-46.620555,N
320,2038,sao paulo,SP,-23.495238,-46.624162,S
321,2039,sao paulo,SP,-23.493025,-46.621603,S
322,2040,sao paulo,SP,-23.48966,-46.622572,S
323,2041,sao paulo,SP,-23.490626,-46.62308,S
324,2042,sao paulo,SP,-23.494234,-46.616377,S
325,2043,sao paulo,SP,-23.489943,-46.616124,S
326,2044,sao paulo,SP,-23.495725,-46.618788,S
327,2045,sao paulo,SP,-23.496146,-46.616403,S
328,2046,sao paulo,SP,-23.49228,-46.611769,S
329,2047,sao paulo,SP,-23.517216,-46.618674,S
330,2049,são paulo,SP,-23.514167,-46.617366,N
331,2050,são paulo,SP,-23.517344,-46.612135,N
332,2051,sao paulo,SP,-23.509988,-46.607764,S
333,2052,são paulo,SP,-23.512974,-46.607784,N
334,2053,sao paulo,SP,-23.513228,-46.602793,S
335,2054,sao paulo,SP,-23.517196,-46.606699,S
336,2055,sao paulo,SP,-23.51403,-46.607126,S
337,2056,são paulo,SP,-23.512302,-46.602788,N
338,2060,sao paulo,SP,-23.519005,-46.602861,S
339,2064,sao paulo,SP,-23.517677,-46.597965,S
340,2065,sao paulo,SP,-23.507711,-46.605369,S
341,2066,sao paulo,SP,-23.508643,-46.605296,S
342,2067,são paulo,SP,-23.50672,-46.603653,N
343,2068,são paulo,SP,-23.505133,-46.612375,N
344,2069,sao paulo,SP,-23.505534,-46.613928,S
345,2071,sao paulo,SP,-23.504279,-46.606428,S
346,2072,sao paulo,SP,-23.500165,-46.604055,S
347,2073,sao paulo,SP,-23.501832,-46.607134,S
348,2074,sao paulo,SP,-23.50522,-46.600448,S
349,2075,sao paulo,SP,-23.505454,-46.602327,S
350,2076,sao paulo,SP,-23.504661,-46.599098,S
351,2077,são paulo,SP,-23.502316,-46.597294,N
352,2078,sao paulo,SP,-23.502248,-46.59561,S
353,2079,sao paulo,SP,-23.499288,-46.605785,S
354,2080,sao paulo,SP,-23.49767,-46.605362,S
355,2081,são paulo,SP,-23.495841,-46.604699,N
356,2082,sao paulo,SP,-23.494597,-46.607167,S
357,2083,sao paulo,SP,-23.495321,-46.597936,S
358,2084,sao paulo,SP,-23.497275,-46.599743,S
359,2085,sao paulo,SP,-23.497953,-46.612968,S
360,2088,sao paulo,SP,-23.50424,-46.620742,S
361,2089,sao paulo,SP,-23.517094,-46.616673,S
362,2110,sao paulo,SP,-23.519097,-46.595539,S
363,2111,sao paulo,SP,-23.517643,-46.592757,S
364,2112,sao paulo,SP,-23.517449,-46.590451,S
365,2113,sao paulo,SP,-23.51772,-46.589227,S
366,2114,sao paulo,SP,-23.522318,-46.590615,S
367,2115,sao paulo,SP,-23.52659,-46.591693,S
368,2116,sao paulo,SP,-23.520111,-46.58524,S
369,2117,sao paulo,SP,-23.518655,-46.59366,S
370,2118,são paulo,SP,-23.515007,-46.592775,N
371,2119,sao paulo,SP,-23.512208,-46.592639,S
372,2120,sao paulo,SP,-23.510824,-46.593886,S
373,2121,sao paulo,SP,-23.512229,-46.589683,S
374,2122,sao paulo,SP,-23.511966,-46.583864,S
375,2123,sao paulo,SP,-23.511838,-46.579442,S
376,2124,são paulo,SP,-23.506977,-46.577121,N
377,2125,sao paulo,SP,-23.50984,-46.586803,S
378,2126,sao paulo,SP,-23.506898,-46.591751,S
379,2127,sao paulo,SP,-23.505598,-46.587266,S
380,2128,sao paulo,SP,-23.50502,-46.593943,S
381,2129,sao paulo,SP,-23.503719,-46.588291,S
382,2130,sao paulo,SP,-23.508467,-46.583564,S
383,2131,são paulo,SP,-23.504329,-46.582509,N
384,2132,sao paulo,SP,-23.501321,-46.577657,S
385,2133,sao paulo,SP,-23.499081,-46.584725,S
386,2134,são paulo,SP,-23.498613,-46.579786,N
387,2135,sao paulo,SP,-23.497932,-46.584612,S
388,2136,sao paulo,SP,-23.498754,-46.582377,S
389,2137,sao paulo,SP,-23.497953,-46.576119,S
390,2138,sao paulo,SP,-23.493464,-46.574517,S
391,2139,são paulo,SP,-23.490468,-46.57353,N
392,2140,sao paulo,SP,,,S
393,2141,sao paulo,SP,-23.488987,-46.570653,S
394,2142,sao paulo,SP,-23.510199,-46.576718,S
395,2143,sao paulo,SP,-23.507217,-46.574967,S
396,2144,sao paulo,SP,-23.503696,-46.570756,S
397,2145,sao paulo,SP,-23.502357,-46.566259,S
398,2146,sao paulo,SP,-23.500957,-46.570882,S
399,2147,são paulo,SP,-23.498362,-46.565167,N
400,2150,sao paulo,SP,-23.494035,-46.568633,S
401,2151,sao paulo,SP,-23.496963,-46.569553,S
402,2152,sao paulo,SP,-23.497361,-46.572232,S
403,2161,sao paulo,SP,-23.490165,-46.569284,S
404,2162,sao paulo,SP,-23.490653,-46.562831,S
405,2166,sao paulo,SP,-23.525209,-46.584022,S
406,2167,sao paulo,SP,-23.522696,-46.58162,S
407,2168,sao paulo,SP,-23.520606,-46.579503,S
408,2169,sao paulo,SP,-23.549585,-46.6203,S
409,2170,sao paulo,SP,-23.525644,-46.577013,S
410,2174,são paulo,SP,-23.522924,-46.572425,N
411,2175,sao paulo,SP,-23.515887,-46.574892,S
412,2176,são paulo,SP,-23.513599,-46.573065,N
413,2177,sao paulo,SP,-23.508734,-46.55853,S
414,2178,sao paulo,SP,-23.521665,-46.570524,S
415,2179,sao paulo,SP,-23.52041,-46.568235,S
416,2180,são paulo,SP,-23.519211,-46.565956,N
417,2181,sao paulo,SP,-23.518687,-46.561021,S
418,2185,sao paulo,SP,-23.514699,-46.567486,S
419,2186,sao paulo,SP,-23.514056,-46.56906,S
420,2187,são paulo,SP,-23.515871,-46.56491,N
421,2188,sao paulo,SP,-23.509466,-46.566982,S
422,2189,sao paulo,SP,-23.507787,-46.567468,S
423,2190,sao paulo,SP,-23.507148,-46.563973,S
424,2201,sao paulo,SP,-23.486229,-46.592006,S
425,2202,são paulo,SP,-23.493049,-46.594815,N
426,2203,sao paulo,SP,-23.491871,-46.591348,S
427,2204,sao paulo,SP,-23.487411,-46.592162,S
428,2205,sao paulo,SP,-23.487988,-46.591194,S
429,2206,sao paulo,SP,-23.484621,-46.594045,S
430,2207,sao paulo,SP,-23.485985,-46.588189,S
431,2208,sao paulo,SP,-23.483016,-46.589519,S
432,2209,são paulo,SP,-23.485126,-46.585378,N
433,2210,sao paulo,SP,-23.48256,-46.582102,S
434,2211,são paulo,SP,-23.497399,-46.593605,N
435,2212,sao paulo,SP,-23.495647,-46.589259,S
436,2213,sao paulo,SP,-23.496166,-46.588126,S
437,2214,sao paulo,SP,-23.492851,-46.586798,S
438,2215,sao paulo,SP,-23.490759,-46.583369,S
439,2216,sao paulo,SP,-23.493058,-46.579784,S
440,2217,sao paulo,SP,-23.490354,-46.580176,S
441,2218,sao paulo,SP,-23.486787,-46.584808,S
442,2219,sao paulo,SP,-23.490777,-46.585927,S
443,2220,sao paulo,SP,-23.489761,-46.577677,S
444,2221,sao paulo,SP,-23.481506,-46.58142,S
445,2222,sao paulo,SP,-23.482556,-46.575586,S
446,2223,sao paulo,SP,-23.481637,-46.580167,S
447,2224,sao paulo,SP,-23.484505,-46.573774,S
448,2225,sao paulo,SP,-23.482722,-46.575107,S
449,2226,sao paulo,SP,-23.48013,-46.573622,S
450,2227,sao paulo,SP,-23.478725,-46.572374,S
451,2228,sao paulo,SP,-23.475496,-46.571542,S
452,2229,sao paulo,SP,-23.476573,-46.56882,S
453,2230,sao paulo,SP,-23.483775,-46.563659,S
454,2231,sao paulo,SP,-23.476876,-46.565263,S
455,2232,sao paulo,SP,-23.475701,-46.563973,S
456,2233,sao paulo,SP,-23.477656,-46.564577,S
457,2234,sao paulo,SP,-23.478539,-46.569545,S
458,2235,sao paulo,SP,-23.479333,-46.57594,S
459,2236,sao paulo,SP,-23.472603,-46.56816,S
460,2237,sao paulo,SP,-23.513121,-46.586472,S
461,2238,são paulo,SP,-23.471205,-46.571583,N
462,2239,sao paulo,SP,-23.485303,-46.60906,S
463,2240,sao paulo,SP,-23.477886,-46.602212,S
464,2241,sao paulo,SP,-23.490669,-46.607439,S
465,2242,sao paulo,SP,-23.487615,-46.603991,S
466,2243,são paulo,SP,-23.491618,-46.603869,N
467,2244,sao paulo,SP,-23.488515,-46.604866,S
468,2245,sao paulo,SP,-23.484777,-46.606594,S
469,2246,sao paulo,SP,-23.488712,-46.601687,S
470,2247,sao paulo,SP,-23.486067,-46.601242,S
471,2248,sao paulo,SP,-23.483179,-46.599433,S
472,2249,sao paulo,SP,-23.488876,-46.597089,S
473,2250,sao paulo,SP,-23.486517,-46.596216,S
474,2251,são paulo,SP,-23.477521,-46.59034,N
475,2252,sao paulo,SP,-23.478744,-46.588317,S
476,2253,sao paulo,SP,-23.479354,-46.5955,S
477,2254,sao paulo,SP,-23.481247,-46.593405,S
478,2255,sao paulo,SP,-23.476901,-46.591938,S
479,2256,sao paulo,SP,-23.475325,-46.587214,S
480,2257,sao paulo,SP,-23.472896,-46.583177,S
481,2258,sao paulo,SP,-23.475983,-46.581905,S
482,2259,sao paulo,SP,-23.471753,-46.580965,S
483,2260,sao paulo,SP,-23.469197,-46.579609,S
484,2261,sao paulo,SP,-23.467505,-46.577296,S
485,2262,sao paulo,SP,-23.465516,-46.574829,S
486,2263,sao paulo,SP,-23.463478,-46.575808,S
487,2264,sao paulo,SP,-23.462336,-46.576559,S
488,2265,sao paulo,SP,-23.474254,-46.592025,S
489,2266,sao paulo,SP,-23.477149,-46.598187,S
490,2267,sao paulo,SP,-23.478737,-46.600736,S
491,2268,são paulo,SP,-23.469811,-46.594889,N
492,2269,são paulo,SP,-23.47208,-46.595977,N
493,2270,sao paulo,SP,-23.472488,-46.59304,S
494,2271,sao paulo,SP,-23.469699,-46.58996,S
495,2272,sao paulo,SP,-23.469254,-46.58668,S
496,2273,são paulo,SP,-23.463514,-46.586237,N
497,2274,sao paulo,SP,-23.467052,-46.587921,S
498,2275,sao paulo,SP,-23.4657,-46.590269,S
499,2276,sao paulo,SP,-23.461193,-46.584098,S
500,2277,sao paulo,SP,-23.463674,-46.581783,S
501,2278,sao paulo,SP,-23.462797,-46.579625,S
502,2279,sao paulo,SP,-23.466873,-46.580002,S
503,2280,sao paulo,SP,-23.455896,-46.575162,S
504,2281,sao paulo,SP,-23.451987,-46.575105,S
505,2282,sao paulo,SP,-23.443067,-46.567775,S
506,2284,sao paulo,SP,-23.469703,-46.568683,S
507,2285,sao paulo,SP,,,S
508,2286,sao paulo,SP,-23.408587,-46.579603,S
509,2288,são paulo,SP,-23.433726,-46.570858,N
510,2289,sao paulo,SP,-23.418498,-46.582688,S
511,2290,são paulo,SP,-23.600462,-46.655318,N
512,2301,sao paulo,SP,-23.488664,-46.615019,S
513,2302,sao paulo,SP,-23.486037,-46.614011,S
514,2303,sao paulo,SP,-23.48201,-46.610501,S
515,2304,sao paulo,SP,-23.480824,-46.605459,S
516,2305,sao paulo,SP,-23.480094,-46.606765,S
517,2306,sao paulo,SP,-23.463369,-46.603478,S
518,2307,sao paulo,SP,-23.480891,-46.607277,S
519,2308,sao paulo,SP,-23.476418,-46.60421,S
520,2309,sao paulo,SP,-23.475673,-46.604735,S
521,2310,sao paulo,SP,-23.472815,-46.600729,S
522,2311,sao paulo,SP,-23.469123,-46.60168,S
523,2312,sao paulo,SP,-23.464805,-46.598712,S
524,2313,são paulo,SP,-23.463955,-46.5999,N
525,2314,são paulo,SP,-23.462064,-46.599348,N
526,2315,sao paulo,SP,-23.459996,-46.59975,S
527,2316,sao paulo,SP,-23.462266,-46.59384,S
528,2317,sao paulo,SP,-23.458119,-46.593167,S
529,2318,sao paulo,SP,-23.450859,-46.590111,S
530,2319,sao paulo,SP,-23.449721,-46.593364,S
531,2320,sao paulo,SP,-23.45135,-46.598424,S
532,2321,sao paulo,SP,-23.447202,-46.588978,S
533,2322,sao paulo,SP,-23.445706,-46.593699,S
534,2323,sao paulo,SP,-23.456325,-46.601097,S
535,2324,sao paulo,SP,-23.477956,-46.598477,S
536,2325,sao paulo,SP,-23.453537,-46.586041,S
537,2326,sao paulo,SP,-23.472218,-46.602473,S
538,2327,sao paulo,SP,-23.44721,-46.566678,S
539,2328,sao paulo,SP,-23.518916,-46.597307,S
540,2329,sao paulo,SP,-23.483603,-46.606677,S
541,2330,sao paulo,SP,-23.485554,-46.617491,S
542,2331,sao paulo,SP,-23.483924,-46.616226,S
543,2332,sao paulo,SP,-23.482714,-46.621553,S
544,2333,sao paulo,SP,-23.48067,-46.621377,S
545,2334,sao paulo,SP,-23.483995,-46.619584,S
546,2335,sao paulo,SP,-23.483363,-46.617055,S
547,2336,sao paulo,SP,-23.481298,-46.61694,S
548,2337,sao paulo,SP,-23.478705,-46.614513,S
549,2338,sao paulo,SP,-23.475499,-46.618127,S
550,2339,sao paulo,SP,-23.477589,-46.615247,S
551,2340,sao paulo,SP,-23.459605,-46.615713,S
552,2341,sao paulo,SP,-23.465236,-46.615476,S
553,2342,sao paulo,SP,-23.473837,-46.610594,S
554,2343,sao paulo,SP,-23.468574,-46.605456,S
555,2344,sao paulo,SP,-23.469312,-46.610305,S
556,2345,sao paulo,SP,-23.468844,-46.61524,S
557,2346,sao paulo,SP,-23.471228,-46.608231,S
558,2347,sao paulo,SP,-23.464037,-46.607255,S
559,2348,sao paulo,SP,-23.460536,-46.611074,S
560,2349,sao paulo,SP,-23.459791,-46.604441,S
561,2350,sao paulo,SP,-23.460724,-46.601605,S
562,2351,são paulo,SP,-23.454944,-46.599708,N
563,2352,sao paulo,SP,-23.454383,-46.596241,S
564,2353,sao paulo,SP,-23.452629,-46.605345,S
565,2354,sao paulo,SP,-23.455026,-46.604313,S
566,2355,sao paulo,SP,-23.454707,-46.611404,S
567,2356,sao paulo,SP,-23.450974,-46.612181,S
568,2357,são paulo,SP,-23.447431,-46.613963,N
569,2358,sao paulo,SP,-23.454447,-46.608758,S
570,2359,sao paulo,SP,-23.445882,-46.61923,S
571,2360,sao paulo,SP,-23.436842,-46.577744,S
572,2361,sao paulo,SP,-23.436664,-46.58149,S
573,2362,sao paulo,SP,-23.479235,-46.579633,S
574,2363,sao paulo,SP,-23.432328,-46.57609,S
575,2364,sao paulo,SP,-23.433947,-46.581073,S
576,2365,sao paulo,SP,-23.4457,-46.581886,S
577,2366,sao paulo,SP,-23.467733,-46.610545,S
578,2367,sao paulo,SP,-23.46227,-46.593804,S
579,2368,sao paulo,SP,-23.403836,-46.578095,S
580,2370,sao paulo,SP,-23.462827,-46.621805,S
581,2371,sao paulo,SP,-23.459015,-46.618677,S
582,2372,sao paulo,SP,-23.460095,-46.624625,S
583,2373,sao paulo,SP,-23.454862,-46.617253,S
584,2374,sao paulo,SP,-23.454767,-46.621443,S
585,2375,sao paulo,SP,-23.453677,-46.625034,S
586,2376,sao paulo,SP,-23.457619,-46.628105,S
587,2377,sao paulo,SP,-23.456814,-46.631813,S
588,2378,sao paulo,SP,-23.457394,-46.629666,S
589,2401,sao paulo,SP,-23.491724,-46.626771,S
590,2402,sao paulo,SP,-23.490334,-46.627122,S
591,2403,sao paulo,SP,-23.493992,-46.628359,S
592,2404,são paulo,SP,-23.491261,-46.628982,N
593,2405,sao paulo,SP,-23.48949,-46.632858,S
594,2406,sao paulo,SP,-23.488007,-46.630104,S
595,2407,sao paulo,SP,-23.484875,-46.624575,S
596,2408,sao paulo,SP,-23.482523,-46.62729,S
597,2409,sao paulo,SP,-23.478244,-46.624883,S
598,2410,sao paulo,SP,-23.475817,-46.623028,S
599,2411,sao paulo,SP,-23.475648,-46.624323,S
600,2413,sao paulo,SP,-23.48294,-46.637025,S
601,2415,sao paulo,SP,-23.471948,-46.63137,S
602,2416,sao paulo,SP,-23.477719,-46.62817,S
603,2417,sao paulo,SP,-23.477626,-46.630145,S
604,2418,sao paulo,SP,-23.47055,-46.629062,S
605,2419,sao paulo,SP,-23.47706,-46.640129,S
606,2420,sao paulo,SP,-23.474187,-46.636394,S
607,2421,sao paulo,SP,-23.473692,-46.632663,S
608,2422,são paulo,SP,-23.471749,-46.636773,N
609,2423,sao paulo,SP,-23.468375,-46.63341,S
610,2430,sao paulo,SP,-23.482103,-46.645375,S
611,2431,sao paulo,SP,-23.487005,-46.63617,S
612,2432,sao paulo,SP,-23.476851,-46.625265,S
613,2433,sao paulo,SP,-23.481792,-46.636268,S
614,2434,sao paulo,SP,-23.48333,-46.639354,S
615,2435,sao paulo,SP,-23.480303,-46.641768,S
616,2436,sao paulo,SP,-23.47941,-46.636012,S
617,2440,sao paulo,SP,-23.477694,-46.648223,S
618,2441,sao paulo,SP,-23.47307,-46.64145,S
619,2442,sao paulo,SP,-23.473122,-46.643817,S
620,2443,são paulo,SP,-23.472995,-46.647429,N
621,2450,sao paulo,SP,-23.498262,-46.637785,S
622,2451,sao paulo,SP,-23.499163,-46.642112,S
623,2452,sao paulo,SP,-23.500312,-46.644078,S
624,2460,sao paulo,SP,-23.49071,-46.637549,S
625,2461,sao paulo,SP,-23.492003,-46.639003,S
626,2462,sao paulo,SP,-23.4918,-46.641607,S
627,2463,são paulo,SP,-23.488489,-46.64549,N
628,2464,sao paulo,SP,-23.489335,-46.650391,S
629,2465,são paulo,SP,-23.483983,-46.655551,N
630,2466,sao paulo,SP,-23.49538,-46.642427,S
631,2467,sao paulo,SP,-23.491294,-46.646264,S
632,2468,sao paulo,SP,-23.48829,-46.649002,S
633,2469,sao paulo,SP,-23.485355,-46.644788,S
634,2470,sao paulo,SP,-23.484969,-46.649151,S
635,2471,sao paulo,SP,-23.481741,-46.652122,S
636,2472,sao paulo,SP,-23.476857,-46.65556,S
637,2473,sao paulo,SP,-23.477754,-46.651816,S
638,2474,sao paulo,SP,-23.477267,-46.656508,S
639,2475,sao paulo,SP,-23.479989,-46.644869,S
640,2478,sao paulo,SP,-23.477549,-46.660032,S
641,2479,sao paulo,SP,-23.475114,-46.656481,S
642,2501,sao paulo,SP,-23.514912,-46.661184,S
643,2508,sao paulo,SP,-23.509848,-46.66369,S
644,2510,sao paulo,SP,-23.513042,-46.651994,S
645,2511,são paulo,SP,-23.509764,-46.650959,N
646,2512,sao paulo,SP,-23.513719,-46.659342,S
647,2513,sao paulo,SP,-23.561331,-46.685164,S
648,2514,sao paulo,SP,-23.510631,-46.655238,S
649,2515,sao paulo,SP,-23.510208,-46.65789,S
650,2516,sao paulo,SP,-23.508976,-46.659385,S
651,2517,sao paulo,SP,-23.507347,-46.664236,S
652,2518,sao paulo,SP,-23.509948,-46.665348,S
653,2519,sao paulo,SP,-23.501981,-46.655439,S
654,2520,são paulo,SP,-23.503158,-46.655709,N
655,2521,sao paulo,SP,-23.503973,-46.6651,S
656,2522,sao paulo,SP,-23.504422,-46.659183,S
657,2523,sao paulo,SP,-23.50583,-46.655628,S
658,2524,sao paulo,SP,-23.502716,-46.650362,S
659,2525,sao paulo,SP,-23.502174,-46.657408,S
660,2526,são paulo,SP,-23.50302,-46.646796,N
661,2530,sao paulo,SP,-23.500768,-46.660454,S
662,2531,sao paulo,SP,-23.500937,-46.652742,S
663,2532,sao paulo,SP,-23.499764,-46.655471,S
664,2533,sao paulo,SP,-23.497582,-46.65497,S
665,2534,sao paulo,SP,-23.496276,-46.653712,S
666,2535,sao paulo,SP,-23.497398,-46.649463,S
667,2536,sao paulo,SP,-23.495856,-46.647918,S
668,2537,sao paulo,SP,-23.491312,-46.65246,S
669,2538,sao paulo,SP,-23.498865,-46.654468,S
670,2539,sao paulo,SP,-23.494817,-46.658109,S
671,2540,sao paulo,SP,-23.489297,-46.656186,S
672,2541,sao paulo,SP,-23.486156,-46.655692,S
673,2542,sao paulo,SP,-23.487013,-46.658675,S
674,2543,sao paulo,SP,-23.483788,-46.661176,S
675,2544,sao paulo,SP,-23.488927,-46.660918,S
676,2545,sao paulo,SP,-23.492421,-46.662626,S
677,2546,sao paulo,SP,-23.503573,-46.66677,S
678,2550,são paulo,SP,-23.506475,-46.671317,N
679,2551,sao paulo,SP,-23.502582,-46.669244,S
680,2552,sao paulo,SP,-23.50803,-46.661189,S
681,2553,sao paulo,SP,-23.498978,-46.666387,S
682,2554,sao paulo,SP,-23.499054,-46.668852,S
683,2555,sao paulo,SP,-23.493685,-46.666192,S
684,2556,sao paulo,SP,-23.49789,-46.669403,S
685,2557,sao paulo,SP,-23.498296,-46.672723,S
686,2558,sao paulo,SP,-23.49611,-46.674638,S
687,2559,sao paulo,SP,-23.493054,-46.672446,S
688,2560,sao paulo,SP,-23.494686,-46.671133,S
689,2561,sao paulo,SP,-23.492352,-46.674942,S
690,2562,sao paulo,SP,-23.486866,-46.673798,S
691,2563,sao paulo,SP,-23.490042,-46.668996,S
692,2564,são paulo,SP,-23.488055,-46.668712,N
693,2565,sao paulo,SP,-23.486574,-46.66836,S
694,2566,sao paulo,SP,-23.482837,-46.668897,S
695,2567,sao paulo,SP,-23.480667,-46.668207,S
696,2577,sao paulo,SP,-23.488183,-46.678904,S
697,2598,sao paulo,SP,-23.512858,-46.671012,S
698,2610,são paulo,SP,-23.482631,-46.659431,N
699,2611,sao paulo,SP,-23.46779,-46.648206,S
700,2612,sao paulo,SP,-23.472701,-46.663758,S
701,2613,sao paulo,SP,-23.478747,-46.66257,S
702,2614,sao paulo,SP,-23.472335,-46.656578,S
703,2615,sao paulo,SP,-23.471525,-46.654191,S
704,2616,sao paulo,SP,-23.469191,-46.654574,S
705,2617,sao paulo,SP,-23.466382,-46.658683,S
706,2618,sao paulo,SP,-23.468392,-46.64998,S
707,2630,sao paulo,SP,-23.463775,-46.641433,S
708,2631,sao paulo,SP,-23.459028,-46.645656,S
709,2632,sao paulo,SP,-23.464509,-46.649207,S
710,2633,são paulo,SP,-23.461693,-46.651737,N
711,2634,sao paulo,SP,-23.457633,-46.650404,S
712,2635,sao paulo,SP,-23.456497,-46.644392,S
713,2636,sao paulo,SP,-23.453338,-46.645104,S
714,2637,sao paulo,SP,-23.454737,-46.648983,S
715,2643,sao paulo,SP,-23.468099,-46.650378,S
716,2649,sao paulo,SP,-23.460646,-46.662559,S
717,2650,sao paulo,SP,-23.461568,-46.656798,S
718,2651,sao paulo,SP,-23.460889,-46.658859,S
719,2652,sao paulo,SP,-23.457636,-46.656681,S
720,2653,são paulo,SP,-23.453432,-46.658375,N
721,2670,são paulo,SP,-23.465828,-46.664284,N
722,2671,sao paulo,SP,-23.467398,-46.663878,S
723,2672,sao paulo,SP,-23.459865,-46.666422,S
724,2673,sao paulo,SP,-23.462443,-46.671222,S
725,2674,são paulo,SP,-23.460093,-46.668423,N
726,2675,sao paulo,SP,-23.456847,-46.670906,S
727,2676,sao paulo,SP,-23.456203,-46.671043,S
728,2677,sao paulo,SP,-23.454322,-46.665536,S
729,2678,sao paulo,SP,-23.455053,-46.661681,S
730,2679,são paulo,SP,-23.456871,-46.664847,N
731,2680,sao paulo,SP,-23.451352,-46.667504,S
732,2701,sao paulo,SP,-23.511835,-46.678772,S
733,2710,sao paulo,SP,-23.508133,-46.673789,S
734,2712,sao paulo,SP,-23.505849,-46.678388,S
735,2713,sao paulo,SP,-23.506632,-46.684901,S
736,2714,sao paulo,SP,-23.506104,-46.687129,S
737,2715,sao paulo,SP,-23.504232,-46.682126,S
738,2716,sao paulo,SP,-23.494649,-46.685037,S
739,2717,sao paulo,SP,-23.491998,-46.68467,S
740,2720,são paulo,SP,-23.492993,-46.674162,N
741,2721,sao paulo,SP,-23.496708,-46.674633,S
742,2722,sao paulo,SP,-23.500841,-46.678336,S
743,2723,sao paulo,SP,-23.499879,-46.68003,S
744,2724,sao paulo,SP,-23.497651,-46.681732,S
745,2725,sao paulo,SP,-23.499402,-46.682394,S
746,2726,sao paulo,SP,-23.500348,-46.687132,S
747,2727,sao paulo,SP,-23.496829,-46.685783,S
748,2728,sao paulo,SP,-23.495825,-46.68816,S
749,2729,são paulo,SP,-23.50324,-46.690338,N
750,2730,são paulo,SP,-23.497797,-46.690799,N
751,2731,sao paulo,SP,-23.498059,-46.692424,S
752,2732,sao paulo,SP,-23.500028,-46.695455,S
753,2733,sao paulo,SP,-23.495381,-46.695146,S
754,2734,sao paulo,SP,-23.490969,-46.694081,S
755,2735,sao paulo,SP,-23.492691,-46.693582,S
756,2736,são paulo,SP,-23.490116,-46.69107,N
757,2737,sao paulo,SP,-23.487733,-46.690182,S
758,2738,são paulo,SP,-23.491366,-46.688627,N
759,2739,são paulo,SP,-23.479399,-46.681072,N
760,2750,sao paulo,SP,-23.493303,-46.680638,S
761,2751,são paulo,SP,-23.4909,-46.682128,N
762,2752,sao paulo,SP,-23.494197,-46.682931,S
763,2753,sao paulo,SP,-23.490705,-46.684472,S
764,2754,sao paulo,SP,-23.490413,-46.677694,S
765,2755,sao paulo,SP,-23.488003,-46.67973,S
766,2756,sao paulo,SP,-23.486022,-46.677562,S
767,2757,são paulo,SP,-23.486615,-46.685251,N
768,2758,sao paulo,SP,-23.484868,-46.684311,S
769,2759,sao paulo,SP,-23.484023,-46.683057,S
770,2760,sao paulo,SP,-23.480603,-46.68075,S
771,2762,sao paulo,SP,-23.48253,-46.675327,S
772,2763,sao paulo,SP,-23.479038,-46.675837,S
773,2764,sao paulo,SP,-23.479702,-46.677734,S
774,2765,sao paulo,SP,-23.476655,-46.673668,S
775,2801,são paulo,SP,-23.483517,-46.700513,N
776,2802,sao paulo,SP,-23.485528,-46.695434,S
777,2803,sao paulo,SP,-23.486685,-46.693709,S
778,2804,sao paulo,SP,-23.483895,-46.69776,S
779,2805,sao paulo,SP,-23.479009,-46.69781,S
780,2806,sao paulo,SP,-23.47349,-46.69895,S
781,2807,sao paulo,SP,-23.473611,-46.700729,S
782,2808,sao paulo,SP,-23.468719,-46.702916,S
783,2809,sao paulo,SP,-23.471895,-46.703582,S
784,2810,são paulo,SP,-23.450438,-46.715201,N
785,2811,sao paulo,SP,-23.476045,-46.702799,S
786,2812,sao paulo,SP,-23.481218,-46.697733,S
787,2813,sao paulo,SP,-23.450673,-46.711819,S
788,2814,sao paulo,SP,-23.457984,-46.707877,S
789,2815,sao paulo,SP,-23.445011,-46.714589,S
790,2816,sao paulo,SP,-23.461328,-46.706463,S
791,2817,sao paulo,SP,-23.46323,-46.702441,S
792,2820,sao paulo,SP,-23.452793,-46.708986,S
793,2829,sao paulo,SP,-23.495057,-46.702601,S
794,2831,sao paulo,SP,-23.478175,-46.691723,S
795,2832,sao paulo,SP,-23.481183,-46.69371,S
796,2833,são paulo,SP,-23.478084,-46.692574,N
797,2834,sao paulo,SP,-23.475399,-46.692834,S
798,2835,sao paulo,SP,-23.47151,-46.694552,S
799,2836,sao paulo,SP,-23.472416,-46.696708,S
800,2837,sao paulo,SP,-23.464255,-46.699461,S
801,2839,sao paulo,SP,-23.477471,-46.68293,S
802,2840,sao paulo,SP,-23.4822,-46.689588,S
803,2841,sao paulo,SP,-23.479916,-46.686522,S
804,2842,sao paulo,SP,-23.47517,-46.687385,S
805,2844,sao paulo,SP,-23.471626,-46.687622,S
806,2845,sao paulo,SP,-23.468167,-46.692417,S
807,2846,sao paulo,SP,-23.462394,-46.697653,S
808,2847,são paulo,SP,-23.464631,-46.69169,N
809,2848,sao paulo,SP,-23.463788,-46.689843,S
810,2849,sao paulo,SP,-23.463954,-46.687345,S
811,2850,sao paulo,SP,-23.466546,-46.67349,S
812,2851,sao paulo,SP,-23.459566,-46.691377,S
813,2853,sao paulo,SP,-23.457413,-46.695051,S
814,2854,sao paulo,SP,-23.456545,-46.697541,S
815,2855,sao paulo,SP,-23.45616,-46.700686,S
816,2856,sao paulo,SP,-23.463976,-46.679753,S
817,2857,sao paulo,SP,-23.613904,-46.737972,S
818,2858,sao paulo,SP,-23.446338,-46.702582,S
819,2859,sao paulo,SP,-23.454384,-46.702439,S
820,2860,sao paulo,SP,-23.460433,-46.686035,S
821,2861,sao paulo,SP,-23.471339,-46.671913,S
822,2862,sao paulo,SP,-23.475022,-46.680186,S
823,2863,sao paulo,SP,-23.47362,-46.674482,S
824,2864,sao paulo,SP,-23.472381,-46.681668,S
825,2865,são paulo,SP,-23.474588,-46.676936,N
826,2866,sao paulo,SP,-23.467682,-46.680877,S
827,2867,sao paulo,SP,-23.4692,-46.683444,S
828,2870,sao paulo,SP,-23.461384,-46.677314,S
829,2871,sao paulo,SP,-23.462807,-46.675367,S
830,2872,sao paulo,SP,-23.462379,-46.671653,S
831,2873,sao paulo,SP,-23.457069,-46.682406,S
832,2874,sao paulo,SP,-23.462565,-46.676425,S
833,2875,são paulo,SP,-23.461557,-46.681936,N
834,2876,sao paulo,SP,-23.459117,-46.692609,S
835,2877,são paulo,SP,-23.459364,-46.68322,N
836,2878,sao paulo,SP,-23.452035,-46.687071,S
837,2879,sao paulo,SP,-23.44893,-46.697732,S
838,2880,sao paulo,SP,-23.466681,-46.672227,S
839,2881,sao paulo,SP,-23.466616,-46.675012,S
840,2882,sao paulo,SP,-23.470619,-46.668089,S
841,2883,sao paulo,SP,-23.446461,-46.701489,S
842,2888,sao paulo,SP,-23.465932,-46.674853,S
843,2908,sao paulo,SP,-23.502014,-46.700194,S
844,2909,sao paulo,SP,-23.507133,-46.69891,S
845,2910,sao paulo,SP,-23.505216,-46.699396,S
846,2911,sao paulo,SP,-23.504012,-46.702069,S
847,2912,sao paulo,SP,-23.505459,-46.708521,S
848,2913,sao paulo,SP,-23.503459,-46.712879,S
849,2914,sao paulo,SP,-23.503236,-46.70955,S
850,2915,sao paulo,SP,-23.498016,-46.707855,S
851,2916,sao paulo,SP,-23.494252,-46.71388,S
852,2917,são paulo,SP,-23.497957,-46.713115,N
853,2918,sao paulo,SP,-23.495855,-46.716852,S
854,2919,sao paulo,SP,-23.499344,-46.714416,S
855,2920,são paulo,SP,-23.490202,-46.721361,N
856,2921,sao paulo,SP,-23.48866,-46.723848,S
857,2924,são paulo,SP,-23.499479,-46.707434,N
858,2925,sao paulo,SP,-23.501947,-46.6985,S
859,2926,sao paulo,SP,-23.499976,-46.701561,S
860,2927,sao paulo,SP,-23.49774,-46.703784,S
861,2928,sao paulo,SP,-23.508862,-46.681127,S
862,2929,sao paulo,SP,-23.492688,-46.706338,S
863,2930,sao paulo,SP,-23.490831,-46.707956,S
864,2931,são paulo,SP,-23.497314,-46.709609,N
865,2932,sao paulo,SP,-23.490835,-46.711438,S
866,2933,sao paulo,SP,-23.492969,-46.712842,S
867,2934,sao paulo,SP,-23.486804,-46.7053,S
868,2935,sao paulo,SP,-23.488932,-46.716661,S
869,2936,sao paulo,SP,-23.485983,-46.717946,S
870,2937,sao paulo,SP,-23.484968,-46.720926,S
871,2938,sao paulo,SP,-23.458835,-46.722111,S
872,2939,sao paulo,SP,-23.483228,-46.72991,S
873,2940,sao paulo,SP,-23.480243,-46.723833,S
874,2941,são paulo,SP,-23.478803,-46.722725,N
875,2942,sao paulo,SP,-23.476088,-46.722588,S
876,2943,sao paulo,SP,-23.476741,-46.724994,S
877,2944,sao paulo,SP,-23.475343,-46.72607,S
878,2945,sao paulo,SP,-23.483695,-46.726679,S
879,2950,sao paulo,SP,-23.4785,-46.71913,S
880,2951,sao paulo,SP,-23.473671,-46.722138,S
881,2952,são paulo,SP,-23.472646,-46.713465,N
882,2955,são paulo,SP,-23.468175,-46.720253,N
883,2956,sao paulo,SP,-23.46866,-46.722541,S
884,2957,sao paulo,SP,-23.466941,-46.722444,S
885,2959,sao paulo,SP,-23.492485,-46.700129,S
886,2960,sao paulo,SP,-23.495214,-46.701091,S
887,2961,sao paulo,SP,-23.492491,-46.699638,S
888,2962,sao paulo,SP,-23.489419,-46.702322,S
889,2963,sao paulo,SP,-23.504869,-46.682602,S
890,2964,sao paulo,SP,-23.485526,-46.705603,S
891,2965,sao paulo,SP,-23.483718,-46.704701,S
892,2966,são paulo,SP,-23.47127,-46.709561,N
893,2967,sao paulo,SP,-23.480985,-46.704216,S
894,2968,sao paulo,SP,-23.479324,-46.707675,S
895,2969,sao paulo,SP,-23.492059,-46.710628,S
896,2970,sao paulo,SP,-23.482819,-46.714932,S
897,2971,sao paulo,SP,-23.484882,-46.708321,S
898,2972,são paulo,SP,-23.481158,-46.710536,N
899,2975,sao paulo,SP,-23.478131,-46.711362,S
900,2976,sao paulo,SP,-23.476142,-46.715789,S
901,2977,sao paulo,SP,-23.470777,-46.714431,S
902,2978,sao paulo,SP,-23.473615,-46.706823,S
903,2979,sao paulo,SP,-23.476023,-46.698078,S
904,2981,sao paulo,SP,-23.46,-46.717247,S
905,2982,sao paulo,SP,-23.454319,-46.715868,S
906,2983,são paulo,SP,-23.452156,-46.718806,N
907,2984,sao paulo,SP,-23.445001,-46.720553,S
908,2985,sao paulo,SP,-23.442008,-46.719367,S
909,2986,sao paulo,SP,-23.433995,-46.714479,S
910,2987,sao paulo,SP,-23.435105,-46.705347,S
911,2988,são paulo,SP,-23.608444,-46.740371,N
912,2989,sao paulo,SP,-23.433762,-46.720958,S
913,2990,sao paulo,SP,-23.4448,-46.727583,S
914,2991,sao paulo,SP,-23.436675,-46.727296,S
915,2992,sao paulo,SP,-23.448821,-46.728764,S
916,2993,sao paulo,SP,-23.453962,-46.731884,S
917,2994,sao paulo,SP,-23.45715,-46.734844,S
918,2995,sao paulo,SP,-23.444272,-46.738989,S
919,2996,sao paulo,SP,-23.441769,-46.739627,S
920,2997,sao paulo,SP,-23.535271,-46.680651,S
921,2998,sao paulo,SP,-23.443498,-46.727757,S
922,3001,sao paulo,SP,-23.541735,-46.61466,S
923,3002,sao paulo,SP,-23.544976,-46.620294,S
924,3003,sao paulo,SP,-23.54544,-46.623707,S
925,3004,sao paulo,SP,-23.543958,-46.621658,S
926,3005,sao paulo,SP,-23.542687,-46.624775,S
927,3006,sao paulo,SP,-23.541812,-46.62455,S
928,3007,sao paulo,SP,-23.541161,-46.626431,S
929,3008,sao paulo,SP,-23.542581,-46.620471,S
930,3009,são paulo,SP,-23.536175,-46.620555,N
931,3010,sao paulo,SP,-23.537002,-46.618612,S
932,3011,sao paulo,SP,-23.538259,-46.615108,S
933,3012,sao paulo,SP,-23.54081,-46.615421,S
934,3013,sao paulo,SP,-23.535316,-46.614313,S
935,3014,sao paulo,SP,-23.538475,-46.602034,S
936,3015,são paulo,SP,-23.537435,-46.595955,N
937,3016,sao paulo,SP,-23.537065,-46.615082,S
938,3017,sao paulo,SP,-23.536603,-46.61094,S
939,3018,sao paulo,SP,-23.532302,-46.611344,S
940,3019,sao paulo,SP,-23.533422,-46.604977,S
941,3020,sao paulo,SP,-23.533317,-46.602104,S
942,3021,sao paulo,SP,-23.531012,-46.60081,S
943,3022,sao paulo,SP,-23.525912,-46.604879,S
944,3023,sao paulo,SP,-23.532338,-46.610805,S
945,3024,sao paulo,SP,-23.530445,-46.609481,S
946,3025,são paulo,SP,-23.535104,-46.609626,N
947,3026,sao paulo,SP,-23.531364,-46.611132,S
948,3027,sao paulo,SP,-23.534185,-46.613681,S
949,3028,sao paulo,SP,-23.527259,-46.611495,S
950,3029,sao paulo,SP,-23.529825,-46.618174,S
951,3030,sao paulo,SP,-23.526762,-46.618379,S
952,3031,sao paulo,SP,-23.531857,-46.620642,S
953,3032,sao paulo,SP,-23.531106,-46.621631,S
954,3033,sao paulo,SP,-23.529559,-46.624166,S
955,3034,sao paulo,SP,-23.52297,-46.617407,S
956,3035,sao paulo,SP,-23.525581,-46.614661,S
957,3036,são paulo,SP,-23.519649,-46.618599,N
958,3040,sao paulo,SP,-23.549924,-46.623031,S
959,3041,sao paulo,SP,-23.549237,-46.619948,S
960,3042,sao paulo,SP,-23.548733,-46.618449,S
961,3043,sao paulo,SP,-23.547254,-46.617123,S
962,3044,sao paulo,SP,-23.551692,-46.620908,S
963,3045,sao paulo,SP,-23.542829,-46.602524,S
964,3046,sao paulo,SP,-23.544342,-46.61562,S
965,3047,sao paulo,SP,-23.542064,-46.605676,S
966,3050,sao paulo,SP,-23.544098,-46.612709,S
967,3051,sao paulo,SP,-23.545387,-46.608414,S
968,3052,sao paulo,SP,-23.540735,-46.607146,S
969,3053,sao paulo,SP,-23.54418,-46.607079,S
970,3054,sao paulo,SP,-23.542313,-46.603755,S
971,3055,sao paulo,SP,-23.540582,-46.59939,S
972,3057,sao paulo,SP,-23.541184,-46.596844,S
973,3058,sao paulo,SP,-23.539078,-46.590603,S
974,3059,sao paulo,SP,-23.540172,-46.591688,S
975,3060,são paulo,SP,-23.538433,-46.586994,N
976,3061,sao paulo,SP,-23.540263,-46.584955,S
977,3062,sao paulo,SP,-23.541084,-46.589429,S
978,3063,sao paulo,SP,-23.532438,-46.56432,S
979,3064,sao paulo,SP,-23.533309,-46.569758,S
980,3065,sao paulo,SP,-23.537371,-46.578948,S
981,3066,sao paulo,SP,-23.537394,-46.576747,S
982,3067,são paulo,SP,-23.53776,-46.573427,N
983,3068,sao paulo,SP,-23.536698,-46.56809,S
984,3069,sao paulo,SP,-23.535419,-46.565391,S
985,3070,sao paulo,SP,-23.538367,-46.569118,S
986,3071,são paulo,SP,-23.534018,-46.56152,N
987,3072,sao paulo,SP,-23.534435,-46.556999,S
988,3073,são paulo,SP,-23.531756,-46.555744,N
989,3074,sao paulo,SP,-23.522231,-46.564649,S
990,3076,sao paulo,SP,-23.537832,-46.582048,S
991,3077,sao paulo,SP,-23.531681,-46.580702,S
992,3080,sao paulo,SP,-23.532906,-46.578498,S
993,3081,sao paulo,SP,-23.531636,-46.575487,S
994,3084,sao paulo,SP,-23.533474,-46.570928,S
995,3085,sao paulo,SP,-23.533075,-46.568533,S
996,3086,sao paulo,SP,-23.530253,-46.567111,S
997,3087,sao paulo,SP,-23.530396,-46.565972,S
998,3088,sao paulo,SP,-23.526901,-46.561864,S
999,3089,sao paulo,SP,-23.531016,-46.561017,S
1000,3090,sao paulo,SP,-23.528424,-46.557854,S
1001,3101,sao paulo,SP,-23.552199,-46.610755,S
1002,3102,são paulo,SP,-23.550323,-46.613668,N
1003,3103,sao paulo,SP,-23.554371,-46.610592,S
1004,3104,sao paulo,SP,-23.554245,-46.61454,S
1005,3105,são paulo,SP,-23.555745,-46.619194,N
1006,3106,sao paulo,SP,-23.556284,-46.616367,S
1007,3107,são paulo,SP,-23.563886,-46.607867,N
1008,3108,são paulo,SP,-23.565439,-46.608726,N
1009,3109,são paulo,SP,-23.575111,-46.597677,N
1010,3110,sao paulo,SP,-23.557606,-46.607196,S
1011,3111,sao paulo,SP,-23.560183,-46.604393,S
1012,3112,sao paulo,SP,-23.556513,-46.602048,S
1013,3113,sao paulo,SP,-23.561457,-46.602354,S
1014,3114,sao paulo,SP,-23.564244,-46.595889,S
1015,3115,sao paulo,SP,-23.564426,-46.594438,S
1016,3116,sao paulo,SP,-23.567453,-46.586961,S
1017,3117,sao paulo,SP,-23.560747,-46.593375,S
1018,3118,sao paulo,SP,-23.561768,-46.594883,S
1019,3119,sao paulo,SP,-23.56352,-46.594418,S
1020,3120,sao paulo,SP,-23.561029,-46.597436,S
1021,3121,sao paulo,SP,-23.56327,-46.599404,S
1022,3122,sao paulo,SP,-23.568188,-46.594754,S
1023,3123,sao paulo,SP,-23.572562,-46.594144,S
1024,3124,são paulo,SP,-23.570997,-46.590967,N
1025,3125,sao paulo,SP,-23.576914,-46.591201,S
1026,3126,sao paulo,SP,-23.580395,-46.591326,S
1027,3127,sao paulo,SP,-23.577893,-46.588161,S
1028,3128,sao paulo,SP,-23.573064,-46.584635,S
1029,3129,sao paulo,SP,-23.578473,-46.582138,S
1030,3130,sao paulo,SP,-23.5801,-46.583641,S
1031,3131,sao paulo,SP,-23.578873,-46.579629,S
1032,3132,sao paulo,SP,-23.582265,-46.582238,S
1033,3133,sao paulo,SP,-23.59624,-46.577609,S
1034,3134,sao paulo,SP,-23.584762,-46.584372,S
1035,3135,são paulo,SP,-23.578896,-46.580911,N
1036,3136,sao paulo,SP,-23.579356,-46.57877,S
1037,3137,sao paulo,SP,-23.580071,-46.576213,S
1038,3138,sao paulo,SP,-23.587419,-46.581435,S
1039,3139,sao paulo,SP,-23.586125,-46.578104,S
1040,3140,sao paulo,SP,-23.586212,-46.576771,S
1041,3141,sao paulo,SP,-23.588457,-46.574552,S
1042,3142,sao paulo,SP,-23.590595,-46.577302,S
1043,3143,sao paulo,SP,-23.59021,-46.577834,S
1044,3144,sao paulo,SP,-23.594504,-46.572246,S
1045,3145,sao paulo,SP,-23.591653,-46.572391,S
1046,3146,sao paulo,SP,-23.593132,-46.576862,S
1047,3147,sao paulo,SP,-23.595121,-46.573347,S
1048,3149,sao paulo,SP,-23.576983,-46.587161,S
1049,3150,sao paulo,SP,-23.585871,-46.587923,S
1050,3151,sao paulo,SP,-23.587284,-46.586237,S
1051,3152,sao paulo,SP,-23.592552,-46.581816,S
1052,3153,sao paulo,SP,-23.596896,-46.580619,S
1053,3154,sao paulo,SP,-23.58292,-46.566749,S
1054,3155,sao paulo,SP,-23.581156,-46.571298,S
1055,3156,sao paulo,SP,-23.580854,-46.568171,S
1056,3157,sao paulo,SP,-23.577152,-46.571301,S
1057,3158,sao paulo,SP,-23.575764,-46.566719,S
1058,3159,sao paulo,SP,-23.578842,-46.569182,S
1059,3160,sao paulo,SP,-23.578738,-46.564667,S
1060,3161,sao paulo,SP,-23.577277,-46.563386,S
1061,3162,sao paulo,SP,-23.551328,-46.603602,S
1062,3163,são paulo,SP,-23.545986,-46.595938,N
1063,3164,sao paulo,SP,-23.548376,-46.609237,S
1064,3165,sao paulo,SP,-23.559997,-46.585973,S
1065,3166,sao paulo,SP,-23.549299,-46.595604,S
1066,3167,sao paulo,SP,-23.555745,-46.594608,S
1067,3168,sao paulo,SP,-23.554398,-46.59569,S
1068,3169,sao paulo,SP,-23.552915,-46.593976,S
1069,3170,sao paulo,SP,-23.550902,-46.592341,S
1070,3171,sao paulo,SP,-23.550703,-46.590435,S
1071,3172,são paulo,SP,-23.552703,-46.585328,N
1072,3173,sao paulo,SP,-23.553293,-46.58427,S
1073,3174,sao paulo,SP,-23.547072,-46.58905,S
1074,3175,sao paulo,SP,-23.549368,-46.584497,S
1075,3176,sao paulo,SP,-23.550008,-46.587861,S
1076,3177,sao paulo,SP,-23.550733,-46.586229,S
1077,3178,sao paulo,SP,-23.55347,-46.58779,S
1078,3179,sao paulo,SP,-23.552919,-46.581431,S
1079,3180,sao paulo,SP,-23.559714,-46.587746,S
1080,3181,sao paulo,SP,-23.558371,-46.582149,S
1081,3182,sao paulo,SP,-23.559438,-46.591428,S
1082,3183,sao paulo,SP,-23.560357,-46.59086,S
1083,3184,sao paulo,SP,-23.564178,-46.586621,S
1084,3185,sao paulo,SP,-23.563384,-46.583035,S
1085,3186,sao paulo,SP,-23.565562,-46.581639,S
1086,3187,sao paulo,SP,-23.561133,-46.578918,S
1087,3188,sao paulo,SP,-23.562632,-46.578345,S
1088,3189,sao paulo,SP,-23.56947,-46.577834,S
1089,3190,sao paulo,SP,-23.564517,-46.57388,S
1090,3191,sao paulo,SP,-23.568801,-46.571739,S
1091,3192,sao paulo,SP,-23.571661,-46.57755,S
1092,3193,sao paulo,SP,-23.574155,-46.576455,S
1093,3194,são paulo,SP,-23.56789,-46.573948,N
1094,3195,sao paulo,SP,-23.570458,-46.582027,S
1095,3201,sao paulo,SP,-23.598686,-46.574003,S
1096,3202,sao paulo,SP,-23.600727,-46.570179,S
1097,3203,sao paulo,SP,-23.593864,-46.573477,S
1098,3204,sao paulo,SP,-23.595499,-46.559727,S
1099,3205,sao paulo,SP,-23.602756,-46.566925,S
1100,3206,sao paulo,SP,-23.598692,-46.562483,S
1101,3207,sao paulo,SP,-23.600664,-46.562642,S
1102,3208,sao paulo,SP,-23.599372,-46.55792,S
1103,3209,sao paulo,SP,-23.601251,-46.558949,S
1104,3210,sao paulo,SP,-23.600627,-46.549531,S
1105,3211,sao paulo,SP,-23.601092,-46.553696,S
1106,3212,sao paulo,SP,-23.604296,-46.560215,S
1107,3213,sao paulo,SP,-23.606361,-46.560948,S
1108,3214,sao paulo,SP,-23.608067,-46.561483,S
1109,3215,sao paulo,SP,-23.607434,-46.556826,S
1110,3216,sao paulo,SP,-23.608479,-46.556195,S
1111,3220,sao paulo,SP,-23.604534,-46.528422,S
1112,3221,sao paulo,SP,-23.596323,-46.540395,S
1113,3222,sao paulo,SP,-23.585278,-46.561094,S
1114,3223,sao paulo,SP,-23.589855,-46.559352,S
1115,3224,são paulo,SP,-23.590467,-46.560989,N
1116,3225,sao paulo,SP,-23.584995,-46.555884,S
1117,3226,sao paulo,SP,-23.591858,-46.567523,S
1118,3227,sao paulo,SP,-23.586366,-46.571079,S
1119,3231,são paulo,SP,-23.650802,-46.658499,N
1120,3236,sao paulo,SP,-23.592368,-46.553386,S
1121,3237,sao paulo,SP,-23.593455,-46.552356,S
1122,3238,sao paulo,SP,-23.594156,-46.549315,S
1123,3239,sao paulo,SP,-23.596464,-46.546662,S
1124,3240,sao paulo,SP,-23.598403,-46.547325,S
1125,3241,sao paulo,SP,-23.600253,-46.546596,S
1126,3242,sao paulo,SP,-23.59774,-46.543758,S
1127,3243,sao paulo,SP,-23.598988,-46.541972,S
1128,3244,são paulo,SP,-23.603833,-46.540862,N
1129,3245,sao paulo,SP,-23.603874,-46.535468,S
1130,3249,sao paulo,SP,-23.599489,-46.533465,S
1131,3250,sao paulo,SP,-23.60583,-46.531785,S
1132,3251,sao paulo,SP,-23.606502,-46.537221,S
1133,3252,sao paulo,SP,-23.609247,-46.542306,S
1134,3253,sao paulo,SP,-23.607111,-46.53119,S
1135,3254,são paulo,SP,-23.609837,-46.5312,N
1136,3255,são paulo,SP,-23.601282,-46.52574,N
1137,3256,sao paulo,SP,-23.609856,-46.529647,S
1138,3257,sao paulo,SP,-23.608277,-46.526715,S
1139,3258,são paulo,SP,-23.610581,-46.526488,N
1140,3259,sao paulo,SP,-23.603561,-46.521754,S
1141,3260,sao paulo,SP,-23.604058,-46.518011,S
1142,3261,sao paulo,SP,-23.586664,-46.551875,S
1143,3262,sao paulo,SP,-23.588404,-46.549918,S
1144,3263,sao paulo,SP,-23.589239,-46.547898,S
1145,3264,sao paulo,SP,-23.591494,-46.54473,S
1146,3265,são paulo,SP,-23.59494,-46.541159,N
1147,3266,sao paulo,SP,-23.598386,-46.5367,S
1148,3267,sao paulo,SP,-23.600908,-46.529253,S
1149,3268,sao paulo,SP,-23.598934,-46.526398,S
1150,3269,sao paulo,SP,-23.599414,-46.524439,S
1151,3270,são paulo,SP,-23.600762,-46.520991,N
1152,3271,são paulo,SP,-23.600607,-46.517846,N
1153,3272,sao paulo,SP,-23.601526,-46.514617,S
1154,3273,sao paulo,SP,-23.577347,-46.559955,S
1155,3274,sao paulo,SP,-23.578496,-46.557254,S
1156,3275,sao paulo,SP,-23.583987,-46.541397,S
1157,3276,sao paulo,SP,-23.578984,-46.547212,S
1158,3277,são paulo,SP,-23.583225,-46.546496,N
1159,3278,sao paulo,SP,-23.582171,-46.544038,S
1160,3279,sao paulo,SP,-23.584873,-46.5414,S
1161,3280,são paulo,SP,-23.583551,-46.537384,N
1162,3281,sao paulo,SP,-23.588266,-46.543075,S
1163,3282,são paulo,SP,-23.588614,-46.543918,N
1164,3283,sao paulo,SP,-23.590318,-46.539289,S
1165,3284,sao paulo,SP,-23.587504,-46.536878,S
1166,3286,sao paulo,SP,-23.590817,-46.535252,S
1167,3287,sao paulo,SP,-23.595498,-46.533106,S
1168,3288,sao paulo,SP,-23.592649,-46.531989,S
1169,3289,sao paulo,SP,-23.595144,-46.529283,S
1170,3294,são paulo,SP,-23.592858,-46.536599,N
1171,3295,sao paulo,SP,-23.588178,-46.544786,S
1172,3301,sao paulo,SP,-23.543302,-46.58283,S
1173,3302,sao paulo,SP,-23.544965,-46.589694,S
1174,3303,sao paulo,SP,-23.545203,-46.587698,S
1175,3304,sao paulo,SP,-23.545148,-46.57813,S
1176,3305,sao paulo,SP,-23.546562,-46.576831,S
1177,3306,sao paulo,SP,-23.544652,-46.575712,S
1178,3307,sao paulo,SP,-23.546724,-46.574058,S
1179,3308,são paulo,SP,-23.541548,-46.571906,N
1180,3309,sao paulo,SP,-23.545552,-46.567414,S
1181,3310,são paulo,SP,-23.543382,-46.566839,N
1182,3311,são paulo,SP,-23.543676,-46.564046,N
1183,3312,sao paulo,SP,-23.548468,-46.558316,S
1184,3313,são paulo,SP,-23.54528,-46.558337,N
1185,3314,sao paulo,SP,-23.54132,-46.566034,S
1186,3315,sao paulo,SP,-23.542214,-46.568463,S
1187,3316,sao paulo,SP,-23.542276,-46.566349,S
1188,3317,sao paulo,SP,-23.541547,-46.560656,S
1189,3318,são paulo,SP,-23.544377,-46.565376,N
1190,3319,sao paulo,SP,-23.544817,-46.5621,S
1191,3320,sao paulo,SP,-23.54653,-46.565338,S
1192,3321,são paulo,SP,-23.547438,-46.564761,N
1193,3322,são paulo,SP,-23.548689,-46.565538,N
1194,3323,sao paulo,SP,-23.545919,-46.572414,S
1195,3324,sao paulo,SP,-23.551172,-46.56582,S
1196,3325,sao paulo,SP,-23.552516,-46.556935,S
1197,3330,sao paulo,SP,-23.545385,-46.585327,S
1198,3331,sao paulo,SP,-23.547582,-46.582952,S
1199,3332,sao paulo,SP,-23.551786,-46.575134,S
1200,3333,sao paulo,SP,-23.556191,-46.569128,S
1201,3334,sao paulo,SP,-23.55366,-46.572283,S
1202,3335,sao paulo,SP,-23.554938,-46.568414,S
1203,3336,sao paulo,SP,-23.55386,-46.563045,S
1204,3337,sao paulo,SP,-23.556208,-46.561861,S
1205,3338,sao paulo,SP,-23.559697,-46.56058,S
1206,3340,sao paulo,SP,-23.570342,-46.551191,S
1207,3342,sao paulo,SP,-23.561233,-46.563762,S
1208,3343,sao paulo,SP,-23.559338,-46.570974,S
1209,3344,sao paulo,SP,-23.560026,-46.57346,S
1210,3345,sao paulo,SP,-23.571577,-46.563661,S
1211,3346,são paulo,SP,-23.560183,-46.571365,N
1212,3347,sao paulo,SP,-23.56269,-46.566741,S
1213,3348,são paulo,SP,-23.566055,-46.562314,N
1214,3349,sao paulo,SP,-23.567264,-46.562876,S
1215,3350,sao paulo,SP,-23.569468,-46.565965,S
1216,3351,sao paulo,SP,-23.572093,-46.564264,S
1217,3355,sao paulo,SP,-23.560444,-46.553422,S
1218,3356,sao paulo,SP,-23.565653,-46.545506,S
1219,3357,sao paulo,SP,-23.565123,-46.555131,S
1220,3358,sao paulo,SP,-23.565689,-46.55038,S
1221,3359,são paulo,SP,-23.566822,-46.548688,N
1222,3360,são paulo,SP,-23.569284,-46.543521,N
1223,3361,sao paulo,SP,-23.573657,-46.529911,S
1224,3362,sao paulo,SP,-23.565053,-46.543031,S
1225,3363,sao paulo,SP,-23.562756,-46.53913,S
1226,3364,sao paulo,SP,-23.565158,-46.537859,S
1227,3365,sao paulo,SP,-23.57002,-46.537172,S
1228,3366,sao paulo,SP,-23.56463,-46.534268,S
1229,3367,sao paulo,SP,-23.569347,-46.53475,S
1230,3370,são paulo,SP,-23.569922,-46.559309,N
1231,3371,sao paulo,SP,-23.568468,-46.552849,S
1232,3372,sao paulo,SP,-23.570557,-46.555853,S
1233,3373,sao paulo,SP,-23.573352,-46.552912,S
1234,3374,sao paulo,SP,-23.588522,-46.531291,S
1235,3375,sao paulo,SP,-23.573997,-46.548755,S
1236,3376,são paulo,SP,-23.57741,-46.542864,N
1237,3377,sao paulo,SP,-23.574888,-46.542734,S
1238,3378,sao paulo,SP,-23.570981,-46.539239,S
1239,3379,sao paulo,SP,-23.575941,-46.537575,S
1240,3380,sao paulo,SP,-23.576068,-46.532567,S
1241,3381,sao paulo,SP,-23.578286,-46.533245,S
1242,3382,são paulo,SP,-23.579998,-46.53128,N
1243,3383,sao paulo,SP,-23.582256,-46.53062,S
1244,3384,sao paulo,SP,-23.578057,-46.522729,S
1245,3385,sao paulo,SP,-23.58284,-46.525354,S
1246,3386,sao paulo,SP,-23.572381,-46.550642,S
1247,3387,sao paulo,SP,-23.585843,-46.529337,S
1248,3388,sao paulo,SP,-23.588134,-46.529729,S
1249,3389,sao paulo,SP,-23.590028,-46.527913,S
1250,3390,sao paulo,SP,-23.592387,-46.52582,S
1251,3401,sao paulo,SP,-23.548776,-46.554709,S
1252,3402,sao paulo,SP,-23.543833,-46.545773,S
1253,3403,sao paulo,SP,-23.545499,-46.542983,S
1254,3404,sao paulo,SP,-23.537753,-46.554097,S
1255,3405,são paulo,SP,-23.538362,-46.54894,N
1256,3406,sao paulo,SP,-23.541205,-46.545598,S
1257,3407,sao paulo,SP,-23.543388,-46.550955,S
1258,3408,sao paulo,SP,-23.547102,-46.553233,S
1259,3409,sao paulo,SP,-23.547186,-46.550706,S
1260,3410,sao paulo,SP,-23.550462,-46.551437,S
1261,3411,são paulo,SP,-23.54782,-46.547561,N
1262,3412,sao paulo,SP,-23.555223,-46.551096,S
1263,3413,sao paulo,SP,-23.554709,-46.547856,S
1264,3414,sao paulo,SP,-23.560612,-46.54868,S
1265,3415,sao paulo,SP,-23.559741,-46.545146,S
1266,3416,sao paulo,SP,-23.560981,-46.549361,S
1267,3417,sao paulo,SP,-23.539899,-46.547407,S
1268,3420,sao paulo,SP,-23.549429,-46.545728,S
1269,3421,sao paulo,SP,-23.551611,-46.545137,S
1270,3422,sao paulo,SP,-23.555684,-46.544124,S
1271,3423,sao paulo,SP,-23.551039,-46.541486,S
1272,3424,sao paulo,SP,-23.552385,-46.540791,S
1273,3425,sao paulo,SP,-23.555545,-46.539855,S
1274,3426,sao paulo,SP,-23.552336,-46.536869,S
1275,3427,sao paulo,SP,-23.552809,-46.536527,S
1276,3428,sao paulo,SP,-23.553468,-46.538489,S
1277,3429,sao paulo,SP,-23.553546,-46.536142,S
1278,3430,sao paulo,SP,-23.54973,-46.537784,S
1279,3431,sao paulo,SP,-23.550472,-46.538846,S
1280,3432,são paulo,SP,-23.558109,-46.536654,N
1281,3433,sao paulo,SP,-23.560139,-46.534186,S
1282,3434,são paulo,SP,-23.559633,-46.532861,N
1283,3435,sao paulo,SP,-23.558581,-46.530877,S
1284,3436,sao paulo,SP,-23.559514,-46.53141,S
1285,3437,sao paulo,SP,-23.558495,-46.529119,S
1286,3438,sao paulo,SP,-23.55869,-46.527199,S
1287,3440,sao paulo,SP,-23.544543,-46.543619,S
1288,3441,sao paulo,SP,-23.546763,-46.536764,S
1289,3442,sao paulo,SP,-23.543788,-46.5399,S
1290,3443,sao paulo,SP,-23.544116,-46.535906,S
1291,3444,sao paulo,SP,-23.545118,-46.534422,S
1292,3445,sao paulo,SP,-23.548768,-46.528726,S
1293,3446,são paulo,SP,-23.550616,-46.529146,N
1294,3447,sao paulo,SP,-23.55339,-46.52529,S
1295,3448,sao paulo,SP,-23.553725,-46.522773,S
1296,3449,são paulo,SP,-23.556052,-46.522617,N
1297,3450,sao paulo,SP,-23.555788,-46.518402,S
1298,3451,são paulo,SP,-23.558644,-46.519258,N
1299,3452,sao paulo,SP,-23.567638,-46.510669,S
1300,3453,sao paulo,SP,-23.564375,-46.51425,S
1301,3454,sao paulo,SP,-23.563185,-46.512483,S
1302,3455,sao paulo,SP,-23.565568,-46.509677,S
1303,3456,são paulo,SP,-23.569447,-46.506511,N
1304,3460,sao paulo,SP,-23.565231,-46.517748,S
1305,3461,sao paulo,SP,-23.569882,-46.525536,S
1306,3462,sao paulo,SP,-23.573845,-46.527727,S
1307,3463,sao paulo,SP,-23.572313,-46.53078,S
1308,3470,sao paulo,SP,-23.569113,-46.522287,S
1309,3471,sao paulo,SP,-23.565096,-46.518565,S
1310,3472,sao paulo,SP,-23.574409,-46.522079,S
1311,3474,são paulo,SP,-23.572526,-46.514837,N
1312,3475,sao paulo,SP,-23.574693,-46.516206,S
1313,3476,sao paulo,SP,-23.572079,-46.511488,S
1314,3477,sao paulo,SP,-23.5685,-46.51181,S
1315,3478,sao paulo,SP,-23.571485,-46.513424,S
1316,3479,sao paulo,SP,-23.575387,-46.508107,S
1317,3480,sao paulo,SP,-23.578172,-46.507307,S
1318,3490,sao paulo,SP,-23.55587,-46.516522,S
1319,3501,sao paulo,SP,-23.533448,-46.540273,S
1320,3502,sao paulo,SP,-23.536528,-46.542383,S
1321,3503,sao paulo,SP,-23.536942,-46.541708,S
1322,3504,sao paulo,SP,-23.537555,-46.538228,S
1323,3505,são paulo,SP,-23.534961,-46.538591,N
1324,3506,são paulo,SP,-23.537473,-46.535706,N
1325,3507,sao paulo,SP,-23.537839,-46.538625,S
1326,3508,sao paulo,SP,-23.53474,-46.532931,S
1327,3509,são paulo,SP,-23.535893,-46.529076,N
1328,3510,sao paulo,SP,-23.538805,-46.5309,S
1329,3511,são paulo,SP,-23.534921,-46.527164,N
1330,3512,sao paulo,SP,-23.53904,-46.526613,S
1331,3513,são paulo,SP,-23.535837,-46.523109,N
1332,3514,sao paulo,SP,-23.533798,-46.517873,S
1333,3515,sao paulo,SP,-23.539763,-46.531529,S
1334,3516,sao paulo,SP,-23.541543,-46.524632,S
1335,3517,sao paulo,SP,-23.543729,-46.528242,S
1336,3518,são paulo,SP,-23.544543,-46.524272,N
1337,3519,sao paulo,SP,-23.546788,-46.523105,S
1338,3520,sao paulo,SP,-23.547067,-46.521644,S
1339,3521,são paulo,SP,-23.547584,-46.518534,N
1340,3522,sao paulo,SP,-23.547909,-46.518918,S
1341,3523,sao paulo,SP,-23.549966,-46.5164,S
1342,3524,são paulo,SP,-23.548515,-46.514235,N
1343,3525,sao paulo,SP,-23.548534,-46.51837,S
1344,3526,sao paulo,SP,-23.55254,-46.501492,S
1345,3527,sao paulo,SP,-23.545122,-46.529347,S
1346,3530,sao paulo,SP,-23.538808,-46.520122,S
1347,3531,sao paulo,SP,-23.541168,-46.518412,S
1348,3532,sao paulo,SP,-23.542032,-46.515866,S
1349,3533,sao paulo,SP,-23.54456,-46.516805,S
1350,3534,sao paulo,SP,-23.545992,-46.509708,S
1351,3535,sao paulo,SP,-23.545201,-46.505818,S
1352,3540,sao paulo,SP,-23.535083,-46.499528,S
1353,3541,sao paulo,SP,-23.534967,-46.518013,S
1354,3542,sao paulo,SP,-23.53104,-46.515833,S
1355,3543,sao paulo,SP,-23.535007,-46.514904,S
1356,3544,sao paulo,SP,-23.531674,-46.511355,S
1357,3545,sao paulo,SP,-23.532638,-46.512241,S
1358,3546,sao paulo,SP,-23.535807,-46.5096,S
1359,3547,sao paulo,SP,-23.538342,-46.512571,S
1360,3548,são paulo,SP,-23.540801,-46.511779,N
1361,3550,sao paulo,SP,-23.531235,-46.506915,S
1362,3551,sao paulo,SP,-23.533204,-46.50342,S
1363,3552,sao paulo,SP,-23.535568,-46.50421,S
1364,3553,sao paulo,SP,-23.534222,-46.506857,S
1365,3554,sao paulo,SP,-23.538049,-46.50652,S
1366,3555,sao paulo,SP,-23.538518,-46.498758,S
1367,3556,sao paulo,SP,-23.539839,-46.500661,S
1368,3557,sao paulo,SP,-23.541518,-46.504907,S
1369,3558,sao paulo,SP,-23.54396,-46.502066,S
1370,3559,sao paulo,SP,-23.546531,-46.502243,S
1371,3560,sao paulo,SP,-23.54761,-46.499776,S
1372,3561,sao paulo,SP,-23.547737,-46.494996,S
1373,3562,sao paulo,SP,-23.544853,-46.496724,S
1374,3563,são paulo,SP,-23.546481,-46.491891,N
1375,3564,sao paulo,SP,-23.535169,-46.497268,S
1376,3565,sao paulo,SP,-23.538624,-46.494479,S
1377,3566,sao paulo,SP,-23.540349,-46.49712,S
1378,3567,sao paulo,SP,-23.539896,-46.489625,S
1379,3568,são paulo,SP,-23.542001,-46.484843,N
1380,3569,sao paulo,SP,-23.54315,-46.490101,S
1381,3570,sao paulo,SP,-23.566232,-46.487293,S
1382,3571,sao paulo,SP,-23.569433,-46.48596,S
1383,3572,sao paulo,SP,-23.574836,-46.496809,S
1384,3573,sao paulo,SP,-23.559131,-46.508841,S
1385,3574,sao paulo,SP,-23.554855,-46.51209,S
1386,3575,sao paulo,SP,-23.556297,-46.507416,S
1387,3576,sao paulo,SP,-23.552465,-46.508179,S
1388,3577,são paulo,SP,-23.553156,-46.50308,N
1389,3578,sao paulo,SP,-23.558428,-46.504827,S
1390,3579,sao paulo,SP,-23.563373,-46.495989,S
1391,3580,sao paulo,SP,-23.553298,-46.499924,S
1392,3581,sao paulo,SP,-23.55581,-46.499638,S
1393,3582,sao paulo,SP,-23.557364,-46.497736,S
1394,3583,sao paulo,SP,-23.558042,-46.494189,S
1395,3584,sao paulo,SP,-23.560277,-46.486643,S
1396,3585,são paulo,SP,-23.56577,-46.491786,N
1397,3586,sao paulo,SP,-23.556221,-46.489039,S
1398,3587,sao paulo,SP,-23.55615,-46.487419,S
1399,3588,são paulo,SP,-23.558251,-46.487092,N
1400,3589,sao paulo,SP,-23.551669,-46.486509,S
1401,3590,sao paulo,SP,-23.546553,-46.483407,S
1402,3591,sao paulo,SP,-23.550471,-46.480171,S
1403,3601,sao paulo,SP,-23.514559,-46.521089,S
1404,3602,são paulo,SP,-23.532238,-46.572264,N
1405,3603,sao paulo,SP,-23.524205,-46.550075,S
1406,3604,são paulo,SP,-23.523717,-46.550621,N
1407,3605,sao paulo,SP,-23.521457,-46.549809,S
1408,3606,sao paulo,SP,-23.522569,-46.547561,S
1409,3607,sao paulo,SP,-23.519808,-46.542022,S
1410,3608,sao paulo,SP,-23.516779,-46.543146,S
1411,3609,sao paulo,SP,-23.516032,-46.541807,S
1412,3610,sao paulo,SP,-23.519955,-46.539601,S
1413,3611,sao paulo,SP,-23.519558,-46.537683,S
1414,3612,sao paulo,SP,-23.5175,-46.535743,S
1415,3613,são paulo,SP,-23.519193,-46.533632,N
1416,3614,sao paulo,SP,-23.517663,-46.531698,S
1417,3615,são paulo,SP,-23.51829,-46.529938,N
1418,3616,sao paulo,SP,-23.51802,-46.527697,S
1419,3617,sao paulo,SP,-23.518089,-46.525504,S
1420,3618,são paulo,SP,-23.516009,-46.521952,N
1421,3619,sao paulo,SP,-23.513234,-46.514758,S
1422,3620,sao paulo,SP,-23.519956,-46.524205,S
1423,3621,sao paulo,SP,-23.519894,-46.52214,S
1424,3622,sao paulo,SP,-23.520452,-46.519046,S
1425,3623,são paulo,SP,-23.518707,-46.516312,N
1426,3624,sao paulo,SP,-23.51491,-46.515127,S
1427,3625,sao paulo,SP,-23.515937,-46.511792,S
1428,3626,sao paulo,SP,-23.513178,-46.50963,S
1429,3627,sao paulo,SP,-23.511756,-46.505778,S
1430,3630,sao paulo,SP,-23.532661,-46.550008,S
1431,3631,sao paulo,SP,-23.530492,-46.551009,S
1432,3632,sao paulo,SP,-23.527982,-46.54978,S
1433,3633,sao paulo,SP,-23.529579,-46.545951,S
1434,3634,sao paulo,SP,-23.525123,-46.547107,S
1435,3635,são paulo,SP,-23.51731,-46.519781,N
1436,3636,sao paulo,SP,-23.522341,-46.528667,S
1437,3637,sao paulo,SP,-23.525042,-46.543525,S
1438,3638,sao paulo,SP,-23.528238,-46.54153,S
1439,3639,sao paulo,SP,-23.525854,-46.540282,S
1440,3640,sao paulo,SP,-23.531181,-46.541375,S
1441,3641,sao paulo,SP,-23.523897,-46.544993,S
1442,3642,sao paulo,SP,-23.526404,-46.53564,S
1443,3643,sao paulo,SP,-23.527858,-46.534243,S
1444,3644,sao paulo,SP,-23.526009,-46.533443,S
1445,3645,sao paulo,SP,-23.525055,-46.531766,S
1446,3646,sao paulo,SP,-23.525471,-46.529615,S
1447,3647,sao paulo,SP,-23.525958,-46.527635,S
1448,3648,sao paulo,SP,-23.524866,-46.527276,S
1449,3649,sao paulo,SP,-23.527429,-46.523882,S
1450,3650,sao paulo,SP,-23.527198,-46.523136,S
1451,3651,são paulo,SP,-23.526738,-46.51986,N
1452,3652,sao paulo,SP,-23.514491,-46.505838,S
1453,3653,sao paulo,SP,-23.517646,-46.510699,S
1454,3654,sao paulo,SP,-23.525219,-46.517029,S
1455,3655,sao paulo,SP,-23.525429,-46.513806,S
1456,3656,sao paulo,SP,-23.525607,-46.50982,S
1457,3657,sao paulo,SP,-23.527633,-46.504004,S
1458,3658,sao paulo,SP,-23.52814,-46.500664,S
1459,3659,são paulo,SP,-23.52154,-46.511399,N
1460,3660,sao paulo,SP,-23.522252,-46.507181,S
1461,3661,sao paulo,SP,-23.52407,-46.502528,S
1462,3662,sao paulo,SP,-23.522729,-46.500033,S
1463,3663,sao paulo,SP,-23.524688,-46.500576,S
1464,3664,sao paulo,SP,-23.525443,-46.49842,S
1465,3665,sao paulo,SP,-23.526801,-46.496791,S
1466,3666,sao paulo,SP,-23.52867,-46.495665,S
1467,3667,sao paulo,SP,-23.531307,-46.494795,S
1468,3668,sao paulo,SP,-23.533503,-46.48969,S
1469,3669,são paulo,SP,-23.531658,-46.491384,N
1470,3670,sao paulo,SP,-23.517198,-46.506632,S
1471,3671,sao paulo,SP,-23.51735,-46.503149,S
1472,3672,sao paulo,SP,-23.516187,-46.502694,S
1473,3673,sao paulo,SP,-23.514768,-46.502508,S
1474,3674,sao paulo,SP,-23.518582,-46.499656,S
1475,3675,sao paulo,SP,-23.51917,-46.497312,S
1476,3676,sao paulo,SP,-23.518296,-46.493451,S
1477,3677,sao paulo,SP,-23.524874,-46.506075,S
1478,3678,sao paulo,SP,-23.517495,-46.489876,S
1479,3679,sao paulo,SP,-23.519665,-46.489122,S
1480,3680,são paulo,SP,-23.523513,-46.489321,N
1481,3681,sao paulo,SP,-23.522285,-46.48658,S
1482,3682,sao paulo,SP,-23.519434,-46.482424,S
1483,3683,sao paulo,SP,-23.52192,-46.482302,S
1484,3685,sao paulo,SP,-23.524145,-46.478403,S
1485,3687,sao paulo,SP,-23.526482,-46.486395,S
1486,3688,sao paulo,SP,-23.527952,-46.484053,S
1487,3689,sao paulo,SP,-23.529496,-46.481597,S
1488,3690,sao paulo,SP,-23.52846,-46.478316,S
1489,3691,sao paulo,SP,-23.534131,-46.483453,S
1490,3692,sao paulo,SP,-23.533316,-46.480264,S
1491,3693,sao paulo,SP,-23.531786,-46.476681,S
1492,3694,sao paulo,SP,-23.532071,-46.476333,S
1493,3695,sao paulo,SP,-23.524674,-46.495391,S
1494,3701,sao paulo,SP,-23.513497,-46.550245,S
1495,3702,sao paulo,SP,-23.515978,-46.547372,S
1496,3703,sao paulo,SP,-23.513814,-46.550604,S
1497,3704,sao paulo,SP,-23.512506,-46.552879,S
1498,3707,sao paulo,SP,-23.507358,-46.544179,S
1499,3710,sao paulo,SP,-23.511878,-46.548887,S
1500,3711,são paulo,SP,-23.507553,-46.529116,N
1501,3712,sao paulo,SP,-23.507719,-46.529063,S
1502,3713,sao paulo,SP,-23.510684,-46.54593,S
1503,3714,sao paulo,SP,-23.507719,-46.540518,S
1504,3715,sao paulo,SP,-23.506539,-46.537596,S
1505,3716,sao paulo,SP,-23.504749,-46.533692,S
1506,3717,são paulo,SP,-23.510693,-46.527828,N
1507,3718,sao paulo,SP,-23.498505,-46.529253,S
1508,3720,sao paulo,SP,-23.502692,-46.529798,S
1509,3721,sao paulo,SP,-23.502804,-46.524302,S
1510,3725,sao paulo,SP,-23.499938,-46.518587,S
1511,3726,sao paulo,SP,-23.500875,-46.516118,S
1512,3727,são paulo,SP,-23.502571,-46.513056,N
1513,3728,sao paulo,SP,-23.501323,-46.509613,S
1514,3729,sao paulo,SP,-23.500968,-46.505022,S
1515,3730,sao paulo,SP,-23.533917,-46.561955,S
1516,3731,são paulo,SP,-23.51086,-46.53676,N
1517,3732,sao paulo,SP,-23.511164,-46.533304,S
1518,3733,sao paulo,SP,-23.510016,-46.528862,S
1519,3734,sao paulo,SP,-23.509935,-46.525157,S
1520,3735,sao paulo,SP,-23.509643,-46.521172,S
1521,3736,sao paulo,SP,-23.508166,-46.516401,S
1522,3737,sao paulo,SP,-23.508943,-46.51231,S
1523,3738,sao paulo,SP,-23.507527,-46.507456,S
1524,3739,sao paulo,SP,-23.51405,-46.546638,S
1525,3755,sao paulo,SP,-23.511376,-46.502762,S
1526,3756,sao paulo,SP,-23.506552,-46.503713,S
1527,3757,sao paulo,SP,-23.507485,-46.497339,S
1528,3758,sao paulo,SP,-23.504306,-46.499668,S
1529,3759,sao paulo,SP,-23.502635,-46.493177,S
1530,3801,sao paulo,SP,-23.502848,-46.490029,S
1531,3802,sao paulo,SP,-23.502447,-46.485605,S
1532,3803,sao paulo,SP,-23.495559,-46.487359,S
1533,3804,sao paulo,SP,-23.499143,-46.483299,S
1534,3805,sao paulo,SP,-23.504466,-46.480923,S
1535,3806,sao paulo,SP,-23.497519,-46.477606,S
1536,3807,sao paulo,SP,-23.499569,-46.472977,S
1537,3808,sao paulo,SP,-23.493978,-46.474824,S
1538,3809,sao paulo,SP,-23.490664,-46.476311,S
1539,3810,são paulo,SP,-23.490462,-46.472417,N
1540,3811,sao paulo,SP,-23.491042,-46.48255,S
1541,3812,sao paulo,SP,-23.489931,-46.476204,S
1542,3813,sao paulo,SP,-23.488234,-46.469989,S
1543,3814,sao paulo,SP,-23.489106,-46.4849,S
1544,3816,sao paulo,SP,-23.489715,-46.489292,S
1545,3817,sao paulo,SP,-23.492561,-46.492673,S
1546,3818,sao paulo,SP,-23.497448,-46.494141,S
1547,3819,sao paulo,SP,-23.49927,-46.49731,S
1548,3820,sao paulo,SP,-23.495863,-46.503085,S
1549,3821,sao paulo,SP,-23.494509,-46.503343,S
1550,3822,sao paulo,SP,-23.49814,-46.495728,S
1551,3823,sao paulo,SP,-23.497999,-46.485827,S
1552,3827,são paulo,SP,-23.48385,-46.481819,N
1553,3828,sao paulo,SP,-23.481649,-46.493346,S
1554,3831,são paulo,SP,-23.587052,-46.580321,N
1555,3840,são paulo,SP,-23.601538,-46.461675,N
1556,3870,sao paulo,SP,-23.507901,-46.48782,S
1557,3871,sao paulo,SP,-23.508135,-46.492159,S
1558,3872,sao paulo,SP,-23.51246,-46.500821,S
1559,3873,sao paulo,SP,-23.510396,-46.495955,S
1560,3874,sao paulo,SP,-23.512457,-46.495503,S
1561,3875,sao paulo,SP,-23.513481,-46.496039,S
1562,3876,sao paulo,SP,-23.511202,-46.494263,S
1563,3877,são paulo,SP,-23.511616,-46.491508,N
1564,3878,sao paulo,SP,-23.510486,-46.493772,S
1565,3880,sao paulo,SP,-23.508321,-46.485455,S
1566,3881,sao paulo,SP,-23.509988,-46.48843,S
1567,3882,sao paulo,SP,-23.511462,-46.485147,S
1568,3883,sao paulo,SP,-23.508867,-46.482184,S
1569,3884,sao paulo,SP,-23.512207,-46.48109,S
1570,3886,sao paulo,SP,-23.509589,-46.480813,S
1571,3887,sao paulo,SP,-23.510958,-46.478436,S
1572,3888,sao paulo,SP,-23.508605,-46.479273,S
1573,3889,sao paulo,SP,-23.512858,-46.476986,S
1574,3890,sao paulo,SP,-23.515769,-46.488215,S
1575,3891,são paulo,SP,-23.513101,-46.489297,N
1576,3892,são paulo,SP,-23.513592,-46.486695,N
1577,3893,sao paulo,SP,-23.51476,-46.484028,S
1578,3894,são paulo,SP,-23.515459,-46.481822,N
1579,3895,sao paulo,SP,-23.515618,-46.47928,S
1580,3896,sao paulo,SP,-23.513909,-46.479677,S
1581,3901,sao paulo,SP,-23.57823,-46.512956,S
1582,3904,sao paulo,SP,-23.578208,-46.518503,S
1583,3905,sao paulo,SP,-23.579824,-46.514892,S
1584,3906,sao paulo,SP,-23.581189,-46.511358,S
1585,3907,sao paulo,SP,-23.587359,-46.507885,S
1586,3908,sao paulo,SP,-23.582519,-46.507194,S
1587,3909,sao paulo,SP,-23.58479,-46.511276,S
1588,3910,sao paulo,SP,-23.584881,-46.515588,S
1589,3911,sao paulo,SP,-23.582024,-46.519289,S
1590,3912,sao paulo,SP,-23.582587,-46.522296,S
1591,3916,sao paulo,SP,-23.588438,-46.511441,S
1592,3917,sao paulo,SP,-23.586383,-46.521093,S
1593,3918,sao paulo,SP,-23.592108,-46.519779,S
1594,3919,sao paulo,SP,-23.593189,-46.523525,S
1595,3920,sao paulo,SP,-23.59773,-46.526524,S
1596,3921,sao paulo,SP,-23.58938,-46.516604,S
1597,3922,são paulo,SP,-23.595062,-46.516278,N
1598,3923,são paulo,SP,-23.591954,-46.511002,N
1599,3924,sao paulo,SP,-23.591298,-46.50534,S
1600,3925,sao paulo,SP,-23.605995,-46.534923,S
1601,3926,são paulo,SP,-23.599212,-46.501722,N
1602,3927,sao paulo,SP,-23.602854,-46.498705,S
1603,3928,sao paulo,SP,-23.605597,-46.502152,S
1604,3929,sao paulo,SP,-23.605514,-46.490301,S
1605,3930,sao paulo,SP,-23.580635,-46.497651,S
1606,3931,sao paulo,SP,-23.581563,-46.494803,S
1607,3932,são paulo,SP,-23.582634,-46.501036,N
1608,3933,sao paulo,SP,-23.584937,-46.498673,S
1609,3934,sao paulo,SP,-23.590023,-46.502128,S
1610,3935,sao paulo,SP,-23.58794,-46.503307,S
1611,3936,sao paulo,SP,-23.590286,-46.496458,S
1612,3937,sao paulo,SP,-23.586003,-46.499638,S
1613,3938,sao paulo,SP,-23.595346,-46.50399,S
1614,3939,sao paulo,SP,-23.594398,-46.503101,S
1615,3940,sao paulo,SP,-23.592764,-46.500064,S
1616,3941,sao paulo,SP,-23.595819,-46.498482,S
1617,3942,são paulo,SP,-23.594392,-46.497112,N
1618,3943,sao paulo,SP,-23.597796,-46.494534,S
1619,3944,são paulo,SP,-23.602016,-46.493755,N
1620,3945,são paulo,SP,-23.597763,-46.490763,N
1621,3946,sao paulo,SP,-23.596524,-46.490286,S
1622,3947,sao paulo,SP,-23.590807,-46.493232,S
1623,3948,são paulo,SP,-23.590872,-46.491844,N
1624,3949,sao paulo,SP,-23.599746,-46.48425,S
1625,3950,sao paulo,SP,-23.594221,-46.479964,S
1626,3951,sao paulo,SP,-23.58655,-46.488694,S
1627,3952,sao paulo,SP,-23.58962,-46.483053,S
1628,3953,sao paulo,SP,-23.593413,-46.482217,S
1629,3958,sao paulo,SP,-23.596317,-46.485537,S
1630,3959,sao paulo,SP,-23.596717,-46.483739,S
1631,3960,sao paulo,SP,-23.596807,-46.482134,S
1632,3961,sao paulo,SP,-23.601829,-46.48435,S
1633,3962,sao paulo,SP,-23.605674,-46.481513,S
1634,3963,sao paulo,SP,-23.609526,-46.480164,S
1635,3964,sao paulo,SP,-23.604237,-46.47557,S
1636,3965,sao paulo,SP,-23.601876,-46.477047,S
1637,3966,sao paulo,SP,-23.597938,-46.477398,S
1638,3967,sao paulo,SP,-23.602705,-46.473958,S
1639,3968,sao paulo,SP,-23.602704,-46.472483,S
1640,3969,sao paulo,SP,-23.608178,-46.489758,S
1641,3970,são paulo,SP,-23.614088,-46.479402,N
1642,3971,sao paulo,SP,-23.605616,-46.489213,S
1643,3972,sao paulo,SP,-23.616037,-46.481798,S
1644,3973,são paulo,SP,-23.620158,-46.481176,N
1645,3974,sao paulo,SP,-23.616479,-46.484347,S
1646,3975,sao paulo,SP,-23.607337,-46.5133,S
1647,3976,sao paulo,SP,-23.612068,-46.497582,S
1648,3977,sao paulo,SP,-23.61604,-46.497963,S
1649,3978,sao paulo,SP,-23.62102,-46.504545,S
1650,3979,são paulo,SP,-23.617215,-46.508594,N
1651,3980,sao paulo,SP,-23.616136,-46.512777,S
1652,3981,são paulo,SP,-23.613443,-46.516475,N
1653,3982,sao paulo,SP,-23.611538,-46.512546,S
1654,3983,sao paulo,SP,-23.609829,-46.508252,S
1655,3984,sao paulo,SP,-23.606923,-46.512386,S
1656,3985,são paulo,SP,-23.606196,-46.516798,N
1657,3986,sao paulo,SP,-23.608815,-46.521592,S
1658,3987,sao paulo,SP,-23.603271,-46.511034,S
1659,3988,sao paulo,SP,-23.60187,-46.514123,S
1660,3989,sao paulo,SP,-23.612331,-46.483918,S
1661,4001,sao paulo,SP,-23.572939,-46.651115,S
1662,4002,sao paulo,SP,-23.57145,-46.647981,S
1663,4003,são paulo,SP,-23.573611,-46.646955,N
1664,4004,são paulo,SP,-23.573757,-46.64628,N
1665,4005,sao paulo,SP,-23.576274,-46.64871,S
1666,4006,são paulo,SP,-23.577032,-46.647022,N
1667,4007,são paulo,SP,-23.579236,-46.65383,N
1668,4008,sao paulo,SP,-23.580632,-46.651872,S
1669,4009,sao paulo,SP,-23.589119,-46.636314,S
1670,4010,sao paulo,SP,-23.584932,-46.637492,S
1671,4011,sao paulo,SP,-23.579517,-46.644081,S
1672,4012,sao paulo,SP,-23.582952,-46.646558,S
1673,4013,sao paulo,SP,-23.578315,-46.642494,S
1674,4014,sao paulo,SP,-23.584449,-46.643303,S
1675,4015,sao paulo,SP,-23.586521,-46.643774,S
1676,4016,sao paulo,SP,-23.58821,-46.643628,S
1677,4017,sao paulo,SP,-23.588151,-46.637982,S
1678,4018,sao paulo,SP,-23.586831,-46.641788,S
1679,4019,sao paulo,SP,-23.590285,-46.645865,S
1680,4020,sao paulo,SP,-23.593431,-46.639189,S
1681,4021,sao paulo,SP,-23.593185,-46.643159,S
1682,4022,sao paulo,SP,-23.594135,-46.645761,S
1683,4023,sao paulo,SP,-23.592896,-46.642191,S
1684,4024,sao paulo,SP,-23.600389,-46.644506,S
1685,4025,são paulo,SP,-23.598361,-46.646437,N
1686,4026,sao paulo,SP,-23.599173,-46.648029,S
1687,4027,são paulo,SP,-23.600064,-46.652861,N
1688,4028,sao paulo,SP,-23.604874,-46.663514,S
1689,4029,sao paulo,SP,-23.60132,-46.659938,S
1690,4030,sao paulo,SP,-23.593007,-46.655914,S
1691,4031,sao paulo,SP,-23.594168,-46.658661,S
1692,4032,sao paulo,SP,-23.595481,-46.659158,S
1693,4035,sao paulo,SP,-23.595126,-46.636579,S
1694,4036,sao paulo,SP,-23.597195,-46.636666,S
1695,4037,sao paulo,SP,-23.595608,-46.643272,S
1696,4038,sao paulo,SP,-23.596974,-46.644492,S
1697,4039,sao paulo,SP,-23.597794,-46.643923,S
1698,4040,sao paulo,SP,-23.599583,-46.637838,S
1699,4041,sao paulo,SP,-23.601427,-46.644834,S
1700,4042,sao paulo,SP,-23.602736,-46.643957,S
1701,4043,sao paulo,SP,-23.606117,-46.64295,S
1702,4044,sao paulo,SP,-23.600609,-46.639784,S
1703,4045,sao paulo,SP,-23.618666,-46.639583,S
1704,4046,sao paulo,SP,-23.61836,-46.64028,S
1705,4047,sao paulo,SP,-23.609663,-46.642679,S
1706,4048,sao paulo,SP,-23.702794,-46.636466,S
1707,4049,sao paulo,SP,-23.606544,-46.639628,S
1708,4050,sao paulo,SP,-23.606302,-46.644866,S
1709,4051,sao paulo,SP,-23.608252,-46.643846,S
1710,4052,sao paulo,SP,-23.610744,-46.640219,S
1711,4053,sao paulo,SP,-23.614317,-46.64311,S
1712,4054,sao paulo,SP,-23.6163,-46.642176,S
1713,4055,sao paulo,SP,-23.619125,-46.641316,S
1714,4057,sao paulo,SP,-23.609121,-46.646934,S
1715,4058,sao paulo,SP,-23.610279,-46.648223,S
1716,4059,sao paulo,SP,-23.616096,-46.645216,S
1717,4060,sao paulo,SP,-23.610947,-46.648957,S
1718,4061,sao paulo,SP,-23.615375,-46.648281,S
1719,4062,sao paulo,SP,-23.619821,-46.647724,S
1720,4063,sao paulo,SP,-23.613448,-46.650357,S
1721,4064,são paulo,SP,-23.618766,-46.649402,N
1722,4065,sao paulo,SP,-23.62201,-46.649149,S
1723,4066,sao paulo,SP,-23.613798,-46.651636,S
1724,4067,sao paulo,SP,-23.615111,-46.652103,S
1725,4068,sao paulo,SP,-23.620703,-46.647534,S
1726,4069,sao paulo,SP,-23.623336,-46.643041,S
1727,4070,sao paulo,SP,-23.627332,-46.646077,S
1728,4071,sao paulo,SP,-23.624412,-46.652328,S
1729,4072,sao paulo,SP,-23.624096,-46.652432,S
1730,4074,sao paulo,SP,-23.608549,-46.654617,S
1731,4075,sao paulo,SP,-23.602799,-46.658024,S
1732,4076,sao paulo,SP,-23.606542,-46.657014,S
1733,4077,sao paulo,SP,-23.607424,-46.65758,S
1734,4078,sao paulo,SP,-23.606184,-46.659312,S
1735,4079,sao paulo,SP,-23.608612,-46.658744,S
1736,4080,são paulo,SP,-23.608527,-46.661201,N
1737,4081,sao paulo,SP,-23.609973,-46.66219,S
1738,4082,sao paulo,SP,-23.612774,-46.660415,S
1739,4083,são paulo,SP,-23.61292,-46.662028,N
1740,4084,sao paulo,SP,-23.614872,-46.661281,S
1741,4085,são paulo,SP,-23.614792,-46.662486,N
1742,4086,sao paulo,SP,-23.61064,-46.660278,S
1743,4087,sao paulo,SP,-23.60943,-46.660502,S
1744,4088,são paulo,SP,-23.605906,-46.661277,N
1745,4089,sao paulo,SP,-23.607277,-46.661093,S
1746,4090,sao paulo,SP,-23.609001,-46.661189,S
1747,4094,sao paulo,SP,-23.586364,-46.654479,S
1748,4097,sao paulo,SP,-23.581229,-46.658398,S
1749,4101,sao paulo,SP,-23.585607,-46.633795,S
1750,4102,sao paulo,SP,-23.589847,-46.632614,S
1751,4103,sao paulo,SP,-23.57475,-46.636914,S
1752,4104,sao paulo,SP,-23.576089,-46.638731,S
1753,4105,sao paulo,SP,-23.577752,-46.636591,S
1754,4106,sao paulo,SP,-23.581451,-46.635029,S
1755,4107,sao paulo,SP,-23.579957,-46.634203,S
1756,4108,sao paulo,SP,-23.578331,-46.630308,S
1757,4109,sao paulo,SP,-23.576129,-46.631777,S
1758,4110,sao paulo,SP,-23.584694,-46.633586,S
1759,4111,sao paulo,SP,-23.586393,-46.632292,S
1760,4112,sao paulo,SP,-23.585185,-46.628952,S
1761,4113,sao paulo,SP,-23.585118,-46.625754,S
1762,4114,sao paulo,SP,-23.586309,-46.623817,S
1763,4115,são paulo,SP,-23.589822,-46.624472,N
1764,4116,sao paulo,SP,-23.592511,-46.625493,S
1765,4117,sao paulo,SP,-23.589378,-46.630397,S
1766,4118,sao paulo,SP,-23.594991,-46.628618,S
1767,4119,sao paulo,SP,-23.596804,-46.634622,S
1768,4120,sao paulo,SP,-23.595676,-46.63111,S
1769,4121,sao paulo,SP,-23.59966,-46.625288,S
1770,4122,sao paulo,SP,-23.602705,-46.621768,S
1771,4123,sao paulo,SP,-23.610422,-46.626594,S
1772,4124,sao paulo,SP,-23.597528,-46.619585,S
1773,4125,sao paulo,SP,-23.600562,-46.619094,S
1774,4126,sao paulo,SP,-23.598579,-46.630801,S
1775,4127,são paulo,SP,-23.60164,-46.629956,N
1776,4128,sao paulo,SP,-23.602127,-46.632926,S
1777,4129,sao paulo,SP,-23.602943,-46.622983,S
1778,4130,sao paulo,SP,-23.604972,-46.620006,S
1779,4131,são paulo,SP,-23.606344,-46.617937,N
1780,4132,sao paulo,SP,-23.616598,-46.618485,S
1781,4133,sao paulo,SP,-23.621738,-46.618384,S
1782,4134,sao paulo,SP,-23.606822,-46.622656,S
1783,4135,sao paulo,SP,-23.609283,-46.628495,S
1784,4136,sao paulo,SP,-23.610553,-46.625433,S
1785,4137,sao paulo,SP,-23.609272,-46.618554,S
1786,4138,sao paulo,SP,-23.610874,-46.634451,S
1787,4139,sao paulo,SP,-23.605851,-46.634107,S
1788,4140,sao paulo,SP,-23.60642,-46.631239,S
1789,4141,sao paulo,SP,-23.610057,-46.633258,S
1790,4142,sao paulo,SP,-23.611893,-46.630609,S
1791,4143,sao paulo,SP,-23.615027,-46.634985,S
1792,4144,sao paulo,SP,-23.61912,-46.638893,S
1793,4145,sao paulo,SP,-23.616569,-46.632461,S
1794,4146,sao paulo,SP,-23.617056,-46.629056,S
1795,4147,sao paulo,SP,-23.620411,-46.630647,S
1796,4148,sao paulo,SP,-23.614617,-46.622765,S
1797,4149,sao paulo,SP,-23.616754,-46.622686,S
1798,4150,sao paulo,SP,-23.620572,-46.622312,S
1799,4151,são paulo,SP,-23.62133,-46.625309,N
1800,4152,sao paulo,SP,-23.624632,-46.624521,S
1801,4153,são paulo,SP,-23.626977,-46.62443,N
1802,4154,sao paulo,SP,-23.628442,-46.622024,S
1803,4155,sao paulo,SP,-23.632644,-46.626157,S
1804,4156,sao paulo,SP,-23.631766,-46.623134,S
1805,4157,sao paulo,SP,-23.63185,-46.618943,S
1806,4158,sao paulo,SP,-23.623569,-46.61831,S
1807,4159,sao paulo,SP,-23.622861,-46.611422,S
1808,4160,sao paulo,SP,-23.625475,-46.612,S
1809,4161,sao paulo,SP,-23.629843,-46.615623,S
1810,4162,sao paulo,SP,-23.626884,-46.606667,S
1811,4163,sao paulo,SP,-23.629844,-46.613221,S
1812,4164,sao paulo,SP,-23.627534,-46.608291,S
1813,4165,são paulo,SP,-23.626225,-46.606201,N
1814,4166,sao paulo,SP,-23.642668,-46.606664,S
1815,4167,sao paulo,SP,-23.633746,-46.614357,S
1816,4168,sao paulo,SP,-23.634167,-46.612298,S
1817,4169,sao paulo,SP,-23.653163,-46.614998,S
1818,4170,sao paulo,SP,-23.634956,-46.612937,S
1819,4171,sao paulo,SP,-23.636875,-46.612902,S
1820,4173,sao paulo,SP,-23.638227,-46.610196,S
1821,4174,sao paulo,SP,-23.633806,-46.607419,S
1822,4176,sao paulo,SP,-23.635144,-46.603611,S
1823,4177,sao paulo,SP,-23.642227,-46.607757,S
1824,4180,sao paulo,SP,-23.635005,-46.599116,S
1825,4181,sao paulo,SP,-23.638459,-46.599904,S
1826,4182,sao paulo,SP,-23.6417,-46.598731,S
1827,4183,sao paulo,SP,-23.642999,-46.596736,S
1828,4184,sao paulo,SP,-23.648809,-46.599831,S
1829,4185,sao paulo,SP,-23.647413,-46.592542,S
1830,4186,sao paulo,SP,-23.647057,-46.594442,S
1831,4187,sao paulo,SP,-23.648546,-46.59487,S
1832,4190,sao paulo,SP,-23.651573,-46.602682,S
1833,4191,sao paulo,SP,-23.645731,-46.604293,S
1834,4193,sao paulo,SP,-23.648893,-46.608495,S
1835,4194,sao paulo,SP,-23.653723,-46.610378,S
1836,4195,sao paulo,SP,-23.657242,-46.612831,S
1837,4201,sao paulo,SP,-23.574801,-46.60589,S
1838,4202,sao paulo,SP,-23.577617,-46.604995,S
1839,4203,sao paulo,SP,-23.590627,-46.606612,S
1840,4204,são paulo,SP,-23.58553,-46.607293,N
1841,4205,sao paulo,SP,-23.580893,-46.605898,S
1842,4206,sao paulo,SP,-23.584678,-46.604376,S
1843,4207,sao paulo,SP,-23.587344,-46.603243,S
1844,4208,sao paulo,SP,-23.592776,-46.601191,S
1845,4209,sao paulo,SP,-23.586165,-46.601135,S
1846,4210,sao paulo,SP,-23.585241,-46.604155,S
1847,4211,sao paulo,SP,-23.592339,-46.606517,S
1848,4212,sao paulo,SP,-23.59046,-46.604999,S
1849,4213,sao paulo,SP,-23.592504,-46.602403,S
1850,4214,sao paulo,SP,-23.594589,-46.599398,S
1851,4215,sao paulo,SP,-23.595641,-46.601156,S
1852,4216,sao paulo,SP,-23.596692,-46.600517,S
1853,4217,sao paulo,SP,-23.599232,-46.59764,S
1854,4218,sao paulo,SP,-23.606145,-46.601495,S
1855,4220,sao paulo,SP,-23.597135,-46.587266,S
1856,4221,sao paulo,SP,-23.594096,-46.594656,S
1857,4222,são paulo,SP,-23.598519,-46.588976,N
1858,4223,sao paulo,SP,-23.599274,-46.590017,S
1859,4224,sao paulo,SP,-23.597293,-46.594155,S
1860,4225,sao paulo,SP,-23.602433,-46.589762,S
1861,4229,sao paulo,SP,-23.606297,-46.592983,S
1862,4230,sao paulo,SP,-23.605459,-46.592006,S
1863,4231,sao paulo,SP,-23.60609,-46.595975,S
1864,4232,sao paulo,SP,-23.613329,-46.59493,S
1865,4233,sao paulo,SP,-23.549844,-46.557911,S
1866,4235,sao paulo,SP,-23.61302,-46.591795,S
1867,4236,sao paulo,SP,-23.607163,-46.588789,S
1868,4239,sao paulo,SP,-23.623294,-46.583019,S
1869,4240,sao paulo,SP,-23.620221,-46.585523,S
1870,4241,sao paulo,SP,-23.6231,-46.588478,S
1871,4242,são paulo,SP,-23.62634,-46.588689,N
1872,4243,sao paulo,SP,-23.625807,-46.586376,S
1873,4244,sao paulo,SP,-23.629088,-46.587592,S
1874,4246,sao paulo,SP,-23.621932,-46.598714,S
1875,4247,sao paulo,SP,-23.621447,-46.598408,S
1876,4248,sao paulo,SP,-23.612734,-46.598134,S
1877,4249,sao paulo,SP,-23.616349,-46.598888,S
1878,4250,sao paulo,SP,-23.620422,-46.598866,S
1879,4251,sao paulo,SP,-23.62577,-46.597036,S
1880,4252,sao paulo,SP,-23.613604,-46.598007,S
1881,4253,sao paulo,SP,-23.617067,-46.596529,S
1882,4254,sao paulo,SP,-23.618627,-46.594263,S
1883,4255,sao paulo,SP,-23.623601,-46.593153,S
1884,4256,sao paulo,SP,-23.629571,-46.591507,S
1885,4257,sao paulo,SP,-23.633454,-46.590406,S
1886,4258,sao paulo,SP,-23.634781,-46.58849,S
1887,4260,são paulo,SP,-23.583139,-46.614933,N
1888,4261,sao paulo,SP,-23.582735,-46.612062,S
1889,4262,sao paulo,SP,-23.598885,-46.60965,S
1890,4263,sao paulo,SP,-23.584597,-46.610538,S
1891,4264,sao paulo,SP,-23.584879,-46.614069,S
1892,4265,sao paulo,SP,-23.587354,-46.615258,S
1893,4266,sao paulo,SP,-23.590094,-46.609902,S
1894,4267,sao paulo,SP,-23.598833,-46.609852,S
1895,4268,sao paulo,SP,-23.595138,-46.608573,S
1896,4269,sao paulo,SP,-23.598351,-46.612455,S
1897,4270,sao paulo,SP,-23.591459,-46.613946,S
1898,4271,sao paulo,SP,-23.589305,-46.616961,S
1899,4272,sao paulo,SP,-23.605379,-46.613879,S
1900,4273,sao paulo,SP,-23.607473,-46.611699,S
1901,4274,são paulo,SP,-23.591154,-46.617146,N
1902,4275,sao paulo,SP,-23.593839,-46.616459,S
1903,4276,sao paulo,SP,-23.601317,-46.614006,S
1904,4277,sao paulo,SP,-23.60131,-46.612152,S
1905,4278,sao paulo,SP,-23.601856,-46.60891,S
1906,4279,sao paulo,SP,-23.600729,-46.605383,S
1907,4280,sao paulo,SP,-23.605351,-46.606963,S
1908,4281,sao paulo,SP,-23.606213,-46.609172,S
1909,4282,sao paulo,SP,-23.607576,-46.61104,S
1910,4283,sao paulo,SP,-23.609331,-46.604428,S
1911,4284,sao paulo,SP,-23.607882,-46.601941,S
1912,4285,sao paulo,SP,-23.61318,-46.603112,S
1913,4286,sao paulo,SP,-23.613248,-46.603333,S
1914,4287,sao paulo,SP,-23.607604,-46.60585,S
1915,4288,sao paulo,SP,-23.610566,-46.612378,S
1916,4289,sao paulo,SP,-23.608115,-46.615628,S
1917,4290,sao paulo,SP,-23.613636,-46.611713,S
1918,4291,sao paulo,SP,-23.617287,-46.612955,S
1919,4292,sao paulo,SP,-23.617069,-46.611717,S
1920,4293,sao paulo,SP,-23.62139,-46.615974,S
1921,4294,sao paulo,SP,-23.620634,-46.606374,S
1922,4295,são paulo,SP,-23.621979,-46.604668,N
1923,4296,sao paulo,SP,-23.621198,-46.603947,S
1924,4297,sao paulo,SP,-23.628066,-46.602302,S
1925,4298,sao paulo,SP,-23.627235,-46.600278,S
1926,4301,sao paulo,SP,-23.624776,-46.633522,S
1927,4302,sao paulo,SP,-23.621975,-46.63679,S
1928,4303,sao paulo,SP,-23.624098,-46.637519,S
1929,4304,sao paulo,SP,-23.627064,-46.636652,S
1930,4305,sao paulo,SP,-23.628529,-46.635469,S
1931,4306,são paulo,SP,-23.631248,-46.636676,N
1932,4307,sao paulo,SP,-23.623679,-46.63685,S
1933,4308,sao paulo,SP,-23.644693,-46.639567,S
1934,4309,sao paulo,SP,-23.642554,-46.641089,S
1935,4310,sao paulo,SP,-23.632468,-46.640411,S
1936,4311,sao paulo,SP,-23.633211,-46.638277,S
1937,4312,sao paulo,SP,-23.632431,-46.630919,S
1938,4313,sao paulo,SP,-23.637283,-46.638005,S
1939,4314,sao paulo,SP,-23.635786,-46.635516,S
1940,4315,são paulo,SP,-23.635735,-46.628671,N
1941,4316,sao paulo,SP,-23.639216,-46.63527,S
1942,4317,sao paulo,SP,-23.641747,-46.632826,S
1943,4318,sao paulo,SP,-23.644844,-46.636546,S
1944,4319,sao paulo,SP,-23.647404,-46.63657,S
1945,4320,sao paulo,SP,-23.648829,-46.636258,S
1946,4321,sao paulo,SP,-23.64726,-46.643893,S
1947,4323,sao paulo,SP,-23.653741,-46.639444,S
1948,4324,sao paulo,SP,-23.654389,-46.637111,S
1949,4325,sao paulo,SP,-23.662747,-46.636477,S
1950,4326,sao paulo,SP,-23.657437,-46.635367,S
1951,4327,sao paulo,SP,-23.66301,-46.632922,S
1952,4328,sao paulo,SP,-23.664666,-46.635895,S
1953,4330,sao paulo,SP,-23.655958,-46.646817,S
1954,4331,são paulo,SP,-23.657746,-46.649098,N
1955,4332,sao paulo,SP,-23.659125,-46.649073,S
1956,4333,sao paulo,SP,-23.66112,-46.644605,S
1957,4334,sao paulo,SP,-23.657264,-46.638803,S
1958,4335,sao paulo,SP,-23.663454,-46.639799,S
1959,4336,sao paulo,SP,-23.665304,-46.644479,S
1960,4337,sao paulo,SP,-23.664938,-46.647167,S
1961,4338,sao paulo,SP,-23.669817,-46.646083,S
1962,4339,sao paulo,SP,-23.667456,-46.641045,S
1963,4340,são paulo,SP,-23.667851,-46.640434,N
1964,4342,sao paulo,SP,-23.635209,-46.650583,S
1965,4343,sao paulo,SP,-23.635476,-46.645933,S
1966,4344,sao paulo,SP,-23.637051,-46.648942,S
1967,4345,sao paulo,SP,-23.640298,-46.643527,S
1968,4346,sao paulo,SP,-23.640561,-46.653067,S
1969,4347,sao paulo,SP,-23.642587,-46.647974,S
1970,4348,sao paulo,SP,-23.645023,-46.650244,S
1971,4349,sao paulo,SP,-23.648721,-46.646756,S
1972,4350,sao paulo,SP,-23.644926,-46.65283,S
1973,4351,sao paulo,SP,-23.645562,-46.654283,S
1974,4355,sao paulo,SP,-23.633747,-46.657753,S
1975,4356,são paulo,SP,-23.636701,-46.659432,N
1976,4357,sao paulo,SP,-23.636036,-46.654716,S
1977,4358,são paulo,SP,-23.639705,-46.656886,N
1978,4359,são paulo,SP,-23.639955,-46.654503,N
1979,4360,sao paulo,SP,-23.640036,-46.663285,S
1980,4361,sao paulo,SP,-23.643527,-46.662809,S
1981,4362,sao paulo,SP,-23.645348,-46.668963,S
1982,4363,sao paulo,SP,-23.646505,-46.666226,S
1983,4364,sao paulo,SP,-23.650228,-46.670813,S
1984,4365,sao paulo,SP,-23.671616,-46.648624,S
1985,4366,sao paulo,SP,-23.673566,-46.646878,S
1986,4367,sao paulo,SP,-23.651458,-46.667265,S
1987,4368,sao paulo,SP,-23.654442,-46.666228,S
1988,4369,sao paulo,SP,-23.654904,-46.663146,S
1989,4370,sao paulo,SP,-23.649038,-46.661562,S
1990,4371,sao paulo,SP,-23.648347,-46.658396,S
1991,4372,sao paulo,SP,-23.648544,-46.657158,S
1992,4373,sao paulo,SP,-23.652263,-46.657533,S
1993,4374,sao paulo,SP,-23.651937,-46.656416,S
1994,4375,sao paulo,SP,-23.654543,-46.657215,S
1995,4376,sao paulo,SP,-23.653325,-46.655941,S
1996,4377,sao paulo,SP,-23.653942,-46.651818,S
1997,4378,sao paulo,SP,-23.649632,-46.660665,S
1998,4379,são paulo,SP,-23.656726,-46.656498,N
1999,4381,sao paulo,SP,-23.655458,-46.666104,S
2000,4382,sao paulo,SP,-23.658066,-46.663743,S
2001,4383,sao paulo,SP,-23.658693,-46.660494,S
2002,4384,são paulo,SP,-23.660329,-46.659865,N
2003,4385,são paulo,SP,-23.664765,-46.657096,N
2004,4386,sao paulo,SP,-23.663567,-46.655174,S
2005,4387,sao paulo,SP,-23.663013,-46.651035,S
2006,4401,sao paulo,SP,-23.66693,-46.66491,S
2007,4402,sao paulo,SP,-23.666892,-46.662762,S
2008,4403,sao paulo,SP,-23.670544,-46.661056,S
2009,4404,sao paulo,SP,-23.669064,-46.65824,S
2010,4405,sao paulo,SP,-23.673455,-46.656463,S
2011,4406,sao paulo,SP,-23.670554,-46.654197,S
2012,4407,sao paulo,SP,-23.671255,-46.651306,S
2013,4408,são paulo,SP,-23.673696,-46.650573,N
2014,4409,são paulo,SP,-23.676438,-46.651333,N
2015,4410,são paulo,SP,-23.680239,-46.64864,N
2016,4411,sao paulo,SP,-23.678028,-46.644395,S
2017,4412,são paulo,SP,-23.675059,-46.64554,N
2018,4413,sao paulo,SP,-23.67058,-46.638093,S
2019,4414,são paulo,SP,-23.668078,-46.63864,N
2020,4415,sao paulo,SP,-23.673949,-46.636752,S
2021,4416,sao paulo,SP,-23.676961,-46.638488,S
2022,4417,sao paulo,SP,-23.679802,-46.634136,S
2023,4419,sao paulo,SP,-23.682465,-46.641066,S
2024,4421,sao paulo,SP,-23.690228,-46.639532,S
2025,4423,sao paulo,SP,-23.686187,-46.63444,S
2026,4424,sao paulo,SP,-23.687366,-46.640449,S
2027,4425,sao paulo,SP,-23.681332,-46.643907,S
2028,4426,são paulo,SP,-23.681604,-46.644786,N
2029,4427,são paulo,SP,-23.680525,-46.652852,N
2030,4428,sao paulo,SP,-23.680464,-46.654924,S
2031,4429,sao paulo,SP,-23.679204,-46.661415,S
2032,4430,sao paulo,SP,-23.681047,-46.643157,S
2033,4431,sao paulo,SP,-23.688213,-46.655184,S
2034,4432,sao paulo,SP,-23.682795,-46.660963,S
2035,4433,sao paulo,SP,-23.681405,-46.656887,S
2036,4434,sao paulo,SP,-23.683138,-46.666799,S
2037,4436,sao paulo,SP,-23.671007,-46.672578,S
2038,4437,sao paulo,SP,-23.670449,-46.675885,S
2039,4438,sao paulo,SP,-23.67657,-46.669897,S
2040,4439,sao paulo,SP,-23.679582,-46.667983,S
2041,4444,sao paulo,SP,-23.688812,-46.687963,S
2042,4445,sao paulo,SP,-23.6832,-46.685266,S
2043,4446,sao paulo,SP,-23.686972,-46.684268,S
2044,4447,sao paulo,SP,-23.68935,-46.679059,S
2045,4448,sao paulo,SP,-23.750898,-46.704576,S
2046,4455,sao paulo,SP,-23.680396,-46.679227,S
2047,4456,sao paulo,SP,-23.685733,-46.677965,S
2048,4457,sao paulo,SP,-23.689745,-46.675586,S
2049,4458,sao paulo,SP,-23.688312,-46.672903,S
2050,4459,sao paulo,SP,-23.692987,-46.672214,S
2051,4460,sao paulo,SP,-23.691651,-46.674246,S
2052,4461,sao paulo,SP,-23.691183,-46.679584,S
2053,4462,sao paulo,SP,-23.694526,-46.665537,S
2054,4463,sao paulo,SP,-23.695165,-46.662042,S
2055,4464,são paulo,SP,-23.697327,-46.657883,N
2056,4466,sao paulo,SP,-23.684479,-46.646806,S
2057,4467,são paulo,SP,-23.686372,-46.64836,N
2058,4468,sao paulo,SP,-23.691428,-46.664505,S
2059,4469,sao paulo,SP,-23.692612,-46.66813,S
2060,4470,sao paulo,SP,-23.71224,-46.654292,S
2061,4472,sao paulo,SP,-23.646235,-46.58474,S
2062,4473,sao paulo,SP,-23.701776,-46.651258,S
2063,4474,são paulo,SP,-23.687551,-46.637115,N
2064,4475,sao paulo,SP,-23.700999,-46.634987,S
2065,4476,sao paulo,SP,-23.70723,-46.624928,S
2066,4477,sao paulo,SP,-23.716838,-46.638846,S
2067,4479,sao paulo,SP,-23.660234,-46.72039,S
2068,4501,sao paulo,SP,-23.589041,-46.663045,S
2069,4502,sao paulo,SP,-23.584825,-46.663292,S
2070,4503,sao paulo,SP,-23.583518,-46.666972,S
2071,4504,sao paulo,SP,-23.584718,-46.665673,S
2072,4505,sao paulo,SP,-23.594641,-46.673018,S
2073,4506,sao paulo,SP,-23.593221,-46.672733,S
2074,4507,sao paulo,SP,-23.587188,-46.668106,S
2075,4508,sao paulo,SP,-23.589413,-46.669424,S
2076,4509,sao paulo,SP,-23.591275,-46.670431,S
2077,4510,sao paulo,SP,-23.593615,-46.670167,S
2078,4511,sao paulo,SP,-23.595858,-46.668889,S
2079,4512,sao paulo,SP,-23.597265,-46.668254,S
2080,4513,sao paulo,SP,-23.596983,-46.67053,S
2081,4514,sao paulo,SP,-23.600789,-46.671378,S
2082,4515,sao paulo,SP,-23.601619,-46.666157,S
2083,4516,são paulo,SP,-23.604744,-46.669289,N
2084,4517,sao paulo,SP,-23.605967,-46.673409,S
2085,4518,são paulo,SP,-23.609084,-46.674199,N
2086,4520,sao paulo,SP,-23.601191,-46.667509,S
2087,4521,sao paulo,SP,-23.686692,-46.664858,S
2088,4522,sao paulo,SP,-23.598228,-46.662411,S
2089,4523,sao paulo,SP,-23.603726,-46.666842,S
2090,4524,sao paulo,SP,-23.605116,-46.665709,S
2091,4530,sao paulo,SP,-23.581664,-46.673091,S
2092,4531,sao paulo,SP,-23.581696,-46.677053,S
2093,4532,sao paulo,SP,-23.583745,-46.674718,S
2094,4533,são paulo,SP,-23.584344,-46.678375,N
2095,4534,sao paulo,SP,-23.584221,-46.674053,S
2096,4535,sao paulo,SP,-23.590008,-46.675556,S
2097,4536,sao paulo,SP,-23.582023,-46.680628,S
2098,4537,sao paulo,SP,-23.593128,-46.676761,S
2099,4538,sao paulo,SP,-23.589279,-46.681385,S
2100,4542,sao paulo,SP,-23.587251,-46.679196,S
2101,4543,são paulo,SP,-23.589488,-46.681001,N
2102,4544,sao paulo,SP,-23.591583,-46.6776,S
2103,4545,sao paulo,SP,-23.595927,-46.67559,S
2104,4546,são paulo,SP,-23.597927,-46.67992,N
2105,4547,sao paulo,SP,-23.597787,-46.683971,S
2106,4548,sao paulo,SP,-23.599544,-46.682768,S
2107,4549,sao paulo,SP,-23.601966,-46.677392,S
2108,4550,sao paulo,SP,-23.601974,-46.679917,S
2109,4551,sao paulo,SP,-23.594702,-46.687299,S
2110,4552,sao paulo,SP,-23.593407,-46.685721,S
2111,4553,sao paulo,SP,-23.601972,-46.683672,S
2112,4555,sao paulo,SP,-23.613936,-46.678969,S
2113,4556,sao paulo,SP,-23.613279,-46.67866,S
2114,4557,sao paulo,SP,-23.602982,-46.683338,S
2115,4558,sao paulo,SP,-23.602196,-46.686347,S
2116,4559,são paulo,SP,-23.614644,-46.681405,N
2117,4560,sao paulo,SP,-23.611756,-46.681713,S
2118,4561,sao paulo,SP,-23.608537,-46.685657,S
2119,4562,sao paulo,SP,-23.610257,-46.687102,S
2120,4563,sao paulo,SP,-23.610942,-46.686594,S
2121,4564,sao paulo,SP,-23.613024,-46.684823,S
2122,4565,sao paulo,SP,-23.611093,-46.689601,S
2123,4566,sao paulo,SP,-23.613776,-46.686171,S
2124,4567,sao paulo,SP,-23.613258,-46.689954,S
2125,4568,são paulo,SP,-23.612039,-46.68798,N
2126,4569,sao paulo,SP,-23.606815,-46.689216,S
2127,4570,sao paulo,SP,-23.60189,-46.689582,S
2128,4571,são paulo,SP,-23.60478,-46.693559,N
2129,4575,sao paulo,SP,-23.608423,-46.694387,S
2130,4576,sao paulo,SP,-23.615724,-46.689034,S
2131,4578,sao paulo,SP,-23.607634,-46.697252,S
2132,4580,sao paulo,SP,-23.619946,-46.685052,S
2133,4581,sao paulo,SP,-23.619729,-46.683361,S
2134,4582,sao paulo,SP,-23.61987,-46.6893,S
2135,4583,sao paulo,SP,-23.6186,-46.696707,S
2136,4601,sao paulo,SP,-23.619668,-46.681717,S
2137,4602,sao paulo,SP,-23.622333,-46.681448,S
2138,4603,são paulo,SP,-23.622061,-46.680218,N
2139,4604,sao paulo,SP,-23.622698,-46.680075,S
2140,4605,sao paulo,SP,-23.619647,-46.675722,S
2141,4606,sao paulo,SP,-23.620771,-46.675169,S
2142,4607,sao paulo,SP,-23.62111,-46.674121,S
2143,4608,são paulo,SP,-23.624125,-46.674361,N
2144,4609,são paulo,SP,-23.622679,-46.673762,N
2145,4610,são paulo,SP,-23.624829,-46.67235,N
2146,4611,sao paulo,SP,-23.624662,-46.671453,S
2147,4612,sao paulo,SP,-23.622259,-46.663556,S
2148,4613,sao paulo,SP,-23.618896,-46.667654,S
2149,4614,sao paulo,SP,-23.617025,-46.672239,S
2150,4615,sao paulo,SP,-23.623102,-46.667495,S
2151,4616,sao paulo,SP,-23.619661,-46.673266,S
2152,4617,sao paulo,SP,-23.623192,-46.669903,S
2153,4618,sao paulo,SP,-23.620876,-46.675907,S
2154,4619,sao paulo,SP,-23.623509,-46.675808,S
2155,4620,sao paulo,SP,-23.626803,-46.674935,S
2156,4621,sao paulo,SP,-23.627045,-46.680416,S
2157,4622,são paulo,SP,-23.629181,-46.680405,N
2158,4623,sao paulo,SP,-23.63625,-46.674963,S
2159,4624,sao paulo,SP,-23.628087,-46.66909,S
2160,4625,sao paulo,SP,-23.628269,-46.665957,S
2161,4626,sao paulo,SP,-23.634735,-46.66897,S
2162,4627,são paulo,SP,-23.634667,-46.671034,N
2163,4630,são paulo,SP,-23.632606,-46.663006,N
2164,4631,sao paulo,SP,-23.631736,-46.664098,S
2165,4632,sao paulo,SP,-23.632329,-46.666168,S
2166,4633,sao paulo,SP,-23.634122,-46.665022,S
2167,4634,sao paulo,SP,-23.638585,-46.667548,S
2168,4635,sao paulo,SP,-23.641015,-46.670527,S
2169,4636,sao paulo,SP,-23.637837,-46.677581,S
2170,4637,sao paulo,SP,-23.631196,-46.681389,S
2171,4638,sao paulo,SP,-23.631999,-46.685143,S
2172,4639,sao paulo,SP,-23.636191,-46.685297,S
2173,4640,sao paulo,SP,-23.631844,-46.681653,S
2174,4641,sao paulo,SP,-23.635575,-46.685184,S
2175,4642,sao paulo,SP,-23.641283,-46.687142,S
2176,4643,sao paulo,SP,-23.645909,-46.683783,S
2177,4644,sao paulo,SP,-23.639147,-46.6722,S
2178,4645,sao paulo,SP,-23.646572,-46.679036,S
2179,4646,sao paulo,SP,-23.642526,-46.675999,S
2180,4647,sao paulo,SP,-23.647706,-46.677209,S
2181,4648,sao paulo,SP,-23.650063,-46.67413,S
2182,4649,sao paulo,SP,-23.642357,-46.657333,S
2183,4650,sao paulo,SP,-23.657851,-46.676925,S
2184,4651,sao paulo,SP,-23.658295,-46.670924,S
2185,4652,são paulo,SP,-23.662669,-46.668048,N
2186,4653,sao paulo,SP,-23.66388,-46.674738,S
2187,4654,sao paulo,SP,-23.660403,-46.676481,S
2188,4655,sao paulo,SP,-23.663472,-46.672025,S
2189,4657,sao paulo,SP,-23.667975,-46.673774,S
2190,4658,são paulo,SP,-23.667958,-46.6673,N
2191,4660,sao paulo,SP,-23.665059,-46.679519,S
2192,4661,sao paulo,SP,-23.674317,-46.68421,S
2193,4662,são paulo,SP,-23.655068,-46.692028,N
2194,4663,sao paulo,SP,-23.653238,-46.68352,S
2195,4664,sao paulo,SP,-23.656823,-46.683269,S
2196,4671,sao paulo,SP,-23.658809,-46.691835,S
2197,4672,sao paulo,SP,-23.660951,-46.69919,S
2198,4673,sao paulo,SP,-23.663997,-46.694792,S
2199,4674,sao paulo,SP,-23.663855,-46.685792,S
2200,4675,sao paulo,SP,-23.664978,-46.69093,S
2201,4676,sao paulo,SP,-23.661955,-46.678836,S
2202,4677,sao paulo,SP,-23.667693,-46.682386,S
2203,4678,sao paulo,SP,-23.667724,-46.680294,S
2204,4679,sao paulo,SP,-23.674279,-46.681907,S
2205,4685,sao paulo,SP,-23.663211,-46.693516,S
2206,4686,sao paulo,SP,-23.665409,-46.690771,S
2207,4688,sao paulo,SP,-23.666314,-46.691653,S
2208,4689,sao paulo,SP,-23.670246,-46.691113,S
2209,4690,sao paulo,SP,-23.673314,-46.692875,S
2210,4691,sao paulo,SP,-23.674648,-46.690183,S
2211,4692,sao paulo,SP,-23.674558,-46.686782,S
2212,4693,sao paulo,SP,-23.679657,-46.691414,S
2213,4696,sao paulo,SP,-23.669414,-46.702463,S
2214,4701,são paulo,SP,-23.637794,-46.696401,N
2215,4702,sao paulo,SP,-23.633979,-46.693637,S
2216,4703,sao paulo,SP,-23.620928,-46.691233,S
2217,4704,sao paulo,SP,-23.623508,-46.688288,S
2218,4705,sao paulo,SP,-23.621531,-46.695188,S
2219,4707,sao paulo,SP,-23.624989,-46.693373,S
2220,4708,sao paulo,SP,-23.629408,-46.69213,S
2221,4709,sao paulo,SP,-23.629485,-46.69568,S
2222,4710,sao paulo,SP,-23.627754,-46.69572,S
2223,4711,sao paulo,SP,-23.627289,-46.700949,S
2224,4713,sao paulo,SP,-23.629653,-46.701704,S
2225,4714,sao paulo,SP,-23.631835,-46.700326,S
2226,4715,sao paulo,SP,-23.631981,-46.701351,S
2227,4716,são paulo,SP,-23.631872,-46.703808,N
2228,4717,são paulo,SP,-23.631432,-46.705424,N
2229,4718,sao paulo,SP,-23.632145,-46.703772,S
2230,4719,são paulo,SP,-23.632941,-46.706958,N
2231,4720,sao paulo,SP,-23.636251,-46.703092,S
2232,4721,sao paulo,SP,-23.640939,-46.700382,S
2233,4722,são paulo,SP,-23.64073,-46.703875,N
2234,4723,sao paulo,SP,-23.645313,-46.713243,S
2235,4724,sao paulo,SP,-23.64537,-46.712203,S
2236,4725,sao paulo,SP,-23.643593,-46.705012,S
2237,4726,sao paulo,SP,-23.636027,-46.713003,S
2238,4727,sao paulo,SP,-23.642438,-46.714069,S
2239,4728,sao paulo,SP,-23.639408,-46.7145,S
2240,4729,sao paulo,SP,-23.637677,-46.717262,S
2241,4730,sao paulo,SP,-23.641979,-46.720266,S
2242,4733,são paulo,SP,-23.63553,-46.694031,N
2243,4734,sao paulo,SP,-23.642558,-46.698294,S
2244,4735,são paulo,SP,-23.642694,-46.69739,N
2245,4736,sao paulo,SP,-23.642918,-46.69666,S
2246,4737,sao paulo,SP,-23.64444,-46.695653,S
2247,4738,sao paulo,SP,-23.64231,-46.695383,S
2248,4739,sao paulo,SP,-23.645607,-46.698849,S
2249,4740,sao paulo,SP,-23.646598,-46.692985,S
2250,4741,sao paulo,SP,-23.649415,-46.700698,S
2251,4742,sao paulo,SP,-23.650937,-46.700906,S
2252,4743,são paulo,SP,-23.653252,-46.703619,N
2253,4744,são paulo,SP,-23.656612,-46.706728,N
2254,4745,sao paulo,SP,-23.656528,-46.705436,S
2255,4746,sao paulo,SP,-23.658872,-46.707932,S
2256,4747,sao paulo,SP,-23.656718,-46.697809,S
2257,4748,sao paulo,SP,-23.64975,-46.689485,S
2258,4750,sao paulo,SP,-23.64709,-46.704821,S
2259,4751,sao paulo,SP,-23.651805,-46.707494,S
2260,4752,sao paulo,SP,-23.653256,-46.711835,S
2261,4753,sao paulo,SP,-23.65435,-46.713789,S
2262,4754,sao paulo,SP,-23.652282,-46.715482,S
2263,4755,sao paulo,SP,-23.647185,-46.713839,S
2264,4756,sao paulo,SP,-23.646984,-46.718722,S
2265,4757,sao paulo,SP,-23.651084,-46.719626,S
2266,4760,são paulo,SP,-23.663622,-46.715201,N
2267,4761,sao paulo,SP,-23.662843,-46.718027,S
2268,4762,sao paulo,SP,-23.665196,-46.719549,S
2269,4763,são paulo,SP,-23.669585,-46.718573,N
2270,4764,sao paulo,SP,-23.672392,-46.714652,S
2271,4765,sao paulo,SP,-23.673255,-46.7114,S
2272,4766,sao paulo,SP,-23.671866,-46.709436,S
2273,4767,sao paulo,SP,-23.677586,-46.706508,S
2274,4768,sao paulo,SP,-23.672731,-46.711933,S
2275,4770,sao paulo,SP,-23.680992,-46.71542,S
2276,4771,sao paulo,SP,-23.681587,-46.712074,S
2277,4772,são paulo,SP,-23.68779,-46.714956,N
2278,4773,sao paulo,SP,-23.682247,-46.708986,S
2279,4774,sao paulo,SP,-23.68443,-46.707004,S
2280,4775,sao paulo,SP,-23.685422,-46.700394,S
2281,4776,sao paulo,SP,-23.687008,-46.702403,S
2282,4777,sao paulo,SP,-23.695491,-46.69823,S
2283,4778,sao paulo,SP,-23.632234,-46.705647,S
2284,4779,sao paulo,SP,-23.660234,-46.72039,S
2285,4781,sao paulo,SP,-23.686303,-46.704513,S
2286,4782,sao paulo,SP,-23.691013,-46.70381,S
2287,4783,sao paulo,SP,-23.694701,-46.704343,S
2288,4784,sao paulo,SP,-23.683138,-46.707591,S
2289,4785,sao paulo,SP,-23.693469,-46.711285,S
2290,4786,sao paulo,SP,-23.702324,-46.704994,S
2291,4787,sao paulo,SP,-23.697433,-46.710121,S
2292,4788,sao paulo,SP,-23.703585,-46.710284,S
2293,4789,sao paulo,SP,-23.70669,-46.708386,S
2294,4792,sao paulo,SP,-23.701682,-46.703805,S
2295,4794,sao paulo,SP,-23.620116,-46.699787,S
2296,4795,sao paulo,SP,-23.663024,-46.710884,S
2297,4801,são paulo,SP,-23.713713,-46.699244,N
2298,4802,sao paulo,SP,-23.709666,-46.705864,S
2299,4803,são paulo,SP,-23.716133,-46.709638,N
2300,4805,sao paulo,SP,-23.715016,-46.703489,S
2301,4806,sao paulo,SP,-23.711778,-46.702729,S
2302,4807,sao paulo,SP,-23.713844,-46.698589,S
2303,4808,são paulo,SP,-23.714104,-46.704604,N
2304,4809,sao paulo,SP,-23.716916,-46.694693,S
2305,4810,sao paulo,SP,-23.711358,-46.697948,S
2306,4811,sao paulo,SP,-23.710419,-46.693254,S
2307,4812,sao paulo,SP,-23.71319,-46.687407,S
2308,4813,sao paulo,SP,-23.720326,-46.687005,S
2309,4814,sao paulo,SP,-23.72548,-46.678527,S
2310,4815,sao paulo,SP,-23.703808,-46.691298,S
2311,4816,sao paulo,SP,-23.705157,-46.686325,S
2312,4820,sao paulo,SP,-23.736277,-46.687071,S
2313,4821,sao paulo,SP,-23.725767,-46.687431,S
2314,4822,sao paulo,SP,-23.733266,-46.690354,S
2315,4823,sao paulo,SP,-23.724481,-46.69525,S
2316,4824,sao paulo,SP,-23.730084,-46.695082,S
2317,4826,sao paulo,SP,-23.72329,-46.710189,S
2318,4827,são paulo,SP,-23.721615,-46.701783,N
2319,4828,são paulo,SP,-23.725655,-46.704452,N
2320,4829,sao paulo,SP,-23.730142,-46.709509,S
2321,4830,sao paulo,SP,-23.731774,-46.701265,S
2322,4831,sao paulo,SP,-23.734514,-46.713647,S
2323,4832,sao paulo,SP,-23.73477,-46.715606,S
2324,4833,sao paulo,SP,-23.743498,-46.706329,S
2325,4835,sao paulo,SP,-23.737635,-46.704812,S
2326,4836,são paulo,SP,-23.743821,-46.710215,N
2327,4837,sao paulo,SP,-23.742899,-46.704415,S
2328,4840,são paulo,SP,-23.755408,-46.682983,N
2329,4841,sao paulo,SP,-23.738709,-46.689333,S
2330,4842,sao paulo,SP,-23.74497,-46.685287,S
2331,4843,sao paulo,SP,-23.742877,-46.694417,S
2332,4844,sao paulo,SP,-23.75107,-46.701769,S
2333,4845,sao paulo,SP,-23.747072,-46.691295,S
2334,4846,sao paulo,SP,-23.744785,-46.678143,S
2335,4847,sao paulo,SP,-23.754683,-46.696315,S
2336,4848,são paulo,SP,-23.732749,-46.677528,N
2337,4849,sao paulo,SP,-23.719311,-46.660397,S
2338,4850,são paulo,SP,-23.747947,-46.681806,N
2339,4851,sao paulo,SP,-23.731595,-46.666617,S
2340,4852,sao paulo,SP,-23.760913,-46.670856,S
2341,4853,sao paulo,SP,-23.768303,-46.673853,S
2342,4854,são paulo,SP,-23.746937,-46.690795,N
2343,4855,sao paulo,SP,-23.758257,-46.680714,S
2344,4856,sao paulo,SP,-23.76991,-46.686091,S
2345,4857,sao paulo,SP,-23.763973,-46.688081,S
2346,4858,sao paulo,SP,-23.771696,-46.712519,S
2347,4859,sao paulo,SP,-23.766297,-46.704548,S
2348,4860,sao paulo,SP,-23.761872,-46.714639,S
2349,4862,sao paulo,SP,-23.761912,-46.699408,S
2350,4863,sao paulo,SP,-23.762168,-46.706378,S
2351,4864,sao paulo,SP,-23.768294,-46.721048,S
2352,4865,são paulo,SP,-23.783249,-46.70641,N
2353,4866,sao paulo,SP,-23.786506,-46.717709,S
2354,4867,sao paulo,SP,-23.696492,-46.733944,S
2355,4870,sao paulo,SP,-23.757631,-46.756092,S
2356,4872,sao paulo,SP,-23.716372,-46.639345,S
2357,4875,são paulo,SP,-23.820602,-46.68536,N
2358,4877,são paulo,SP,-23.860862,-46.644529,N
2359,4880,sao paulo,SP,-23.78836,-46.72025,S
2360,4881,sao paulo,SP,-23.794332,-46.730405,S
2361,4882,sao paulo,SP,-23.809311,-46.75711,S
2362,4883,sao paulo,SP,-23.81333,-46.734974,S
2363,4884,sao paulo,SP,-23.801935,-46.70268,S
2364,4886,sao paulo,SP,-23.834662,-46.757974,S
2365,4888,sao paulo,SP,-23.827028,-46.736839,S
2366,4890,sao paulo,SP,-23.828686,-46.722785,S
2367,4891,sao paulo,SP,-23.802691,-46.731501,S
2368,4892,sao paulo,SP,-23.846646,-46.715146,S
2369,4893,sao paulo,SP,-23.808032,-46.686696,S
2370,4894,sao paulo,SP,-23.847976,-46.752136,S
2371,4895,sao paulo,SP,-23.812124,-46.698788,S
2372,4896,sao paulo,SP,-23.841231,-46.707135,S
2373,4897,sao paulo,SP,-23.814201,-46.689069,S
2374,4898,sao paulo,SP,-23.73493,-46.635093,S
2375,4902,são paulo,SP,-23.671915,-46.732637,N
2376,4904,são paulo,SP,-23.673794,-46.737425,N
2377,4905,sao paulo,SP,-23.674725,-46.750602,S
2378,4906,sao paulo,SP,-23.67555,-46.755265,S
2379,4909,sao paulo,SP,-23.67894,-46.736281,S
2380,4910,sao paulo,SP,-23.684506,-46.738067,S
2381,4911,sao paulo,SP,-23.680383,-46.740496,S
2382,4912,são paulo,SP,-23.682405,-46.744601,N
2383,4913,sao paulo,SP,-23.67704,-46.740695,S
2384,4914,sao paulo,SP,-23.676419,-46.745252,S
2385,4915,são paulo,SP,-23.681426,-46.748285,N
2386,4916,sao paulo,SP,-23.685789,-46.750711,S
2387,4917,sao paulo,SP,-23.686344,-46.745879,S
2388,4918,sao paulo,SP,-23.690636,-46.74469,S
2389,4919,sao paulo,SP,-23.693391,-46.763188,S
2390,4920,são paulo,SP,-23.691737,-46.756758,N
2391,4921,sao paulo,SP,-23.694672,-46.752004,S
2392,4922,sao paulo,SP,-23.690723,-46.739288,S
2393,4923,sao paulo,SP,-23.704442,-46.748147,S
2394,4925,sao paulo,SP,-23.706093,-46.745625,S
2395,4926,sao paulo,SP,-23.702747,-46.741252,S
2396,4928,sao paulo,SP,-23.707081,-46.732761,S
2397,4929,sao paulo,SP,-23.699887,-46.765235,S
2398,4930,sao paulo,SP,-23.680436,-46.752727,S
2399,4931,são paulo,SP,-23.680471,-46.755633,N
2400,4932,sao paulo,SP,-23.679418,-46.756206,S
2401,4933,sao paulo,SP,-23.682385,-46.764545,S
2402,4935,sao paulo,SP,-23.684409,-46.767242,S
2403,4937,sao paulo,SP,-23.686027,-46.761223,S
2404,4938,sao paulo,SP,-23.690025,-46.761409,S
2405,4939,sao paulo,SP,-23.690236,-46.77039,S
2406,4940,sao paulo,SP,-23.688563,-46.766138,S
2407,4941,sao paulo,SP,-23.700774,-46.77447,S
2408,4942,sao paulo,SP,-23.697751,-46.775518,S
2409,4943,sao paulo,SP,-23.7053,-46.788265,S
2410,4944,sao paulo,SP,-23.711369,-46.776394,S
2411,4945,sao paulo,SP,-23.71339,-46.778269,S
2412,4947,sao paulo,SP,-23.719801,-46.759174,S
2413,4948,sao paulo,SP,-23.703487,-46.780481,S
2414,4949,sao paulo,SP,-23.720336,-46.769836,S
2415,4950,sao paulo,SP,-23.722574,-46.759125,S
2416,4951,sao paulo,SP,-23.727329,-46.758535,S
2417,4952,sao paulo,SP,-23.720757,-46.752797,S
2418,4953,sao paulo,SP,-23.72303,-46.755565,S
2419,4955,sao paulo,SP,-23.762183,-46.684313,S
2420,4960,sao paulo,SP,-23.72397,-46.782638,S
2421,4961,são paulo,SP,-23.681993,-46.755951,N
2422,4962,são paulo,SP,-23.736321,-46.782582,N
2423,4963,sao paulo,SP,-23.749259,-46.779098,S
2424,4965,são paulo,SP,-23.738088,-46.778,N
2425,4966,são paulo,SP,-23.727565,-46.783957,N
2426,5001,sao paulo,SP,-23.527475,-46.673794,S
2427,5002,sao paulo,SP,-23.529508,-46.673548,S
2428,5003,sao paulo,SP,-23.52759,-46.675693,S
2429,5004,sao paulo,SP,-23.532683,-46.665586,S
2430,5005,são paulo,SP,-23.532345,-46.671281,N
2431,5006,são paulo,SP,-23.535101,-46.667792,N
2432,5007,sao paulo,SP,-23.534776,-46.671765,S
2433,5008,são paulo,SP,-23.534573,-46.67511,N
2434,5009,são paulo,SP,-23.534131,-46.678591,N
2435,5010,sao paulo,SP,-23.535196,-46.679814,S
2436,5011,sao paulo,SP,-23.535783,-46.681715,S
2437,5012,sao paulo,SP,-23.539033,-46.679333,S
2438,5013,sao paulo,SP,-23.537669,-46.66814,S
2439,5014,sao paulo,SP,-23.536592,-46.670121,S
2440,5015,sao paulo,SP,-23.535877,-46.670939,S
2441,5016,são paulo,SP,-23.538137,-46.676788,N
2442,5017,são paulo,SP,-23.537114,-46.679678,N
2443,5018,sao paulo,SP,-23.53488,-46.680569,S
2444,5019,sao paulo,SP,-23.534573,-46.682293,S
2445,5020,sao paulo,SP,-23.534769,-46.684168,S
2446,5021,sao paulo,SP,-23.532704,-46.68485,S
2447,5022,sao paulo,SP,-23.534847,-46.688452,S
2448,5023,sao paulo,SP,-23.5304,-46.684809,S
2449,5024,sao paulo,SP,-23.530142,-46.685409,S
2450,5025,sao paulo,SP,-23.533842,-46.688213,S
2451,5026,são paulo,SP,-23.530572,-46.689413,N
2452,5027,sao paulo,SP,-23.532297,-46.692378,S
2453,5028,sao paulo,SP,-23.537065,-46.692843,S
2454,5029,sao paulo,SP,-23.541046,-46.693846,S
2455,5030,sao paulo,SP,-23.542073,-46.691758,S
2456,5033,sao paulo,SP,-23.523158,-46.685321,S
2457,5034,sao paulo,SP,-23.511518,-46.683801,S
2458,5035,sao paulo,SP,-23.509746,-46.719499,S
2459,5036,sao paulo,SP,-23.515676,-46.688233,S
2460,5037,sao paulo,SP,-23.513623,-46.68908,S
2461,5038,sao paulo,SP,-23.514609,-46.699045,S
2462,5040,sao paulo,SP,-23.513097,-46.707932,S
2463,5041,sao paulo,SP,-23.52386,-46.695806,S
2464,5042,sao paulo,SP,-23.52486,-46.69201,S
2465,5043,sao paulo,SP,-23.525701,-46.691692,S
2466,5044,sao paulo,SP,-23.528608,-46.694718,S
2467,5045,são paulo,SP,-23.528802,-46.695297,N
2468,5046,sao paulo,SP,-23.530493,-46.697769,S
2469,5047,sao paulo,SP,-23.525353,-46.699404,S
2470,5048,sao paulo,SP,-23.531259,-46.697354,S
2471,5049,sao paulo,SP,-23.527098,-46.700544,S
2472,5050,sao paulo,SP,-23.523495,-46.701412,S
2473,5051,sao paulo,SP,-23.52743,-46.696028,S
2474,5052,sao paulo,SP,-23.533211,-46.70104,S
2475,5053,sao paulo,SP,-23.537613,-46.69956,S
2476,5054,sao paulo,SP,-23.540264,-46.700113,S
2477,5055,sao paulo,SP,-23.532666,-46.703134,S
2478,5056,sao paulo,SP,-23.532415,-46.705115,S
2479,5057,sao paulo,SP,-23.532133,-46.707211,S
2480,5058,sao paulo,SP,-23.532032,-46.708346,S
2481,5059,sao paulo,SP,-23.533493,-46.711301,S
2482,5060,sao paulo,SP,-23.528642,-46.708618,S
2483,5061,sao paulo,SP,-23.539554,-46.704719,S
2484,5065,sao paulo,SP,-23.518845,-46.695573,S
2485,5068,sao paulo,SP,-23.516237,-46.702255,S
2486,5069,sao paulo,SP,-23.514559,-46.706697,S
2487,5072,sao paulo,SP,-23.521422,-46.703484,S
2488,5073,sao paulo,SP,-23.522897,-46.706279,S
2489,5074,sao paulo,SP,-23.519869,-46.705593,S
2490,5075,sao paulo,SP,-23.522758,-46.708729,S
2491,5076,sao paulo,SP,-23.522073,-46.710222,S
2492,5077,sao paulo,SP,-23.520468,-46.720519,S
2493,5078,sao paulo,SP,-23.522885,-46.717168,S
2494,5079,sao paulo,SP,-23.52623,-46.711844,S
2495,5080,sao paulo,SP,-23.527348,-46.714232,S
2496,5081,são paulo,SP,-23.527231,-46.714599,N
2497,5082,são paulo,SP,-23.529422,-46.717634,N
2498,5083,sao paulo,SP,-23.532956,-46.716797,S
2499,5084,sao paulo,SP,-23.529742,-46.721741,S
2500,5085,sao paulo,SP,-23.526011,-46.728888,S
2501,5086,sao paulo,SP,-23.524019,-46.728718,S
2502,5087,sao paulo,SP,-23.524308,-46.725894,S
2503,5088,sao paulo,SP,-23.525353,-46.726362,S
2504,5089,sao paulo,SP,-23.520433,-46.726689,S
2505,5092,sao paulo,SP,-23.512231,-46.71518,S
2506,5093,sao paulo,SP,-23.516233,-46.719963,S
2507,5094,sao paulo,SP,-23.511449,-46.719217,S
2508,5095,sao paulo,SP,-23.511975,-46.71782,S
2509,5101,são paulo,SP,-23.504891,-46.726588,N
2510,5102,sao paulo,SP,-23.51767,-46.750693,S
2511,5103,sao paulo,SP,-23.514192,-46.752797,S
2512,5104,sao paulo,SP,-23.513877,-46.756218,S
2513,5105,sao paulo,SP,-23.512098,-46.757329,S
2514,5106,sao paulo,SP,-23.510934,-46.736328,S
2515,5107,sao paulo,SP,-23.518267,-46.751685,S
2516,5108,sao paulo,SP,-23.509324,-46.75806,S
2517,5109,sao paulo,SP,-23.503842,-46.760578,S
2518,5110,sao paulo,SP,-23.493704,-46.750351,S
2519,5112,são paulo,SP,-23.475543,-46.767275,N
2520,5113,sao paulo,SP,-23.479856,-46.758355,S
2521,5114,são paulo,SP,-23.507823,-46.752062,N
2522,5115,sao paulo,SP,-23.510237,-46.750437,S
2523,5116,sao paulo,SP,-23.512656,-46.746541,S
2524,5117,sao paulo,SP,-23.513381,-46.743558,S
2525,5118,sao paulo,SP,-23.51619,-46.741967,S
2526,5119,sao paulo,SP,-23.494382,-46.736026,S
2527,5120,são paulo,SP,-23.511929,-46.731384,N
2528,5121,sao paulo,SP,-23.507595,-46.729964,S
2529,5122,sao paulo,SP,-23.504979,-46.734896,S
2530,5123,sao paulo,SP,-23.505549,-46.737969,S
2531,5124,são paulo,SP,-23.504509,-46.736391,N
2532,5125,sao paulo,SP,-23.502723,-46.738728,S
2533,5126,sao paulo,SP,-23.502126,-46.741142,S
2534,5127,sao paulo,SP,-23.497545,-46.738941,S
2535,5128,sao paulo,SP,-23.492808,-46.740702,S
2536,5131,sao paulo,SP,-23.498789,-46.74414,S
2537,5132,sao paulo,SP,-23.505189,-46.744667,S
2538,5133,sao paulo,SP,-23.492877,-46.743499,S
2539,5134,sao paulo,SP,-23.48775,-46.744102,S
2540,5135,sao paulo,SP,-23.493736,-46.748306,S
2541,5136,sao paulo,SP,-23.500988,-46.748762,S
2542,5138,sao paulo,SP,-23.48477,-46.734143,S
2543,5139,sao paulo,SP,-23.489007,-46.731574,S
2544,5140,sao paulo,SP,-23.48998,-46.72712,S
2545,5141,sao paulo,SP,-23.492024,-46.728984,S
2546,5142,sao paulo,SP,-23.494217,-46.726979,S
2547,5143,sao paulo,SP,-23.496211,-46.722388,S
2548,5144,sao paulo,SP,-23.499829,-46.722517,S
2549,5145,sao paulo,SP,-23.503257,-46.720354,S
2550,5154,são paulo,SP,-23.495296,-46.74658,N
2551,5157,sao paulo,SP,-23.48566,-46.763163,S
2552,5158,sao paulo,SP,-23.4898,-46.758978,S
2553,5159,sao paulo,SP,-23.487972,-46.752128,S
2554,5160,sao paulo,SP,-23.485845,-46.750612,S
2555,5161,sao paulo,SP,-23.485816,-46.756305,S
2556,5162,são paulo,SP,-23.48155,-46.755764,N
2557,5163,são paulo,SP,-23.481597,-46.764806,N
2558,5164,sao paulo,SP,-23.484391,-46.719149,S
2559,5165,sao paulo,SP,-23.481944,-46.752953,S
2560,5170,sao paulo,SP,-23.483583,-46.748071,S
2561,5171,sao paulo,SP,-23.477638,-46.74922,S
2562,5172,sao paulo,SP,-23.481314,-46.74345,S
2563,5173,sao paulo,SP,-23.479596,-46.742096,S
2564,5174,sao paulo,SP,-23.479935,-46.742177,S
2565,5175,sao paulo,SP,-23.47534,-46.738549,S
2566,5176,são paulo,SP,-23.477063,-46.711912,N
2567,5177,sao paulo,SP,-23.482641,-46.745619,S
2568,5180,sao paulo,SP,-23.458947,-46.749537,S
2569,5181,sao paulo,SP,-23.455861,-46.744092,S
2570,5182,sao paulo,SP,-23.450665,-46.746285,S
2571,5183,sao paulo,SP,-23.452636,-46.752399,S
2572,5184,sao paulo,SP,-23.456878,-46.754911,S
2573,5185,sao paulo,SP,-23.441513,-46.747907,S
2574,5186,sao paulo,SP,-23.434724,-46.751448,S
2575,5187,sao paulo,SP,-23.44464,-46.750475,S
2576,5201,sao paulo,SP,-23.413045,-46.723678,S
2577,5202,sao paulo,SP,-23.402065,-46.747144,S
2578,5203,sao paulo,SP,-23.407594,-46.746369,S
2579,5204,sao paulo,SP,-23.407619,-46.755236,S
2580,5205,são paulo,SP,-23.409532,-46.764283,N
2581,5206,sao paulo,SP,-23.404579,-46.763197,S
2582,5207,sao paulo,SP,-23.398775,-46.752875,S
2583,5208,sao paulo,SP,-23.413307,-46.75448,S
2584,5209,sao paulo,SP,-23.431514,-46.72713,S
2585,5210,sao paulo,SP,-23.430076,-46.747212,S
2586,5211,são paulo,SP,-23.408989,-46.759389,N
2587,5212,sao paulo,SP,-23.415347,-46.747444,S
2588,5215,sao paulo,SP,-23.391809,-46.73494,S
2589,5220,sao paulo,SP,-23.404991,-46.726138,S
2590,5223,sao paulo,SP,-23.409611,-46.739769,S
2591,5224,sao paulo,SP,-23.41306,-46.743663,S
2592,5240,sao paulo,SP,-23.42948,-46.763791,S
2593,5263,são paulo,SP,-23.512606,-46.561457,N
2594,5264,são paulo,SP,-23.445777,-46.785133,N
2595,5265,sao paulo,SP,-23.451152,-46.790093,S
2596,5266,sao paulo,SP,-23.446228,-46.799819,S
2597,5267,sao paulo,SP,-23.440608,-46.792356,S
2598,5268,sao paulo,SP,-23.440855,-46.783986,S
2599,5269,sao paulo,SP,-23.433501,-46.789179,S
2600,5270,sao paulo,SP,-23.544916,-46.648317,S
2601,5271,sao paulo,SP,-23.42971,-46.79423,S
2602,5272,sao paulo,SP,-23.477273,-46.767405,S
2603,5273,sao paulo,SP,-23.438142,-46.795717,S
2604,5274,sao paulo,SP,-23.458202,-46.793262,S
2605,5275,sao paulo,SP,-23.425884,-46.806733,S
2606,5276,sao paulo,SP,-23.497511,-46.491472,S
2607,5279,sao paulo,SP,-23.542798,-46.577862,S
2608,5280,são paulo,SP,-23.437909,-46.7707,N
2609,5281,sao paulo,SP,-23.469366,-46.758532,S
2610,5282,sao paulo,SP,-23.463984,-46.754957,S
2611,5283,sao paulo,SP,-23.441587,-46.775305,S
2612,5301,sao paulo,SP,-23.533951,-46.722328,S
2613,5302,sao paulo,SP,-23.530562,-46.726887,S
2614,5303,sao paulo,SP,-23.527681,-46.730623,S
2615,5304,sao paulo,SP,-23.524208,-46.735168,S
2616,5305,sao paulo,SP,-23.53197,-46.729496,S
2617,5307,sao paulo,SP,-23.52257,-46.742171,S
2618,5308,sao paulo,SP,-23.526528,-46.742741,S
2619,5310,são paulo,SP,-23.543336,-46.734922,N
2620,5311,sao paulo,SP,-23.528384,-46.739954,S
2621,5312,sao paulo,SP,-23.529994,-46.737507,S
2622,5313,sao paulo,SP,-23.530523,-46.737178,S
2623,5314,são paulo,SP,-23.530647,-46.736453,N
2624,5315,sao paulo,SP,-23.533374,-46.731281,S
2625,5316,sao paulo,SP,-23.534949,-46.733916,S
2626,5317,são paulo,SP,-23.54604,-46.732765,N
2627,5318,sao paulo,SP,-23.535533,-46.729637,S
2628,5319,sao paulo,SP,-23.541812,-46.730687,S
2629,5321,sao paulo,SP,-23.543875,-46.741525,S
2630,5322,sao paulo,SP,-23.539621,-46.751462,S
2631,5323,sao paulo,SP,-23.543401,-46.752513,S
2632,5324,sao paulo,SP,-23.540692,-46.756573,S
2633,5325,sao paulo,SP,-23.539424,-46.758714,S
2634,5326,são paulo,SP,-23.543338,-46.757776,N
2635,5327,sao paulo,SP,-23.545293,-46.757646,S
2636,5328,sao paulo,SP,-23.542886,-46.755968,S
2637,5329,sao paulo,SP,-23.573494,-46.737905,S
2638,5330,sao paulo,SP,-23.542937,-46.748193,S
2639,5331,sao paulo,SP,-23.545383,-46.748783,S
2640,5332,são paulo,SP,-23.546198,-46.747279,N
2641,5333,sao paulo,SP,-23.542621,-46.743778,S
2642,5334,sao paulo,SP,-23.54798,-46.74671,S
2643,5335,sao paulo,SP,-23.546188,-46.753607,S
2644,5336,sao paulo,SP,-23.544925,-46.75333,S
2645,5337,sao paulo,SP,-23.552187,-46.749721,S
2646,5338,sao paulo,SP,-23.55312,-46.749809,S
2647,5339,sao paulo,SP,-23.554474,-46.755488,S
2648,5340,sao paulo,SP,-23.553151,-46.755177,S
2649,5343,são paulo,SP,-23.55408,-46.750765,N
2650,5344,são paulo,SP,-23.553025,-46.745244,N
2651,5345,são paulo,SP,-23.551344,-46.744182,N
2652,5346,sao paulo,SP,-23.556018,-46.744444,S
2653,5347,sao paulo,SP,-23.553462,-46.738314,S
2654,5348,sao paulo,SP,-23.547531,-46.737053,S
2655,5350,são paulo,SP,-23.56757,-46.754433,N
2656,5351,sao paulo,SP,-23.55949,-46.75475,S
2657,5352,sao paulo,SP,-23.555571,-46.758827,S
2658,5353,sao paulo,SP,-23.560339,-46.750916,S
2659,5356,sao paulo,SP,-23.56324,-46.753608,S
2660,5358,são paulo,SP,-23.571909,-46.750044,N
2661,5359,sao paulo,SP,-23.570044,-46.744242,S
2662,5360,sao paulo,SP,-23.568729,-46.738339,S
2663,5361,sao paulo,SP,-23.566503,-46.748469,S
2664,5362,são paulo,SP,-23.572661,-46.74092,N
2665,5363,são paulo,SP,-23.572993,-46.747126,N
2666,5364,sao paulo,SP,-23.571454,-46.7522,S
2667,5365,são paulo,SP,-23.576128,-46.747789,N
2668,5366,sao paulo,SP,-23.577777,-46.756086,S
2669,5367,sao paulo,SP,-23.571903,-46.755301,S
2670,5368,são paulo,SP,-23.578699,-46.752259,N
2671,5369,sao paulo,SP,-23.570554,-46.744694,S
2672,5371,sao paulo,SP,-23.583296,-46.753997,S
2673,5372,sao paulo,SP,-23.57983,-46.757514,S
2674,5373,sao paulo,SP,-23.583602,-46.758586,S
2675,5374,sao paulo,SP,-23.579225,-46.76054,S
2676,5376,sao paulo,SP,-23.580928,-46.766525,S
2677,5379,sao paulo,SP,-23.565817,-46.752688,S
2678,5381,sao paulo,SP,-23.57219,-46.761757,S
2679,5382,sao paulo,SP,-23.574634,-46.761987,S
2680,5386,são paulo,SP,-23.565123,-46.759744,N
2681,5387,sao paulo,SP,-23.565899,-46.764998,S
2682,5388,sao paulo,SP,-23.569176,-46.763407,S
2683,5396,sao paulo,SP,-23.573283,-46.769822,S
2684,5397,sao paulo,SP,-23.579639,-46.775588,S
2685,5398,sao paulo,SP,-23.574125,-46.777839,S
2686,5399,sao paulo,SP,-23.574718,-46.779146,S
2687,5400,são paulo,SP,-23.556974,-46.676036,N
2688,5401,sao paulo,SP,-23.563526,-46.677169,S
2689,5402,sao paulo,SP,-23.564254,-46.678684,S
2690,5403,sao paulo,SP,-23.557615,-46.669117,S
2691,5404,sao paulo,SP,-23.563838,-46.683719,S
2692,5405,sao paulo,SP,-23.560481,-46.682498,S
2693,5406,sao paulo,SP,-23.558222,-46.678957,S
2694,5407,sao paulo,SP,-23.559983,-46.685037,S
2695,5408,sao paulo,SP,-23.559191,-46.683258,S
2696,5409,sao paulo,SP,-23.557414,-46.674989,S
2697,5410,sao paulo,SP,-23.555369,-46.67721,S
2698,5411,sao paulo,SP,-23.55842,-46.677544,S
2699,5412,sao paulo,SP,-23.556761,-46.680415,S
2700,5413,são paulo,SP,-23.559766,-46.680009,N
2701,5414,sao paulo,SP,-23.561959,-46.681457,S
2702,5415,sao paulo,SP,-23.562654,-46.683854,S
2703,5416,sao paulo,SP,-23.560949,-46.688422,S
2704,5417,sao paulo,SP,-23.561434,-46.689846,S
2705,5418,sao paulo,SP,-23.564047,-46.689554,S
2706,5419,sao paulo,SP,-23.56232,-46.694449,S
2707,5420,sao paulo,SP,-23.565205,-46.691373,S
2708,5421,sao paulo,SP,-23.564953,-46.692057,S
2709,5422,sao paulo,SP,-23.566922,-46.687446,S
2710,5423,são paulo,SP,-23.570009,-46.694256,N
2711,5424,sao paulo,SP,-23.568771,-46.69811,S
2712,5425,sao paulo,SP,-23.569186,-46.700107,S
2713,5426,são paulo,SP,-23.562304,-46.694952,N
2714,5427,sao paulo,SP,-23.563383,-46.696043,S
2715,5428,sao paulo,SP,-23.563218,-46.698214,S
2716,5429,sao paulo,SP,-23.561952,-46.699325,S
2717,5432,sao paulo,SP,-23.557152,-46.689758,S
2718,5433,são paulo,SP,-23.552291,-46.691197,N
2719,5434,sao paulo,SP,-23.555443,-46.690964,S
2720,5435,sao paulo,SP,-23.55164,-46.690442,S
2721,5436,sao paulo,SP,-23.554461,-46.685354,S
2722,5437,sao paulo,SP,-23.544798,-46.692057,S
2723,5438,sao paulo,SP,-23.545263,-46.691525,S
2724,5439,sao paulo,SP,-23.549602,-46.689402,S
2725,5440,sao paulo,SP,-23.547256,-46.691425,S
2726,5441,sao paulo,SP,-23.545805,-46.695031,S
2727,5442,sao paulo,SP,-23.544428,-46.697303,S
2728,5443,são paulo,SP,-23.553082,-46.695749,N
2729,5444,sao paulo,SP,-23.557443,-46.69726,S
2730,5445,são paulo,SP,-23.552318,-46.698183,N
2731,5446,sao paulo,SP,-23.553722,-46.700429,S
2732,5447,são paulo,SP,-23.548547,-46.700274,N
2733,5448,sao paulo,SP,-23.546399,-46.700593,S
2734,5449,são paulo,SP,-23.545933,-46.704956,N
2735,5450,sao paulo,SP,-23.548041,-46.706199,S
2736,5451,sao paulo,SP,-23.542711,-46.702476,S
2737,5452,sao paulo,SP,-23.544266,-46.708108,S
2738,5453,sao paulo,SP,-23.542317,-46.707585,S
2739,5454,sao paulo,SP,-23.541002,-46.710489,S
2740,5455,são paulo,SP,-23.541383,-46.711854,N
2741,5458,são paulo,SP,-23.541823,-46.71631,N
2742,5459,sao paulo,SP,-23.557922,-46.702929,S
2743,5460,sao paulo,SP,-23.550852,-46.711121,S
2744,5461,são paulo,SP,-23.547815,-46.716429,N
2745,5462,sao paulo,SP,-23.558965,-46.70445,S
2746,5463,são paulo,SP,-23.558693,-46.707886,N
2747,5464,sao paulo,SP,-23.550627,-46.714828,S
2748,5465,sao paulo,SP,-23.554149,-46.716017,S
2749,5466,sao paulo,SP,-23.551116,-46.718777,S
2750,5467,sao paulo,SP,-23.543524,-46.715463,S
2751,5468,sao paulo,SP,-23.53905,-46.715773,S
2752,5469,sao paulo,SP,-23.541128,-46.719557,S
2753,5470,sao paulo,SP,-23.540838,-46.723688,S
2754,5471,sao paulo,SP,-23.539967,-46.726001,S
2755,5472,sao paulo,SP,-23.549589,-46.718019,S
2756,5477,sao paulo,SP,-23.551954,-46.722268,S
2757,5501,sao paulo,SP,-23.570808,-46.704952,S
2758,5502,sao paulo,SP,-23.57695,-46.704513,S
2759,5503,sao paulo,SP,-23.570212,-46.71084,S
2760,5505,sao paulo,SP,-23.558838,-46.712097,S
2761,5506,sao paulo,SP,-23.563225,-46.708484,S
2762,5507,sao paulo,SP,-23.56683,-46.710103,S
2763,5508,sao paulo,SP,-23.561022,-46.727785,S
2764,5509,sao paulo,SP,-23.570946,-46.711172,S
2765,5510,sao paulo,SP,-23.572965,-46.709042,S
2766,5511,são paulo,SP,-23.576612,-46.708665,N
2767,5512,sao paulo,SP,-23.583879,-46.718255,S
2768,5513,sao paulo,SP,-23.581582,-46.715107,S
2769,5514,sao paulo,SP,-23.584007,-46.687883,S
2770,5515,sao paulo,SP,-23.580157,-46.714306,S
2771,5516,sao paulo,SP,-23.581726,-46.717939,S
2772,5517,sao paulo,SP,-23.583983,-46.722147,S
2773,5518,sao paulo,SP,-23.586167,-46.727002,S
2774,5519,sao paulo,SP,-23.589061,-46.731033,S
2775,5520,sao paulo,SP,-23.598058,-46.740716,S
2776,5521,sao paulo,SP,-23.588655,-46.726654,S
2777,5522,sao paulo,SP,-23.592235,-46.736414,S
2778,5523,sao paulo,SP,-23.59371,-46.740213,S
2779,5524,sao paulo,SP,-23.597018,-46.742765,S
2780,5525,sao paulo,SP,-23.6018,-46.751801,S
2781,5526,sao paulo,SP,-23.601659,-46.746818,S
2782,5527,sao paulo,SP,-23.595315,-46.746804,S
2783,5528,sao paulo,SP,-23.594618,-46.757242,S
2784,5529,sao paulo,SP,-23.592967,-46.736076,S
2785,5530,são paulo,SP,-23.576698,-46.717052,N
2786,5531,sao paulo,SP,-23.579484,-46.722741,S
2787,5532,são paulo,SP,-23.578208,-46.723735,N
2788,5533,sao paulo,SP,-23.582931,-46.724711,S
2789,5534,sao paulo,SP,-23.601389,-46.749281,S
2790,5535,sao paulo,SP,-23.583271,-46.73144,S
2791,5536,sao paulo,SP,-23.588815,-46.738946,S
2792,5537,são paulo,SP,-23.585935,-46.735032,N
2793,5538,sao paulo,SP,-23.588483,-46.737908,S
2794,5539,são paulo,SP,-23.575938,-46.727216,N
2795,5540,são paulo,SP,-23.576192,-46.723989,N
2796,5541,são paulo,SP,-23.588287,-46.74171,N
2797,5542,sao paulo,SP,-23.587635,-46.749336,S
2798,5543,sao paulo,SP,-23.588765,-46.740105,S
2799,5544,são paulo,SP,-23.593621,-46.766146,N
2800,5545,sao paulo,SP,-23.586653,-46.766901,S
2801,5546,sao paulo,SP,-23.586509,-46.770076,S
2802,5547,sao paulo,SP,-23.593289,-46.772505,S
2803,5549,sao paulo,SP,-23.597135,-46.766158,S
2804,5550,são paulo,SP,-23.578232,-46.761167,N
2805,5551,sao paulo,SP,-23.589138,-46.761245,S
2806,5560,sao paulo,SP,-23.588064,-46.780163,S
2807,5563,sao paulo,SP,-23.601782,-46.784215,S
2808,5564,sao paulo,SP,-23.591681,-46.770338,S
2809,5565,sao paulo,SP,-23.59566,-46.789084,S
2810,5566,sao paulo,SP,-23.592945,-46.791367,S
2811,5567,sao paulo,SP,-23.594027,-46.786173,S
2812,5568,sao paulo,SP,-23.590078,-46.786074,S
2813,5569,sao paulo,SP,-23.600302,-46.793518,S
2814,5570,sao paulo,SP,-23.603574,-46.795146,S
2815,5571,sao paulo,SP,-23.594556,-46.787489,S
2816,5572,sao paulo,SP,-23.596747,-46.795406,S
2817,5573,sao paulo,SP,-23.585264,-46.740592,S
2818,5574,sao paulo,SP,-23.58838,-46.802427,S
2819,5576,sao paulo,SP,-23.587137,-46.778472,S
2820,5577,sao paulo,SP,-23.584989,-46.767232,S
2821,5578,sao paulo,SP,-23.576578,-46.712409,S
2822,5579,sao paulo,SP,-23.571395,-46.713131,S
2823,5580,sao paulo,SP,-23.572996,-46.717514,S
2824,5581,são paulo,SP,-23.571769,-46.722308,N
2825,5582,sao paulo,SP,-23.57375,-46.728846,S
2826,5583,são paulo,SP,-23.583275,-46.787116,N
2827,5584,sao paulo,SP,-23.580428,-46.791063,S
2828,5585,sao paulo,SP,-23.571116,-46.725326,S
2829,5586,sao paulo,SP,-23.570722,-46.728571,S
2830,5587,sao paulo,SP,-23.571939,-46.725535,S
2831,5588,sao paulo,SP,-23.576017,-46.741186,S
2832,5589,sao paulo,SP,-23.575769,-46.738111,S
2833,5590,sao paulo,SP,-23.575637,-46.732737,S
2834,5591,sao paulo,SP,-23.578827,-46.732464,S
2835,5592,são paulo,SP,-23.579237,-46.73718,N
2836,5593,sao paulo,SP,-23.581205,-46.736749,S
2837,5594,sao paulo,SP,-23.582541,-46.739937,S
2838,5595,são paulo,SP,-23.580411,-46.742762,N
2839,5596,sao paulo,SP,-23.581008,-46.746206,S
2840,5601,sao paulo,SP,-23.581953,-46.700468,S
2841,5602,sao paulo,SP,-23.577215,-46.704709,S
2842,5603,sao paulo,SP,-23.583009,-46.70166,S
2843,5604,sao paulo,SP,-23.587287,-46.700217,S
2844,5605,sao paulo,SP,-23.590472,-46.70408,S
2845,5606,são paulo,SP,-23.580208,-46.705847,N
2846,5608,sao paulo,SP,-23.582063,-46.706764,S
2847,5609,sao paulo,SP,-23.580863,-46.708826,S
2848,5610,sao paulo,SP,-23.585149,-46.709881,S
2849,5611,sao paulo,SP,-23.585308,-46.71263,S
2850,5612,sao paulo,SP,-23.59152,-46.708971,S
2851,5613,são paulo,SP,-23.589908,-46.71261,N
2852,5614,sao paulo,SP,-23.595215,-46.711368,S
2853,5615,sao paulo,SP,-23.587306,-46.717407,S
2854,5616,sao paulo,SP,-23.588457,-46.719338,S
2855,5617,sao paulo,SP,-23.591282,-46.720031,S
2856,5618,sao paulo,SP,-23.59031,-46.723572,S
2857,5619,sao paulo,SP,-23.591196,-46.727096,S
2858,5620,sao paulo,SP,-23.593991,-46.72406,S
2859,5621,são paulo,SP,-23.597745,-46.723031,N
2860,5622,sao paulo,SP,-23.599111,-46.724855,S
2861,5623,são paulo,SP,-23.600906,-46.726713,N
2862,5624,sao paulo,SP,-23.595285,-46.728199,S
2863,5625,sao paulo,SP,-23.596233,-46.730452,S
2864,5626,sao paulo,SP,-23.594549,-46.733483,S
2865,5627,são paulo,SP,-23.595359,-46.732299,N
2866,5628,sao paulo,SP,-23.599615,-46.730714,S
2867,5629,sao paulo,SP,-23.603827,-46.729274,S
2868,5630,são paulo,SP,-23.611531,-46.736367,N
2869,5632,sao paulo,SP,-23.599536,-46.735436,S
2870,5633,sao paulo,SP,-23.600015,-46.739687,S
2871,5634,sao paulo,SP,-23.606375,-46.737491,S
2872,5635,sao paulo,SP,-23.602836,-46.736004,S
2873,5638,sao paulo,SP,-23.607476,-46.740358,S
2874,5639,sao paulo,SP,-23.609249,-46.74029,S
2875,5640,sao paulo,SP,-23.616394,-46.739847,S
2876,5641,sao paulo,SP,-23.618089,-46.73688,S
2877,5642,sao paulo,SP,-23.621695,-46.736023,S
2878,5650,sao paulo,SP,-23.610862,-46.699279,S
2879,5651,sao paulo,SP,-23.602426,-46.723625,S
2880,5652,sao paulo,SP,-23.598085,-46.716908,S
2881,5653,sao paulo,SP,-23.60143,-46.71741,S
2882,5654,sao paulo,SP,-23.606214,-46.716343,S
2883,5655,sao paulo,SP,-23.608777,-46.716254,S
2884,5656,sao paulo,SP,-23.612921,-46.720569,S
2885,5657,sao paulo,SP,-23.620454,-46.717,S
2886,5658,sao paulo,SP,-23.603408,-46.722687,S
2887,5659,sao paulo,SP,-23.609421,-46.723906,S
2888,5660,sao paulo,SP,-23.612544,-46.727135,S
2889,5661,sao paulo,SP,-23.610669,-46.72616,S
2890,5662,sao paulo,SP,-23.612093,-46.724932,S
2891,5663,sao paulo,SP,-23.614012,-46.726839,S
2892,5664,sao paulo,SP,-23.617612,-46.723796,S
2893,5665,sao paulo,SP,-23.618858,-46.72859,S
2894,5670,sao paulo,SP,-23.586019,-46.696969,S
2895,5671,sao paulo,SP,-23.587799,-46.694846,S
2896,5672,sao paulo,SP,-23.590505,-46.69646,S
2897,5673,sao paulo,SP,-23.59093,-46.701294,S
2898,5674,sao paulo,SP,-23.59191,-46.699247,S
2899,5675,são paulo,SP,-23.594998,-46.700712,N
2900,5676,sao paulo,SP,-23.596965,-46.698618,S
2901,5678,sao paulo,SP,-23.598111,-46.704672,S
2902,5679,sao paulo,SP,-23.601465,-46.701292,S
2903,5683,são paulo,SP,-23.604774,-46.708079,N
2904,5684,sao paulo,SP,-23.607066,-46.704584,S
2905,5685,sao paulo,SP,-23.607024,-46.704933,S
2906,5686,sao paulo,SP,-23.611664,-46.702889,S
2907,5687,sao paulo,SP,-23.610596,-46.707283,S
2908,5688,sao paulo,SP,-23.611228,-46.707386,S
2909,5690,são paulo,SP,-23.61531,-46.70463,N
2910,5691,sao paulo,SP,-23.615595,-46.708595,S
2911,5692,sao paulo,SP,-23.619145,-46.70589,S
2912,5693,sao paulo,SP,-23.620182,-46.702816,S
2913,5704,sao paulo,SP,-23.628926,-46.720175,S
2914,5705,sao paulo,SP,-23.625846,-46.721159,S
2915,5706,sao paulo,SP,-23.628364,-46.724784,S
2916,5707,sao paulo,SP,-23.640889,-46.729838,S
2917,5709,sao paulo,SP,-23.617864,-46.741772,S
2918,5710,sao paulo,SP,-23.60911,-46.745036,S
2919,5711,sao paulo,SP,-23.613233,-46.743724,S
2920,5712,sao paulo,SP,-23.621324,-46.730191,S
2921,5713,sao paulo,SP,-23.626373,-46.730334,S
2922,5715,sao paulo,SP,-23.629112,-46.732071,S
2923,5716,sao paulo,SP,-23.630453,-46.733887,S
2924,5717,sao paulo,SP,-23.634618,-46.732335,S
2925,5718,sao paulo,SP,-23.635143,-46.73782,S
2926,5723,são paulo,SP,-23.641945,-46.732347,N
2927,5724,são paulo,SP,-23.63281,-46.735714,N
2928,5725,sao paulo,SP,-23.624826,-46.736122,S
2929,5726,sao paulo,SP,-23.625469,-46.74135,S
2930,5727,sao paulo,SP,-23.626648,-46.739509,S
2931,5728,sao paulo,SP,-23.632212,-46.739193,S
2932,5729,sao paulo,SP,-23.634607,-46.735882,S
2933,5730,sao paulo,SP,-23.634971,-46.74143,S
2934,5731,são paulo,SP,-23.640375,-46.742822,N
2935,5734,sao paulo,SP,-23.625699,-46.743468,S
2936,5735,sao paulo,SP,-23.628885,-46.748994,S
2937,5736,sao paulo,SP,-23.633675,-46.746395,S
2938,5741,sao paulo,SP,-23.610641,-46.747854,S
2939,5742,sao paulo,SP,-23.610379,-46.749978,S
2940,5743,sao paulo,SP,-23.612208,-46.753595,S
2941,5745,sao paulo,SP,-23.614533,-46.751972,S
2942,5749,sao paulo,SP,-23.619906,-46.746673,S
2943,5750,sao paulo,SP,-23.61562,-46.746576,S
2944,5752,sao paulo,SP,-23.618575,-46.752021,S
2945,5754,são paulo,SP,-23.61976,-46.75403,N
2946,5755,são paulo,SP,-23.620742,-46.756326,N
2947,5756,sao paulo,SP,-23.624439,-46.755017,S
2948,5757,sao paulo,SP,-23.624543,-46.759975,S
2949,5758,sao paulo,SP,-23.628899,-46.763795,S
2950,5759,sao paulo,SP,-23.63022,-46.766261,S
2951,5760,sao paulo,SP,-23.632468,-46.766569,S
2952,5761,são paulo,SP,-23.635489,-46.766593,N
2953,5762,sao paulo,SP,-23.640937,-46.763374,S
2954,5763,sao paulo,SP,-23.643648,-46.759019,S
2955,5765,sao paulo,SP,-23.629264,-46.756761,S
2956,5766,sao paulo,SP,-23.630917,-46.754808,S
2957,5767,são paulo,SP,-23.632114,-46.76077,N
2958,5770,sao paulo,SP,-23.648536,-46.75895,S
2959,5772,sao paulo,SP,-23.63956,-46.755496,S
2960,5773,sao paulo,SP,-23.635025,-46.755012,S
2961,5774,sao paulo,SP,-23.633719,-46.750092,S
2962,5775,sao paulo,SP,-23.63545,-46.753357,S
2963,5776,sao paulo,SP,-23.636731,-46.746584,S
2964,5777,sao paulo,SP,-23.645722,-46.753039,S
2965,5778,sao paulo,SP,-23.641778,-46.752245,S
2966,5780,sao paulo,SP,-23.647124,-46.75264,S
2967,5781,sao paulo,SP,-23.652,-46.760335,S
2968,5782,são paulo,SP,-23.651294,-46.766853,N
2969,5783,são paulo,SP,-23.645137,-46.769181,N
2970,5784,sao paulo,SP,-23.620161,-46.761653,S
2971,5785,são paulo,SP,-23.624807,-46.766487,N
2972,5786,sao paulo,SP,-23.635192,-46.772496,S
2973,5787,sao paulo,SP,-23.619795,-46.759486,S
2974,5788,sao paulo,SP,-23.631708,-46.773661,S
2975,5789,sao paulo,SP,-23.6477,-46.777706,S
2976,5790,sao paulo,SP,-23.641863,-46.785442,S
2977,5791,sao paulo,SP,-23.646361,-46.784513,S
2978,5792,sao paulo,SP,-23.638799,-46.77305,S
2979,5793,são paulo,SP,-23.639221,-46.775246,N
2980,5794,sao paulo,SP,-23.641456,-46.771072,S
2981,5795,sao paulo,SP,-23.646561,-46.77588,S
2982,5796,sao paulo,SP,-23.650311,-46.774432,S
2983,5797,sao paulo,SP,-23.654779,-46.772392,S
2984,5798,sao paulo,SP,-23.657401,-46.768066,S
2985,5801,sao paulo,SP,-23.647169,-46.734491,S
2986,5802,são paulo,SP,-23.6586,-46.725507,N
2987,5804,sao paulo,SP,-23.648317,-46.731746,S
2988,5805,são paulo,SP,-23.653323,-46.734511,N
2989,5812,sao paulo,SP,-23.655834,-46.734115,S
2990,5813,são paulo,SP,-23.654909,-46.731699,N
2991,5814,sao paulo,SP,-23.659721,-46.732251,S
2992,5815,sao paulo,SP,-23.661961,-46.735784,S
2993,5816,sao paulo,SP,-23.666938,-46.739076,S
2994,5818,sao paulo,SP,-23.665025,-46.731721,S
2995,5819,sao paulo,SP,-23.665842,-46.736566,S
2996,5820,sao paulo,SP,-23.665345,-46.740042,S
2997,5821,são paulo,SP,-23.667379,-46.751166,N
2998,5822,sao paulo,SP,-23.663077,-46.752058,S
2999,5823,sao paulo,SP,-23.664057,-46.749896,S
3000,5828,sao paulo,SP,-23.668498,-46.741657,S
3001,5830,sao paulo,SP,-23.669413,-46.745024,S
3002,5831,sao paulo,SP,-23.672295,-46.747868,S
3003,5832,sao paulo,SP,-23.673065,-46.751401,S
3004,5833,sao paulo,SP,-23.670912,-46.75917,S
3005,5834,sao paulo,SP,-23.670075,-46.755147,S
3006,5835,sao paulo,SP,-23.650256,-46.753725,S
3007,5836,sao paulo,SP,-23.646238,-46.737565,S
3008,5840,sao paulo,SP,-23.645764,-46.740628,S
3009,5841,sao paulo,SP,-23.645944,-46.742842,S
3010,5842,são paulo,SP,-23.650278,-46.744205,N
3011,5843,sao paulo,SP,-23.651219,-46.736924,S
3012,5844,sao paulo,SP,-23.657086,-46.740619,S
3013,5845,sao paulo,SP,-23.654167,-46.742582,S
3014,5846,sao paulo,SP,-23.655501,-46.742402,S
3015,5847,são paulo,SP,-23.65427,-46.74862,N
3016,5848,sao paulo,SP,-23.658195,-46.759924,S
3017,5849,são paulo,SP,-23.652366,-46.755753,N
3018,5850,sao paulo,SP,-23.658383,-46.753804,S
3019,5851,são paulo,SP,-23.663599,-46.756378,N
3020,5852,sao paulo,SP,-23.666125,-46.757453,S
3021,5853,sao paulo,SP,-23.659557,-46.751773,S
3022,5854,sao paulo,SP,-23.660886,-46.762107,S
3023,5855,sao paulo,SP,-23.662559,-46.764337,S
3024,5856,sao paulo,SP,-23.651664,-46.784287,S
3025,5857,são paulo,SP,-23.656789,-46.780533,N
3026,5858,sao paulo,SP,-23.667489,-46.782306,S
3027,5859,sao paulo,SP,-23.667212,-46.770433,S
3028,5860,sao paulo,SP,-23.664767,-46.766572,S
3029,5861,sao paulo,SP,-23.671625,-46.764657,S
3030,5862,sao paulo,SP,-23.667917,-46.764443,S
3031,5863,sao paulo,SP,-23.676918,-46.766186,S
3032,5864,sao paulo,SP,-23.675274,-46.761311,S
3033,5866,sao paulo,SP,-23.677644,-46.769686,S
3034,5867,sao paulo,SP,-23.673009,-46.770092,S
3035,5868,sao paulo,SP,-23.666106,-46.77934,S
3036,5869,sao paulo,SP,-23.677335,-46.771381,S
3037,5870,sao paulo,SP,-23.680612,-46.772566,S
3038,5871,são paulo,SP,-23.684929,-46.772812,N
3039,5872,sao paulo,SP,-23.685632,-46.77607,S
3040,5873,são paulo,SP,-23.689963,-46.778548,N
3041,5874,sao paulo,SP,-23.679585,-46.772885,S
3042,5875,sao paulo,SP,-23.690846,-46.778147,S
3043,5876,são paulo,SP,-23.697282,-46.793711,N
3044,5877,são paulo,SP,-23.691886,-46.790682,N
3045,5878,sao paulo,SP,-23.689803,-46.78481,S
3046,5879,sao paulo,SP,-23.688713,-46.792611,S
3047,5880,sao paulo,SP,-23.686689,-46.788295,S
3048,5881,sao paulo,SP,-23.681431,-46.778146,S
3049,5882,são paulo,SP,-23.680743,-46.784224,N
3050,5883,sao paulo,SP,-23.676588,-46.779415,S
3051,5884,sao paulo,SP,-23.671553,-46.775983,S
3052,5885,sao paulo,SP,-23.675028,-46.785656,S
3053,5886,são paulo,SP,-23.680577,-46.792437,N
3054,5887,sao paulo,SP,-23.678378,-46.797569,S
3055,5888,sao paulo,SP,-23.673138,-46.792231,S
3056,5889,sao paulo,SP,-23.667618,-46.783649,S
3057,5890,sao paulo,SP,-23.665643,-46.788618,S
3058,5891,sao paulo,SP,-23.663009,-46.791741,S
3059,5892,sao paulo,SP,-23.661258,-46.786397,S
3060,5893,sao paulo,SP,-23.658027,-46.790332,S
3061,5894,sao paulo,SP,-23.652471,-46.788583,S
3062,5895,sao paulo,SP,-23.652265,-46.7858,S
3063,6010,osasco,SP,-23.535464,-46.768063,N
3064,6013,osasco,SP,-23.531876,-46.777163,N
3065,6016,osasco,SP,-23.532463,-46.779543,N
3066,6018,osasco,SP,-23.5409,-46.776113,N
3067,6020,osasco,SP,-23.538478,-46.761622,N
3068,6023,osasco,SP,-23.543439,-46.770316,N
3069,6026,osasco,SP,-23.55158,-46.763875,N
3070,6028,osasco,SP,-23.546136,-46.767264,N
3071,6029,osasco,SP,-23.548454,-46.769818,N
3072,6030,osasco,SP,-23.557079,-46.767579,N
3073,6033,osasco,SP,-23.560421,-46.7779,N
3074,6036,osasco,SP,-23.558076,-46.776021,N
3075,6037,osasco,SP,-23.555037,-46.773263,N
3076,6038,osasco,SP,-23.56553,-46.778367,N
3077,6040,osasco,SP,-23.569299,-46.783108,N
3078,6045,osasco,SP,-23.572886,-46.792878,N
3079,6050,osasco,SP,-23.560172,-46.78709,N
3080,6053,osasco,SP,-23.559115,-46.787626,N
3081,6056,osasco,SP,-23.566293,-46.787821,N
3082,6060,osasco,SP,-23.553054,-46.781981,N
3083,6065,osasco,SP,-23.555007,-46.790345,N
3084,6070,osasco,SP,-23.548147,-46.780529,N
3085,6075,osasco,SP,-23.54949,-46.787831,N
3086,6080,osasco,SP,-23.543533,-46.784922,N
3087,6083,osasco,SP,-23.542105,-46.778728,N
3088,6086,osasco,SP,-23.534653,-46.785064,N
3089,6090,osasco,SP,-23.533321,-46.782255,N
3090,6093,osasco,SP,-23.530021,-46.782768,N
3091,6097,osasco,SP,-23.528549,-46.779788,N
3092,6102,osasco,SP,-23.549468,-46.812978,N
3093,6110,osasco,SP,-23.531588,-46.791425,N
3094,6112,osasco,SP,-23.536402,-46.795996,N
3095,6114,osasco,SP,-23.53356,-46.797805,N
3096,6120,osasco,SP,-23.541895,-46.791789,N
3097,6122,osasco,SP,-23.542314,-46.798817,N
3098,6124,osasco,SP,-23.546688,-46.79811,N
3099,6126,osasco,SP,-23.5516,-46.794523,N
3100,6130,osasco,SP,-23.557551,-46.796787,N
3101,6132,osasco,SP,-23.55656,-46.798388,N
3102,6140,osasco,SP,-23.576526,-46.800874,N
3103,6142,osasco,SP,-23.569548,-46.797864,N
3104,6144,osasco,SP,-23.566933,-46.800936,N
3105,6145,osasco,SP,-23.57007,-46.802959,N
3106,6147,osasco,SP,-23.578697,-46.80773,N
3107,6149,osasco,SP,-23.581811,-46.813416,N
3108,6150,osasco,SP,-23.570256,-46.811308,N
3109,6152,osasco,SP,-23.563614,-46.803609,N
3110,6154,osasco,SP,-23.560056,-46.804468,N
3111,6160,osasco,SP,-23.557419,-46.812129,N
3112,6162,osasco,SP,-23.553557,-46.80914,N
3113,6170,osasco,SP,-23.545487,-46.804866,N
3114,6172,osasco,SP,-23.542451,-46.812849,N
3115,6180,osasco,SP,-23.536525,-46.803411,N
3116,6182,osasco,SP,-23.529107,-46.812418,N
3117,6184,osasco,SP,-23.538414,-46.807996,N
3118,6186,osasco,SP,-23.533258,-46.813092,N
3119,6187,osasco,SP,-23.545158,-46.813666,N
3120,6190,osasco,SP,-23.530037,-46.798882,N
3121,6192,osasco,SP,-23.527693,-46.80135,N
3122,6194,osasco,SP,-23.525359,-46.801902,N
3123,6210,osasco,SP,-23.528415,-46.766271,N
3124,6213,osasco,SP,-23.53018,-46.768223,N
3125,6216,osasco,SP,-23.525695,-46.771591,N
3126,6220,osasco,SP,-23.516495,-46.782358,N
3127,6223,osasco,SP,-23.515746,-46.777641,N
3128,6226,osasco,SP,-23.508287,-46.778096,N
3129,6230,osasco,SP,-23.516405,-46.79984,N
3130,6233,osasco,SP,-23.5166,-46.786974,N
3131,6236,osasco,SP,-23.510108,-46.787355,N
3132,6240,osasco,SP,-23.503984,-46.805553,N
3133,6243,osasco,SP,-23.503553,-46.798254,N
3134,6246,osasco,SP,-23.498859,-46.807066,N
3135,6250,osasco,SP,-23.500657,-46.796003,N
3136,6253,osasco,SP,-23.497064,-46.797449,N
3137,6260,osasco,SP,-23.499392,-46.791043,N
3138,6263,osasco,SP,-23.493797,-46.796516,N
3139,6266,osasco,SP,-23.493205,-46.787889,N
3140,6268,osasco,SP,-23.50005,-46.778227,N
3141,6270,osasco,SP,-23.496201,-46.77138,N
3142,6273,osasco,SP,-23.499063,-46.767939,N
3143,6276,osasco,SP,-23.484456,-46.775068,N
3144,6278,osasco,SP,-23.478839,-46.778754,N
3145,6280,osasco,SP,-23.509789,-46.766849,N
3146,6283,osasco,SP,-23.514445,-46.768161,N
3147,6286,osasco,SP,-23.506556,-46.772059,N
3148,6288,osasco,SP,-23.502363,-46.76556,N
3149,6290,osasco,SP,-23.52028,-46.771288,N
3150,6293,osasco,SP,-23.516295,-46.76288,N
3151,6296,osasco,SP,-23.518182,-46.757296,N
3152,6298,osasco,SP,-23.521147,-46.754036,N
3153,6310,carapicuíba,SP,-23.515454,-46.83909,N
3154,6311,carapicuiba,SP,-23.520892,-46.845783,N
3155,6315,carapicuiba,SP,-23.525173,-46.841548,N
3156,6317,carapicuíba,SP,-23.526306,-46.845694,N
3157,6320,carapicuíba,SP,-23.524556,-46.836275,N
3158,6321,carapicuiba,SP,-23.538498,-46.830558,N
3159,6322,carapicuiba,SP,-23.530076,-46.833396,N
3160,6325,carapicuiba,SP,-23.530162,-46.829345,N
3161,6326,carapicuiba,SP,-23.529281,-46.82848,N
3162,6327,carapicuiba,SP,-23.533123,-46.823954,N
3163,6328,carapicuiba,SP,-23.529082,-46.825956,N
3164,6329,carapicuiba,SP,-23.538935,-46.821792,N
3165,6330,carapicuiba,SP,-23.555518,-46.828339,N
3166,6331,carapicuiba,SP,-23.543667,-46.828683,N
3167,6332,carapicuiba,SP,-23.548806,-46.83024,N
3168,6333,carapicuiba,SP,-23.559725,-46.831541,N
3169,6334,carapicuiba,SP,-23.544479,-46.832079,N
3170,6335,carapicuiba,SP,-23.554822,-46.833759,N
3171,6340,carapicuíba,SP,-23.567386,-46.82425,N
3172,6341,carapicuíba,SP,-23.572518,-46.819953,N
3173,6342,carapicuíba,SP,-23.579757,-46.825358,N
3174,6343,carapicuiba,SP,-23.56853,-46.833153,N
3175,6345,carapicuiba,SP,-23.5745,-46.841788,N
3176,6350,carapicuiba,SP,-23.574742,-46.855944,N
3177,6351,carapicuíba,SP,-23.569094,-46.86363,N
3178,6352,carapicuíba,SP,-23.563984,-46.869817,N
3179,6355,carapicuiba,SP,-23.559795,-46.86023,N
3180,6360,carapicuiba,SP,-23.558886,-46.839129,N
3181,6361,carapicuiba,SP,-23.556802,-46.846225,N
3182,6362,carapicuiba,SP,-23.554276,-46.841446,N
3183,6363,carapicuiba,SP,-23.567832,-46.838614,N
3184,6364,carapicuiba,SP,-23.56563,-46.842298,N
3185,6365,carapicuiba,SP,-23.552946,-46.850823,N
3186,6379,carapicuíba,SP,-23.534842,-46.859723,N
3187,6380,carapicuiba,SP,-23.541912,-46.83721,N
3188,6381,carapicuiba,SP,-23.545804,-46.838823,N
3189,6382,carapicuiba,SP,-23.549785,-46.839157,N
3190,6384,carapicuiba,SP,-23.542681,-46.846276,N
3191,6385,carapicuiba,SP,-23.542058,-46.843124,N
3192,6386,carapicuiba,SP,-23.532572,-46.842823,N
3193,6387,carapicuiba,SP,-23.55135,-46.835142,N
3194,6390,carapicuiba,SP,-23.540295,-46.85299,N
3195,6394,carapicuíba,SP,-23.525046,-46.856954,N
3196,6395,carapicuiba,SP,-23.532326,-46.850225,N
3197,6396,carapicuiba,SP,-23.529471,-46.85398,N
3198,6397,carapicuíba,SP,-23.53093,-46.858329,N
3199,6401,barueri,SP,-23.509459,-46.881081,N
3200,6402,barueri,SP,-23.508394,-46.879238,N
3201,6404,barueri,SP,-23.506449,-46.868608,N
3202,6405,barueri,SP,-23.496952,-46.883644,N
3203,6406,barueri,SP,-23.501746,-46.887032,N
3204,6407,barueri,SP,-23.500064,-46.890559,N
3205,6408,barueri,SP,-23.495557,-46.885387,N
3206,6409,barueri,SP,-23.494158,-46.896106,N
3207,6410,barueri,SP,-23.501621,-46.867234,N
3208,6411,barueri,SP,-23.501437,-46.874418,N
3209,6412,barueri,SP,-23.497201,-46.880992,N
3210,6413,barueri,SP,-23.487126,-46.878744,N
3211,6414,barueri,SP,-23.493552,-46.871704,N
3212,6415,barueri,SP,-23.490478,-46.888959,N
3213,6416,barueri,SP,-23.486926,-46.892836,N
3214,6417,barueri,SP,-23.486149,-46.883941,N
3215,6418,barueri,SP,-23.482887,-46.885787,N
3216,6419,barueri,SP,-23.476934,-46.8853,N
3217,6420,barueri,SP,-23.512219,-46.895958,N
3218,6421,barueri,SP,-23.508652,-46.901255,N
3219,6422,barueri,SP,-23.516729,-46.899987,N
3220,6423,barueri,SP,-23.497386,-46.906098,N
3221,6424,barueri,SP,-23.495901,-46.874687,N
3222,6428,barueri,SP,-23.49653,-46.957729,N
3223,6429,barueri,SP,-23.489688,-46.952915,N
3224,6433,barueri,SP,-23.526108,-46.888008,N
3225,6434,barueri,SP,-23.529917,-46.889261,N
3226,6435,barueri,SP,-23.531656,-46.884202,N
3227,6436,barueri,SP,-23.5377,-46.888884,N
3228,6437,barueri,SP,-23.544335,-46.888747,N
3229,6440,barueri,SP,-23.510922,-46.859923,N
3230,6442,barueri,SP,-23.515846,-46.873445,N
3231,6443,barueri,SP,-23.539454,-46.864362,N
3232,6444,barueri,SP,-23.542661,-46.883796,N
3233,6445,barueri,SP,-23.529154,-46.864769,N
3234,6447,barueri,SP,-23.541452,-46.877157,N
3235,6448,barueri,SP,-23.548011,-46.875694,N
3236,6449,barueri,SP,-23.542122,-46.868674,N
3237,6453,barueri,SP,-23.497078,-46.851058,N
3238,6454,barueri,SP,-23.495786,-46.847483,N
3239,6455,barueri,SP,-23.501124,-46.849702,N
3240,6458,barueri,SP,-23.491277,-46.825905,N
3241,6460,barueri,SP,-23.498796,-46.833058,N
3242,6462,barueri,SP,-23.485397,-46.809794,N
3243,6463,barueri,SP,-23.502404,-46.813463,N
3244,6465,barueri,SP,-23.498521,-46.850537,N
3245,6470,barueri,SP,-23.49476,-46.858655,N
3246,6471,barueri,SP,-23.486477,-46.853376,N
3247,6472,barueri,SP,-23.485262,-46.852621,N
3248,6473,barueri,SP,-23.483674,-46.863477,N
3249,6474,barueri,SP,-23.487758,-46.846222,N
3250,6475,barueri,SP,-23.487115,-46.837201,N
3251,6480,barueri,SP,-23.488018,-46.855511,N
3252,6485,barueri,SP,-23.483301,-46.847761,N
3253,6501,santana de parnaiba,SP,-23.444029,-46.915509,N
3254,6502,santana de parnaiba,SP,-23.445356,-46.924983,N
3255,6503,santana de parnaiba,SP,-23.456277,-46.937194,N
3256,6504,santana de parnaiba,SP,-23.439647,-46.936553,N
3257,6505,santana de parnaiba,SP,-23.412133,-46.941245,N
3258,6506,santana de parnaiba,SP,-23.418614,-46.958876,N
3259,6509,santana de parnaiba,SP,-23.451858,-46.946897,N
3260,6513,santana de parnaiba,SP,-23.461573,-46.915295,N
3261,6514,santana de parnaiba,SP,-23.473247,-46.912215,N
3262,6515,santana de parnaiba,SP,-23.473703,-46.896513,N
3263,6516,santana de parnaiba,SP,-23.481048,-46.893537,N
3264,6517,santana de parnaiba,SP,-23.47611,-46.933974,N
3265,6519,santana de parnaiba,SP,-23.491332,-46.963781,N
3266,6520,santana de parnaiba,SP,-23.477976,-46.975088,N
3267,6523,santana de parnaíba,SP,-23.493496,-47.000634,N
3268,6524,santana de parnaiba,SP,-23.475732,-47.004094,N
3269,6525,santana de parnaiba,SP,-23.41655,-46.893378,N
3270,6526,santana de parnaiba,SP,-23.429484,-46.921982,N
3271,6528,santana de parnaíba,SP,-23.408292,-46.897232,N
3272,6529,santana de parnaiba,SP,-23.404258,-46.883452,N
3273,6530,santana de parnaiba,SP,-23.410649,-46.884794,N
3274,6531,santana de parnaiba,SP,-23.420572,-46.875187,N
3275,6532,santana de parnaiba,SP,-23.44213,-46.887925,N
3276,6533,santana de parnaiba,SP,-23.422136,-46.873614,N
3277,6534,santana de parnaiba,SP,-23.414662,-46.868844,N
3278,6535,santana de parnaiba,SP,-23.425498,-46.855731,N
3279,6537,santana de parnaiba,SP,-23.429046,-46.826846,N
3280,6539,santana de parnaiba,SP,-23.465039,-46.884997,N
3281,6540,santana de parnaiba,SP,-23.453918,-46.882588,N
3282,6541,santana de parnaíba,SP,-23.462986,-46.872641,N
3283,6542,santana de parnaiba,SP,-23.473606,-46.8685,N
3284,6543,santana de parnaiba,SP,-23.469944,-46.848067,N
3285,6544,santana de parnaiba,SP,-23.463703,-46.852473,N
3286,6550,pirapora do bom jesus,SP,-23.403048,-46.995116,N
3287,6600,jandira,SP,-23.532354,-46.901352,N
3288,6602,jandira,SP,-23.534257,-46.897484,N
3289,6604,jandira,SP,-23.539279,-46.904021,N
3290,6606,jandira,SP,-23.532949,-46.907331,N
3291,6608,jandira,SP,-23.533807,-46.9149,N
3292,6609,jandira,SP,-23.535136,-46.910811,N
3293,6610,jandira,SP,-23.524186,-46.920881,N
3294,6612,jandira,SP,-23.520978,-46.919063,N
3295,6616,jandira,SP,-23.524664,-46.911196,N
3296,6618,jandira,SP,-23.524966,-46.898732,N
3297,6620,jandira,SP,-23.547298,-46.892505,N
3298,6622,jandira,SP,-23.546703,-46.899836,N
3299,6624,jandira,SP,-23.54818,-46.91036,N
3300,6626,jandira,SP,-23.541592,-46.911604,N
3301,6630,jandira,SP,-23.5553,-46.890347,N
3302,6631,jandira,SP,-23.544998,-46.904303,N
3303,6633,jandira,SP,-23.530553,-46.88624,N
3304,6634,jandira,SP,-23.559337,-46.904654,N
3305,6636,jandira,SP,-23.55662,-46.899041,N
3306,6642,jandira,SP,-23.557449,-46.87729,N
3307,6648,jandira,SP,-23.548522,-46.867087,N
3308,6650,itapevi,SP,-23.544589,-46.935159,N
3309,6652,itapevi,SP,-23.549604,-46.926327,N
3310,6653,itapevi,SP,-23.547054,-46.929721,N
3311,6654,itapevi,SP,-23.538906,-46.924101,N
3312,6655,itapevi,SP,-23.564964,-46.975513,N
3313,6656,itapevi,SP,-23.554625,-46.923437,N
3314,6657,itapevi,SP,-23.557298,-46.929128,N
3315,6660,itapevi,SP,-23.548545,-46.955789,N
3316,6663,itapevi,SP,-23.557647,-46.939783,N
3317,6665,itapevi,SP,-23.564171,-46.973056,N
3318,6670,itapevi,SP,-23.586113,-46.965367,N
3319,6673,itapevi,SP,-23.554944,-46.911946,N
3320,6675,itapevi,SP,-23.547427,-46.971293,N
3321,6680,itapevi,SP,-23.535187,-46.976608,N
3322,6683,itapevi,SP,-23.539575,-46.968904,N
3323,6684,itapevi,SP,-23.538937,-46.942247,N
3324,6685,itapevi,SP,-23.541373,-47.000004,N
3325,6690,itapevi,SP,-23.528253,-46.948197,N
3326,6693,itapevi,SP,-23.53814,-46.946093,N
3327,6694,itapevi,SP,-23.542791,-46.938662,N
3328,6695,itapevi,SP,-23.537495,-46.954493,N
3329,6696,itapevi,SP,-23.523946,-46.941468,N
3330,6700,cotia,SP,-23.6095,-46.932808,N
3331,6701,cotia,SP,-23.608465,-46.971671,N
3332,6702,cotia,SP,-23.581605,-46.929404,N
3333,6703,cotia,SP,-23.596732,-46.911994,N
3334,6704,cotia,SP,-23.577766,-46.917026,N
3335,6705,cotia,SP,-23.589481,-46.896097,N
3336,6706,cotia,SP,-23.578532,-46.874263,N
3337,6707,cotia,SP,-23.590012,-46.870365,N
3338,6708,cotia,SP,-23.592545,-46.847084,N
3339,6709,cotia,SP,-23.594336,-46.834257,N
3340,6710,cotia,SP,-23.598481,-46.832242,N
3341,6711,cotia,SP,-23.606018,-46.839194,N
3342,6712,cotia,SP,-23.610531,-46.847494,N
3343,6713,cotia,SP,-23.628427,-46.870586,N
3344,6714,cotia,SP,-23.599475,-46.872588,N
3345,6715,cotia,SP,-23.610141,-46.876634,N
3346,6716,cotia,SP,-23.607718,-46.899975,N
3347,6717,cotia,SP,-23.609452,-46.917533,N
3348,6719,cotia,SP,-23.623451,-46.937038,N
3349,6720,cotia,SP,-23.622204,-46.964785,N
3350,6721,cotia,SP,-23.642531,-46.976814,N
3351,6722,cotia,SP,-23.637972,-46.95119,N
3352,6723,cotia,SP,-23.663327,-46.980722,N
3353,6724,cotia,SP,-23.685486,-46.90983,N
3354,6725,cotia,SP,-23.68629,-47.029221,N
3355,6726,cotia,SP,-23.658991,-47.053284,N
3356,6727,cotia,SP,-23.673541,-47.023418,N
3357,6728,cotia,SP,-23.6724,-46.988723,N
3358,6729,cotia,SP,-23.72123,-47.025347,N
3359,6730,vargem grande paulista,SP,-23.622579,-47.012727,N
3360,6738,vargem grande paulista,SP,-23.646152,-47.002796,N
3361,6753,taboao da serra,SP,-23.602304,-46.755998,N
3362,6754,taboao da serra,SP,-23.606135,-46.757486,N
3363,6755,taboao da serra,SP,-23.60095,-46.765591,N
3364,6756,taboao da serra,SP,-23.606356,-46.7736,N
3365,6757,taboão da serra,SP,-23.608377,-46.778911,N
3366,6760,taboao da serra,SP,-23.613474,-46.773141,N
3367,6763,taboão da serra,SP,-23.611337,-46.760749,N
3368,6764,taboao da serra,SP,-23.61583,-46.768533,N
3369,6765,taboao da serra,SP,-23.619222,-46.774047,N
3370,6766,taboao da serra,SP,-23.627686,-46.77825,N
3371,6767,taboao da serra,SP,-23.621544,-46.78504,N
3372,6768,taboao da serra,SP,-23.60769,-46.752815,N
3373,6770,taboao da serra,SP,-23.636894,-46.785005,N
3374,6773,taboao da serra,SP,-23.64223,-46.79178,N
3375,6774,taboao da serra,SP,-23.642179,-46.800309,N
3376,6775,taboao da serra,SP,-23.636704,-46.794122,N
3377,6780,taboao da serra,SP,-23.623192,-46.791487,N
3378,6783,taboao da serra,SP,-23.630686,-46.789224,N
3379,6784,taboão da serra,SP,-23.632041,-46.790806,N
3380,6785,taboao da serra,SP,-23.636466,-46.806099,N
3381,6786,taboao da serra,SP,-23.625556,-46.807882,N
3382,6787,taboao da serra,SP,-23.6237,-46.800395,N
3383,6790,taboao da serra,SP,-23.611176,-46.786728,N
3384,6793,taboao da serra,SP,-23.610688,-46.767033,N
3385,6794,taboao da serra,SP,-23.616307,-46.807219,N
3386,6795,taboao da serra,SP,-23.61303,-46.79743,N
3387,6803,embu das artes,SP,-23.648781,-46.849024,N
3388,6804,embu,SP,-23.644263,-46.850803,N
3389,6805,embu das artes,SP,-23.634189,-46.850534,N
3390,6806,embu das artes,SP,-23.635817,-46.838647,N
3391,6807,embu das artes,SP,-23.627005,-46.823185,N
3392,6810,embu das artes,SP,-23.647107,-46.801269,N
3393,6813,embu,SP,-23.651346,-46.805166,N
3394,6814,embu das artes,SP,-23.660089,-46.814481,N
3395,6815,embu das artes,SP,-23.6528,-46.815101,N
3396,6816,embu das artes,SP,-23.64475,-46.820238,N
3397,6817,embu das artes,SP,-23.634243,-46.820405,N
3398,6818,embu das artes,SP,-23.642048,-46.837526,N
3399,6820,embu das artes,SP,-23.659419,-46.796669,N
3400,6823,embu das artes,SP,-23.669873,-46.802043,N
3401,6824,embu das artes,SP,-23.67636,-46.804888,N
3402,6825,embu das artes,SP,-23.667299,-46.811456,N
3403,6826,embu das artes,SP,-23.658633,-46.801151,N
3404,6830,embu das artes,SP,-23.647009,-46.842434,N
3405,6833,embu das artes,SP,-23.656833,-46.844839,N
3406,6835,embu das artes,SP,-23.676704,-46.851152,N
3407,6840,embu das artes,SP,-23.649571,-46.860397,N
3408,6843,embu das artes,SP,-23.666999,-46.862326,N
3409,6844,embu das artes,SP,-23.661827,-46.880839,N
3410,6845,embu das artes,SP,-23.641833,-46.894307,N
3411,6846,embu,SP,-23.63554,-46.872524,N
3412,6850,itapecerica da serra,SP,-23.709826,-46.851479,N
3413,6851,itapecerica da serra,SP,-23.718009,-46.859181,N
3414,6852,itapecerica da serra,SP,-23.706489,-46.858942,N
3415,6853,itapecerica da serra,SP,-23.690827,-46.85549,N
3416,6854,itapecerica da serra,SP,-23.69972,-46.848208,N
3417,6855,itapecerica da serra,SP,-23.695123,-46.82827,N
3418,6856,itapecerica da serra,SP,-23.693113,-46.806041,N
3419,6857,itapecerica da serra,SP,-23.704727,-46.79913,N
3420,6858,itapecerica da serra,SP,-23.70727,-46.825485,N
3421,6859,itapecerica da serra,SP,-23.709719,-46.833969,N
3422,6860,itapecerica da serra,SP,-23.723459,-46.84055,N
3423,6861,itapecerica da serra,SP,-23.730778,-46.811902,N
3424,6863,itapecerica da serra,SP,-23.725755,-46.817787,N
3425,6864,itapecerica da serra,SP,-23.744201,-46.801,N
3426,6865,itapecerica da serra,SP,-23.746674,-46.794149,N
3427,6866,itapecerica da serra,SP,-23.755068,-46.800883,N
3428,6867,itapecerica da serra,SP,-23.756407,-46.809872,N
3429,6868,itapecerica da serra,SP,-23.759728,-46.825183,N
3430,6869,itapecerica da serra,SP,-23.744507,-46.846742,N
3431,6870,itapecerica da serra,SP,-23.730772,-46.877757,N
3432,6871,itapecerica da serra,SP,-23.724055,-46.856657,N
3433,6872,itapecerica da serra,SP,-23.733398,-46.851168,N
3434,6873,itapecerica da serra,SP,-23.754661,-46.85681,N
3435,6874,itapecerica da serra,SP,-23.762546,-46.844182,N
3436,6876,itapecerica da serra,SP,-23.759456,-46.879094,N
3437,6877,itapecerica da serra,SP,-23.776456,-46.916247,N
3438,6880,itapecerica da serra,SP,-23.778166,-46.918729,N
3439,6881,itapecerica da serra,SP,-23.744311,-46.918099,N
3440,6882,itapecerica da serra,SP,-23.740324,-46.897875,N
3441,6885,itapecerica da serra,SP,-23.708343,-46.8772,N
3442,6886,itapecerica da serra,SP,-23.715528,-46.888484,N
3443,6887,itapecerica da serra,SP,-23.691842,-46.88593,N
3444,6888,itapecerica da serra,SP,-23.687012,-46.863519,N
3445,6890,sao lourenco da serra,SP,-23.855722,-46.948897,N
3446,6900,embu-guaçu,SP,-23.835127,-46.814086,N
3447,6930,cipo-guacu,SP,,,N
3448,6950,juquitiba,SP,-23.941873,-47.0732,N
3449,7010,guarulhos,SP,-23.467668,-46.529529,N
3450,7011,guarulhos,SP,-23.468455,-46.530869,N
3451,7012,guarulhos,SP,-23.471834,-46.530259,N
3452,7013,guarulhos,SP,-23.471988,-46.525302,N
3453,7020,guarulhos,SP,-23.469613,-46.537383,N
3454,7021,guarulhos,SP,-23.473003,-46.539732,N
3455,7022,guarulhos,SP,-23.474557,-46.537623,N
3456,7023,guarulhos,SP,-23.477578,-46.541043,N
3457,7024,guarulhos,SP,-23.47891,-46.538241,N
3458,7025,guarulhos,SP,-23.482841,-46.543454,N
3459,7030,guarulhos,SP,-23.495701,-46.549603,N
3460,7031,guarulhos,SP,-23.493719,-46.546189,N
3461,7032,guarulhos,SP,-23.503897,-46.554524,N
3462,7033,guarulhos,SP,-23.499225,-46.554931,N
3463,7034,guarulhos,SP,-23.477144,-46.522914,N
3464,7040,guarulhos,SP,-23.475389,-46.544251,N
3465,7041,guarulhos,SP,-23.4833,-46.550048,N
3466,7042,guarulhos,SP,-23.48275,-46.55038,N
3467,7043,guarulhos,SP,-23.484977,-46.551735,N
3468,7044,guarulhos,SP,-23.481609,-46.553282,N
3469,7050,guarulhos,SP,-23.462724,-46.552179,N
3470,7051,guarulhos,SP,-23.467923,-46.550763,N
3471,7052,guarulhos,SP,-23.472641,-46.554052,N
3472,7053,guarulhos,SP,-23.47605,-46.55596,N
3473,7054,guarulhos,SP,-23.466105,-46.557837,N
3474,7055,guarulhos,SP,-23.467437,-46.561126,N
3475,7056,guarulhos,SP,-23.460297,-46.565827,N
3476,7060,guarulhos,SP,-23.455316,-46.546838,N
3477,7061,guarulhos,SP,-23.454638,-46.553199,N
3478,7062,guarulhos,SP,-23.45996,-46.552436,N
3479,7063,guarulhos,SP,-23.457164,-46.557135,N
3480,7064,guarulhos,SP,-23.451319,-46.555198,N
3481,7070,guarulhos,SP,-23.451973,-46.557172,N
3482,7071,guarulhos,SP,-23.453505,-46.562431,N
3483,7072,guarulhos,SP,-23.446778,-46.555431,N
3484,7073,guarulhos,SP,-23.447172,-46.563157,N
3485,7074,guarulhos,SP,-23.449907,-46.562949,N
3486,7075,guarulhos,SP,-23.425477,-46.550636,N
3487,7076,guarulhos,SP,-23.43187,-46.563143,N
3488,7077,guarulhos,SP,-23.436154,-46.552332,N
3489,7080,guarulhos,SP,-23.44494,-46.546581,N
3490,7081,guarulhos,SP,-23.443467,-46.553221,N
3491,7082,guarulhos,SP,-23.436537,-46.544181,N
3492,7083,guarulhos,SP,-23.437615,-46.550224,N
3493,7084,guarulhos,SP,-23.429464,-46.54959,N
3494,7085,guarulhos,SP,-23.427721,-46.548094,N
3495,7087,guarulhos,SP,-23.418933,-46.523388,N
3496,7090,guarulhos,SP,-23.468065,-46.534915,N
3497,7091,guarulhos,SP,-23.464178,-46.539335,N
3498,7092,guarulhos,SP,-23.463483,-46.54535,N
3499,7093,guarulhos,SP,-23.457896,-46.540663,N
3500,7094,guarulhos,SP,-23.453324,-46.539934,N
3501,7095,guarulhos,SP,-23.461066,-46.534826,N
3502,7096,guarulhos,SP,-23.451292,-46.53871,N
3503,7097,guarulhos,SP,-23.445655,-46.541525,N
3504,7110,guarulhos,SP,-23.46722,-46.526394,N
3505,7111,guarulhos,SP,-23.46489,-46.522338,N
3506,7112,guarulhos,SP,-23.468704,-46.516142,N
3507,7113,guarulhos,SP,-23.463611,-46.517677,N
3508,7114,guarulhos,SP,-23.454434,-46.528725,N
3509,7115,guarulhos,SP,-23.450764,-46.532905,N
3510,7120,guarulhos,SP,-23.454908,-46.525772,N
3511,7121,guarulhos,SP,-23.451112,-46.522941,N
3512,7122,guarulhos,SP,-23.448746,-46.517988,N
3513,7123,guarulhos,SP,-23.444882,-46.525608,N
3514,7124,guarulhos,SP,-23.433637,-46.533773,N
3515,7130,guarulhos,SP,-23.442493,-46.52064,N
3516,7131,guarulhos,SP,-23.433619,-46.52525,N
3517,7132,guarulhos,SP,-23.434801,-46.517025,N
3518,7133,guarulhos,SP,-23.436711,-46.51134,N
3519,7134,guarulhos,SP,-23.428291,-46.513189,N
3520,7135,guarulhos,SP,-23.425556,-46.525292,N
3521,7140,guarulhos,SP,-23.429964,-46.49797,N
3522,7141,guarulhos,SP,-23.42874,-46.507542,N
3523,7142,guarulhos,SP,-23.414532,-46.490559,N
3524,7143,guarulhos,SP,-23.422442,-46.501156,N
3525,7144,guarulhos,SP,-23.409198,-46.514932,N
3526,7145,guarulhos,SP,-23.41462,-46.495093,N
3527,7150,guarulhos,SP,-23.417809,-46.462966,N
3528,7151,guarulhos,SP,-23.409444,-46.455488,N
3529,7152,guarulhos,SP,-23.405071,-46.4709,N
3530,7153,guarulhos,SP,-23.378122,-46.448306,N
3531,7154,guarulhos,SP,-23.374335,-46.44879,N
3532,7155,guarulhos,SP,-23.41623,-46.467585,N
3533,7156,guarulhos,SP,-23.394531,-46.45129,N
3534,7159,guarulhos,SP,-23.382469,-46.403071,N
3535,7160,guarulhos,SP,-23.410633,-46.445164,N
3536,7161,guarulhos,SP,-23.39825,-46.438338,N
3537,7162,guarulhos,SP,-23.405216,-46.445483,N
3538,7170,guarulhos,SP,-23.431867,-46.434923,N
3539,7171,guarulhos,SP,-23.421874,-46.43689,N
3540,7172,guarulhos,SP,-23.421321,-46.430769,N
3541,7173,guarulhos,SP,-23.430801,-46.429507,N
3542,7174,guarulhos,SP,-23.424944,-46.422657,N
3543,7175,guarulhos,SP,-23.409187,-46.402111,N
3544,7176,guarulhos,SP,-23.40962,-46.386426,N
3545,7177,guarulhos,SP,-23.419826,-46.398335,N
3546,7178,guarulhos,SP,-23.400697,-46.398165,N
3547,7179,guarulhos,SP,-23.404046,-46.418774,N
3548,7180,guarulhos,SP,-23.452265,-46.476441,N
3549,7181,guarulhos,SP,-23.444126,-46.467541,N
3550,7182,guarulhos,SP,-23.44267,-46.463682,N
3551,7183,guarulhos,SP,-23.440534,-46.462815,N
3552,7184,guarulhos,SP,-23.417696,-46.393666,N
3553,7190,guarulhos,SP,-23.457326,-46.49715,N
3554,7191,guarulhos,SP,-23.457188,-46.507955,N
3555,7192,guarulhos,SP,-23.452203,-46.506436,N
3556,7193,guarulhos,SP,-23.447285,-46.502478,N
3557,7194,guarulhos,SP,-23.442891,-46.506739,N
3558,7195,guarulhos,SP,-23.447799,-46.511051,N
3559,7196,guarulhos,SP,-23.454106,-46.511503,N
3560,7197,guarulhos,SP,-23.460266,-46.515505,N
3561,7210,guarulhos,SP,-23.455428,-46.437515,N
3562,7215,guarulhos,SP,-23.459716,-46.445199,N
3563,7220,guarulhos,SP,-23.469969,-46.466396,N
3564,7221,guarulhos,SP,-23.471205,-46.47271,N
3565,7222,guarulhos,SP,-23.464533,-46.472558,N
3566,7223,guarulhos,SP,-23.46241,-46.478447,N
3567,7224,guarulhos,SP,-23.465864,-46.483452,N
3568,7230,guarulhos,SP,-23.454802,-46.456372,N
3569,7231,guarulhos,SP,-23.455735,-46.464135,N
3570,7232,guarulhos,SP,-23.466503,-46.463473,N
3571,7240,guarulhos,SP,-23.447963,-46.438788,N
3572,7241,guarulhos,SP,-23.446977,-46.426683,N
3573,7242,guarulhos,SP,-23.438737,-46.422619,N
3574,7243,guarulhos,SP,-23.438617,-46.412876,N
3575,7244,guarulhos,SP,-23.446898,-46.413526,N
3576,7250,guarulhos,SP,-23.420395,-46.374965,N
3577,7251,guarulhos,SP,-23.43558,-46.40226,N
3578,7252,guarulhos,SP,-23.441532,-46.430015,N
3579,7260,guarulhos,SP,-23.454083,-46.42753,N
3580,7261,guarulhos,SP,-23.446492,-46.408626,N
3581,7262,guarulhos,SP,-23.475644,-46.393196,N
3582,7263,guarulhos,SP,-23.458085,-46.414651,N
3583,7270,guarulhos,SP,-23.462049,-46.428988,N
3584,7271,guarulhos,SP,-23.411975,-46.459606,N
3585,7272,guarulhos,SP,-23.459865,-46.440786,N
3586,7273,guarulhos,SP,-23.457844,-46.421026,N
3587,7283,guarulhos,SP,-23.439316,-46.4609,N
3588,7400,aruja,SP,-23.396225,-46.324076,N
3589,7401,arujá,SP,-23.38913,-46.321522,N
3590,7402,aruja,SP,-23.396335,-46.314706,N
3591,7403,aruja,SP,-23.392561,-46.310939,N
3592,7404,arujá,SP,-23.389574,-46.29971,N
3593,7405,aruja,SP,-23.388765,-46.301464,N
3594,7407,arujá,SP,-23.377843,-46.31061,N
3595,7411,arujá,SP,-23.405156,-46.342967,N
3596,7412,aruja,SP,,,N
3597,7413,aruja,SP,-23.408041,-46.361585,N
3598,7414,aruja,SP,-23.406307,-46.364838,N
3599,7417,aruja,SP,-23.383802,-46.323443,N
3600,7422,arujá,SP,-23.388624,-46.354677,N
3601,7424,aruja,SP,-23.330629,-46.308394,N
3602,7428,aruja,SP,-23.407027,-46.323277,N
3603,7429,aruja,SP,-23.413979,-46.329393,N
3604,7430,aruja,SP,,,N
3605,7431,aruja,SP,-23.419419,-46.35509,N
3606,7432,aruja,SP,-23.420106,-46.364047,N
3607,7434,aruja,SP,-23.415885,-46.321248,N
3608,7435,aruja,SP,-23.415984,-46.315864,N
3609,7436,arujá,SP,-23.4148,-46.302482,N
3610,7437,aruja,SP,-23.425244,-46.294228,N
3611,7438,aruja,SP,-23.406609,-46.293051,N
3612,7439,aruja,SP,-23.400044,-46.282538,N
3613,7440,arujá,SP,-23.415946,-46.283254,N
3614,7443,aruja,SP,-23.41841,-46.305088,N
3615,7500,santa isabel,SP,-23.318323,-46.226107,N
3616,7600,mairipora,SP,-23.329722,-46.597122,N
3617,7700,caieiras,SP,-23.362945,-46.740967,N
3618,7703,caieiras,SP,-23.372233,-46.752824,N
3619,7704,caieiras,SP,-23.376305,-46.750696,N
3620,7705,mauá,SP,-23.659614,-46.475785,N
3621,7712,caieiras,SP,-23.355537,-46.745747,N
3622,7713,caieiras,SP,-23.352873,-46.748202,N
3623,7714,caieiras,SP,-23.347997,-46.758469,N
3624,7715,caieiras,SP,-23.346147,-46.751902,N
3625,7716,caieiras,SP,-23.343065,-46.746437,N
3626,7717,caieiras,SP,-23.334803,-46.75258,N
3627,7718,caieiras,SP,-23.337535,-46.756292,N
3628,7724,caieiras,SP,-23.357716,-46.733237,N
3629,7726,caieiras,SP,-23.374233,-46.702369,N
3630,7727,caieiras,SP,-23.373657,-46.677183,N
3631,7729,caieiras,SP,,,N
3632,7733,caieiras,SP,-23.409814,-46.673782,N
3633,7734,caieiras,SP,-23.403624,-46.692106,N
3634,7739,caieiras,SP,-23.392741,-46.713616,N
3635,7740,caieiras,SP,-23.391268,-46.712868,N
3636,7741,caieiras,SP,-23.393092,-46.708951,N
3637,7743,caieiras,SP,-23.377367,-46.709769,N
3638,7744,caieiras,SP,-23.391169,-46.716145,N
3639,7745,caieiras,SP,-23.381327,-46.719014,N
3640,7747,caieiras,SP,-23.390865,-46.718506,N
3641,7748,caieiras,SP,-23.391474,-46.730687,N
3642,7749,caieiras,SP,-23.385477,-46.738659,N
3643,7750,cajamar,SP,-23.373932,-46.863654,N
3644,7752,cajamar,SP,-23.363343,-46.85511,N
3645,7753,cajamar,SP,-23.329788,-46.920246,N
3646,7756,cajamar,SP,-23.389937,-46.863141,N
3647,7760,jordanesia,SP,-23.359344,-46.802574,N
3648,7764,cajamar,SP,-23.376681,-46.926805,N
3649,7767,cajamar,SP,-23.335586,-46.926222,N
3650,7768,cajamar,SP,-23.335312,-46.914586,N
3651,7770,polvilho,SP,-23.412196,-46.843424,N
3652,7776,cajamar,SP,-23.340395,-46.844019,N
3653,7778,cajamar,SP,-23.361581,-46.872339,N
3654,7781,cajamar,SP,-23.28553,-46.873671,N
3655,7784,cajamar,SP,,,N
3656,7785,cajamar,SP,-23.332318,-46.829192,N
3657,7786,cajamar,SP,-23.334961,-46.831191,N
3658,7787,cajamar,SP,-23.340235,-46.83014,N
3659,7788,cajamar,SP,-23.352216,-46.825699,N
3660,7789,cajamar,SP,-23.361274,-46.847801,N
3661,7790,cajamar,SP,-23.370879,-46.847968,N
3662,7791,cajamar,SP,-23.406858,-46.861154,N
3663,7792,cajamar,SP,-23.412184,-46.845135,N
3664,7793,cajamar,SP,-23.413764,-46.829923,N
3665,7794,cajamar,SP,-23.417368,-46.825502,N
3666,7801,franco da rocha,SP,-23.321932,-46.725784,N
3667,7802,franco da rocha,SP,-23.326394,-46.728671,N
3668,7803,franco da rocha,SP,-23.331105,-46.732246,N
3669,7804,franco da rocha,SP,-23.325202,-46.734123,N
3670,7807,franco da rocha,SP,-23.320803,-46.733053,N
3671,7808,franco da rocha,SP,-23.320097,-46.738978,N
3672,7809,franco da rocha,SP,-23.324454,-46.747234,N
3673,7810,franco da rocha,SP,-23.322991,-46.763581,N
3674,7811,franco da rocha,SP,-23.315386,-46.778289,N
3675,7812,franco da rocha,SP,-22.906828,-47.012232,N
3676,7813,franco da rocha,SP,-23.319159,-46.72429,N
3677,7830,franco da rocha,SP,-23.302631,-46.756891,N
3678,7832,franco da rocha,SP,-23.000242,-46.834887,N
3679,7835,franco da rocha,SP,-23.308469,-46.743573,N
3680,7836,franco da rocha,SP,-23.303917,-46.741258,N
3681,7840,franco da rocha,SP,-23.315773,-46.731406,N
3682,7841,franco da rocha,SP,-23.315625,-46.737477,N
3683,7842,franco da rocha,SP,-23.320634,-46.720688,N
3684,7844,franco da rocha,SP,-23.305051,-46.733904,N
3685,7845,franco da rocha,SP,-23.307773,-46.73007,N
3686,7846,franco da rocha,SP,-23.310597,-46.728647,N
3687,7847,franco da rocha,SP,-23.313336,-46.724899,N
3688,7849,franco da rocha,SP,-23.318002,-46.726292,N
3689,7850,franco da rocha,SP,-23.331777,-46.724697,N
3690,7851,franco da rocha,SP,-23.328494,-46.722316,N
3691,7852,franco da rocha,SP,-23.325312,-46.719684,N
3692,7853,franco da rocha,SP,-23.322833,-46.713597,N
3693,7854,franco da rocha,SP,-23.323586,-46.70762,N
3694,7855,franco da rocha,SP,-23.325363,-46.704015,N
3695,7856,franco da rocha,SP,-23.323376,-46.70079,N
3696,7857,franco da rocha,SP,-23.329789,-46.711778,N
3697,7858,franco da rocha,SP,-23.328576,-46.710473,N
3698,7859,franco da rocha,SP,-23.329128,-46.715937,N
3699,7860,franco da rocha,SP,-23.319686,-46.718579,N
3700,7861,franco da rocha,SP,-23.316047,-46.714457,N
3701,7862,franco da rocha,SP,-23.318994,-46.710243,N
3702,7863,franco da rocha,SP,-23.313681,-46.694236,N
3703,7865,franco da rocha,SP,-23.305807,-46.722394,N
3704,7866,franco da rocha,SP,-23.300037,-46.709538,N
3705,7867,franco da rocha,SP,-23.314739,-46.776559,N
3706,7868,franco da rocha,SP,-23.303133,-46.743399,N
3707,7901,francisco morato,SP,-23.282843,-46.74615,N
3708,7902,francisco morato,SP,-23.290737,-46.742608,N
3709,7903,francisco morato,SP,-23.295036,-46.740259,N
3710,7904,francisco morato,SP,-23.296725,-46.736921,N
3711,7905,francisco morato,SP,-23.289555,-46.762894,N
3712,7906,francisco morato,SP,-23.298304,-46.745247,N
3713,7907,francisco morato,SP,-23.296924,-46.748298,N
3714,7908,francisco morato,SP,-23.290319,-46.750014,N
3715,7909,francisco morato,SP,-23.289624,-46.744696,N
3716,7910,francisco morato,SP,-23.278827,-46.745889,N
3717,7911,francisco morato,SP,-23.284032,-46.751778,N
3718,7912,francisco morato,SP,-23.290324,-46.755645,N
3719,7913,francisco morato,SP,-23.288554,-46.761858,N
3720,7914,francisco morato,SP,-23.281368,-46.75298,N
3721,7915,francisco morato,SP,-23.276533,-46.741484,N
3722,7916,francisco morato,SP,-23.277356,-46.757967,N
3723,7917,francisco morato,SP,-23.276326,-46.750871,N
3724,7919,francisco morato,SP,-23.264344,-46.733146,N
3725,7920,francisco morato,SP,-23.271552,-46.748314,N
3726,7921,francisco morato,SP,-23.272574,-46.760773,N
3727,7929,francisco morato,SP,-23.263116,-46.755013,N
3728,7930,francisco morato,SP,-23.259126,-46.750256,N
3729,7934,francisco morato,SP,-23.284446,-46.750725,N
3730,7935,francisco morato,SP,-23.259574,-46.740831,N
3731,7936,francisco morato,SP,-23.261801,-46.742948,N
3732,7940,francisco morato,SP,-23.269966,-46.747616,N
3733,7941,francisco morato,SP,-23.268756,-46.744541,N
3734,7942,francisco morato,SP,-23.275632,-46.738338,N
3735,7943,francisco morato,SP,-23.266469,-46.739895,N
3736,7944,francisco morato,SP,-23.265565,-46.731746,N
3737,7945,francisco morato,SP,-23.263868,-46.731235,N
3738,7946,francisco morato,SP,-23.277589,-46.737882,N
3739,7950,francisco morato,SP,-23.273016,-46.746059,N
3740,7951,francisco morato,SP,-23.272692,-46.73255,N
3741,7952,francisco morato,SP,-23.273198,-46.728098,N
3742,7953,francisco morato,SP,-23.265194,-46.726009,N
3743,7955,francisco morato,SP,-23.26423,-46.720857,N
3744,7956,francisco morato,SP,-23.278056,-46.731701,N
3745,7957,francisco morato,SP,-23.269747,-46.732493,N
3746,7980,francisco morato,SP,-23.2771,-46.746447,N
3747,7985,francisco morato,SP,-23.284884,-46.70414,N
3748,7986,francisco morato,SP,-23.289276,-46.700079,N
3749,7987,francisco morato,SP,-23.288672,-46.707177,N
3750,7988,francisco morato,SP,-23.279315,-46.741858,N
3751,7989,francisco morato,SP,-23.297532,-46.714723,N
3752,7990,francisco morato,SP,-23.27923,-46.740174,N
3753,7991,francisco morato,SP,-23.28372,-46.739435,N
3754,7992,francisco morato,SP,-23.286688,-46.734478,N
3755,7995,francisco morato,SP,-23.295555,-46.729518,N
3756,7996,francisco morato,SP,-23.298426,-46.725361,N
3757,7997,francisco morato,SP,-23.271635,-46.73565,N
3758,7998,francisco morato,SP,-23.293259,-46.733359,N
3759,8010,sao paulo,SP,-23.494223,-46.438262,S
3760,8011,sao paulo,SP,-23.495362,-46.446728,S
3761,8020,sao paulo,SP,-23.504738,-46.441512,S
3762,8021,sao paulo,SP,-23.500142,-46.434586,S
3763,8022,sao paulo,SP,-23.493741,-46.425229,S
3764,8030,sao paulo,SP,-23.503206,-46.422284,S
3765,8031,sao paulo,SP,-23.511353,-46.423949,S
3766,8032,sao paulo,SP,-23.517487,-46.426787,S
3767,8040,sao paulo,SP,-23.508119,-46.448897,S
3768,8041,são paulo,SP,-23.515283,-46.440756,N
3769,8042,são paulo,SP,-23.508136,-46.434033,N
3770,8050,sao paulo,SP,-23.511213,-46.458845,S
3771,8051,sao paulo,SP,-23.513078,-46.467989,S
3772,8060,sao paulo,SP,-23.502299,-46.452412,S
3773,8061,sao paulo,SP,-23.502757,-46.464698,S
3774,8062,sao paulo,SP,-23.510317,-46.473192,S
3775,8070,sao paulo,SP,-23.496035,-46.461668,S
3776,8071,são paulo,SP,-23.490529,-46.449916,N
3777,8072,sao paulo,SP,-23.511512,-46.484294,S
3778,8080,sao paulo,SP,-23.487422,-46.430028,S
3779,8081,são paulo,SP,-23.48589,-46.419347,N
3780,8090,sao paulo,SP,-23.479659,-46.433346,S
3781,8110,sao paulo,SP,-23.498318,-46.399528,S
3782,8111,sao paulo,SP,-23.491955,-46.380064,S
3783,8115,sao paulo,SP,-23.490456,-46.389809,S
3784,8120,sao paulo,SP,-23.50322,-46.396141,S
3785,8121,sao paulo,SP,-23.502134,-46.384129,S
3786,8122,sao paulo,SP,-23.496347,-46.379433,S
3787,8130,sao paulo,SP,-23.506883,-46.373983,S
3788,8131,sao paulo,SP,-23.503144,-46.37624,S
3789,8132,sao paulo,SP,-23.509929,-46.375871,S
3790,8140,sao paulo,SP,-23.511204,-46.399333,S
3791,8141,sao paulo,SP,-23.514487,-46.39218,S
3792,8142,sao paulo,SP,-23.518745,-46.391347,S
3793,8143,sao paulo,SP,-23.516934,-46.464911,S
3794,8150,sao paulo,SP,-23.518635,-46.413807,S
3795,8151,sao paulo,SP,-23.518332,-46.403674,S
3796,8152,são paulo,SP,-23.512784,-46.406881,N
3797,8160,sao paulo,SP,-23.504404,-46.410147,S
3798,8161,sao paulo,SP,-23.503356,-46.413847,S
3799,8180,são paulo,SP,-23.4927,-46.421026,N
3800,8190,sao paulo,SP,-23.487776,-46.393985,S
3801,8191,sao paulo,SP,-23.480853,-46.383058,S
3802,8210,sao paulo,SP,-23.536999,-46.449594,S
3803,8215,sao paulo,SP,-23.539832,-46.444799,S
3804,8220,sao paulo,SP,-23.53741,-46.466583,S
3805,8223,sao paulo,SP,-23.526859,-46.471072,S
3806,8225,sao paulo,SP,-23.529819,-46.461783,S
3807,8226,sao paulo,SP,-23.552257,-46.534862,S
3808,8230,sao paulo,SP,-23.523145,-46.45295,S
3809,8233,sao paulo,SP,-23.525816,-46.472723,S
3810,8235,sao paulo,SP,-23.521545,-46.466547,S
3811,8240,sao paulo,SP,-23.523591,-46.443527,S
3812,8241,sao paulo,SP,-23.51928,-46.436539,S
3813,8245,são paulo,SP,-23.518936,-46.446073,N
3814,8246,sao paulo,SP,-23.531186,-46.438007,S
3815,8247,sao paulo,SP,-23.534802,-46.433892,S
3816,8248,sao paulo,SP,-23.529471,-46.433622,S
3817,8250,sao paulo,SP,-23.539944,-46.439816,S
3818,8253,sao paulo,SP,-23.549136,-46.439426,S
3819,8255,sao paulo,SP,-23.550586,-46.43585,S
3820,8257,sao paulo,SP,-23.553467,-46.428322,S
3821,8260,sao paulo,SP,-23.565855,-46.434938,S
3822,8265,sao paulo,SP,-23.580337,-46.45284,S
3823,8270,sao paulo,SP,-23.561186,-46.461301,S
3824,8275,sao paulo,SP,-23.571276,-46.479397,S
3825,8280,sao paulo,SP,-23.56119,-46.474486,S
3826,8285,sao paulo,SP,-23.553256,-46.472658,S
3827,8290,são paulo,SP,-23.553642,-46.452661,N
3828,8295,sao paulo,SP,-23.548035,-46.459298,S
3829,8310,sao paulo,SP,-23.628942,-46.467217,S
3830,8311,sao paulo,SP,-23.631164,-46.465823,S
3831,8320,sao paulo,SP,-23.627052,-46.473162,S
3832,8321,sao paulo,SP,-23.605179,-46.48897,S
3833,8330,sao paulo,SP,-23.613844,-46.467275,S
3834,8331,sao paulo,SP,-23.609722,-46.469167,S
3835,8340,sao paulo,SP,-23.610107,-46.460095,S
3836,8341,sao paulo,SP,-23.601071,-46.453584,S
3837,8342,sao paulo,SP,,,S
3838,8343,sao paulo,SP,-23.606127,-46.446847,S
3839,8344,são paulo,SP,-23.609871,-46.449168,N
3840,8345,sao paulo,SP,-23.610142,-46.444127,S
3841,8346,sao paulo,SP,-23.556541,-46.678324,S
3842,8347,sao paulo,SP,-23.520336,-46.577891,S
3843,8370,sao paulo,SP,-23.608567,-46.463477,S
3844,8371,sao paulo,SP,-23.596683,-46.431268,S
3845,8372,são paulo,SP,-23.602123,-46.436672,N
3846,8373,sao paulo,SP,-23.482444,-46.646851,S
3847,8375,sao paulo,SP,-23.60061,-46.463232,S
3848,8380,são paulo,SP,-23.598861,-46.440382,N
3849,8381,sao paulo,SP,-23.607992,-46.43075,S
3850,8382,sao paulo,SP,-23.614692,-46.433122,S
3851,8383,sao paulo,SP,-23.561148,-46.514805,S
3852,8390,sao paulo,SP,-23.62711,-46.466949,S
3853,8391,são paulo,SP,-23.593141,-46.556247,N
3854,8395,sao paulo,SP,-23.622466,-46.456153,S
3855,8404,sao paulo,SP,-23.529677,-46.40946,S
3856,8410,sao paulo,SP,-23.54891,-46.422925,S
3857,8411,são paulo,SP,-23.553842,-46.412308,N
3858,8412,sao paulo,SP,-23.552345,-46.407941,S
3859,8420,sao paulo,SP,-23.544933,-46.428858,S
3860,8421,são paulo,SP,-23.559226,-46.428635,N
3861,8430,são paulo,SP,-23.526895,-46.423911,N
3862,8431,sao paulo,SP,-23.533393,-46.417516,S
3863,8440,sao paulo,SP,-23.533543,-46.410418,S
3864,8441,sao paulo,SP,-23.534897,-46.412221,S
3865,8450,sao paulo,SP,-23.543999,-46.400187,S
3866,8451,são paulo,SP,-23.539312,-46.40047,N
3867,8452,sao paulo,SP,-23.532068,-46.397375,S
3868,8460,são paulo,SP,-23.552819,-46.401912,N
3869,8461,sao paulo,SP,-23.559837,-46.40423,S
3870,8465,são paulo,SP,-23.565993,-46.398228,N
3871,8466,sao paulo,SP,-23.541398,-46.515345,S
3872,8470,são paulo,SP,-23.590637,-46.405446,N
3873,8471,sao paulo,SP,-23.602889,-46.400029,S
3874,8472,sao paulo,SP,-23.571114,-46.403648,S
3875,8473,sao paulo,SP,-23.583641,-46.415647,S
3876,8474,são paulo,SP,-23.594829,-46.412661,N
3877,8475,sao paulo,SP,-23.588548,-46.399579,S
3878,8485,sao paulo,SP,-23.589955,-46.412206,S
3879,8490,sao paulo,SP,-23.573101,-46.415396,S
3880,8500,ferraz de vasconcelos,SP,-23.544815,-46.365856,N
3881,8501,ferraz de vasconcelos,SP,-23.541648,-46.360972,N
3882,8502,ferraz de vasconcelos,SP,-23.539477,-46.358468,N
3883,8503,ferraz de vasconcelos,SP,-23.548538,-46.360509,N
3884,8504,ferraz de vasconcelos,SP,-23.555663,-46.360486,N
3885,8505,ferraz de vasconcelos,SP,-23.552432,-46.36666,N
3886,8506,ferraz de vasconcelos,SP,-23.559035,-46.370396,N
3887,8507,ferraz de vasconcelos,SP,-23.561141,-46.367515,N
3888,8508,ferraz de vasconcelos,SP,-23.563868,-46.369436,N
3889,8509,ferraz de vasconcelos,SP,-23.568012,-46.359758,N
3890,8510,ferraz de vasconcelos,SP,-23.560029,-46.359833,N
3891,8513,ferraz de vasconcelos,SP,-23.57658,-46.365277,N
3892,8514,ferraz de vasconcelos,SP,-23.56808,-46.367229,N
3893,8515,ferraz de vasconcelos,SP,-23.577299,-46.37411,N
3894,8517,ferraz de vasconcelos,SP,-23.568926,-46.372428,N
3895,8525,ferraz de vasconcelos,SP,-23.558326,-46.388478,N
3896,8526,ferraz de vasconcelos,SP,-23.556512,-46.383008,N
3897,8527,ferraz de vasconcelos,SP,-23.553694,-46.378928,N
3898,8528,ferraz de vasconcelos,SP,-23.55408,-46.374398,N
3899,8529,ferraz de vasconcelos,SP,-23.547591,-46.372874,N
3900,8530,ferraz de vasconcelos,SP,-23.53525,-46.37106,N
3901,8531,ferraz de vasconcelos,SP,-23.539896,-46.372434,N
3902,8532,ferraz de vasconcelos,SP,-23.538898,-46.377952,N
3903,8533,ferraz de vasconcelos,SP,-23.545704,-46.379132,N
3904,8534,ferraz de vasconcelos,SP,-23.550283,-46.386127,N
3905,8535,ferraz de vasconcelos,SP,-23.552659,-46.389344,N
3906,8536,ferraz de vasconcelos,SP,-23.541287,-46.385425,N
3907,8537,ferraz de vasconcelos,SP,-23.532979,-46.391977,N
3908,8538,ferraz de vasconcelos,SP,-23.530991,-46.389921,N
3909,8539,ferraz de vasconcelos,SP,-23.536224,-46.375758,N
3910,8540,ferraz de vasconcelos,SP,-23.521333,-46.381493,N
3911,8541,ferraz de vasconcelos,SP,-23.520392,-46.374051,N
3912,8542,ferraz de vasconcelos,SP,-23.516848,-46.370963,N
3913,8543,são paulo,SP,-23.524778,-46.373783,N
3914,8544,ferraz de vasconcelos,SP,-23.531744,-46.36315,N
3915,8545,ferraz de vasconcelos,SP,-23.532083,-46.370397,N
3916,8550,poa,SP,-23.521944,-46.340875,N
3917,8551,poa,SP,-23.52232,-46.348617,N
3918,8552,poá,SP,-23.528382,-46.353789,N
3919,8553,poa,SP,-23.522467,-46.363555,N
3920,8554,poá,SP,-23.514817,-46.36084,N
3921,8555,poa,SP,-23.510491,-46.353473,N
3922,8556,poa,SP,-23.514776,-46.348039,N
3923,8557,poa,SP,-23.512737,-46.342315,N
3924,8558,poa,SP,-23.508833,-46.335323,N
3925,8559,poa,SP,-23.517485,-46.335796,N
3926,8560,poa,SP,-23.530801,-46.335356,N
3927,8561,poa,SP,-23.5282,-46.340354,N
3928,8562,poa,SP,-23.531825,-46.344933,N
3929,8563,poá,SP,-23.533444,-46.350024,N
3930,8564,poa,SP,-23.538778,-46.351947,N
3931,8565,poa,SP,-23.540555,-46.342087,N
3932,8566,poa,SP,-23.545222,-46.347141,N
3933,8567,poa,SP,-23.54919,-46.35223,N
3934,8568,poa,SP,-23.5551,-46.346888,N
3935,8570,itaquaquecetuba,SP,-23.47556,-46.354967,N
3936,8571,itaquaquecetuba,SP,-23.484246,-46.337186,N
3937,8572,itaquaquecetuba,SP,-23.496828,-46.341815,N
3938,8573,itaquaquecetuba,SP,-23.492082,-46.349937,N
3939,8574,itaquaquecetuba,SP,-23.502431,-46.353589,N
3940,8575,itaquaquecetuba,SP,-23.498896,-46.358342,N
3941,8576,itaquaquecetuba,SP,-23.488984,-46.357381,N
3942,8577,itaquaquecetuba,SP,-23.486111,-46.366721,N
3943,8578,itaquaquecetuba,SP,-23.469205,-46.382545,N
3944,8579,itaquaquecetuba,SP,-23.461713,-46.375835,N
3945,8580,itaquaquecetuba,SP,-23.451384,-46.343478,N
3946,8581,itaquaquecetuba,SP,-23.457643,-46.354201,N
3947,8582,itaquaquecetuba,SP,-23.449962,-46.359138,N
3948,8583,itaquaquecetuba,SP,-23.445104,-46.37447,N
3949,8584,itaquaquecetuba,SP,-23.42758,-46.346562,N
3950,8585,itaquaquecetuba,SP,-23.488858,-46.354514,N
3951,8586,itaquaquecetuba,SP,-23.44043,-46.335936,N
3952,8587,itaquaquecetuba,SP,-23.431031,-46.316238,N
3953,8588,itaquaquecetuba,SP,-23.438958,-46.319281,N
3954,8589,itaquaquecetuba,SP,-23.439169,-46.302162,N
3955,8590,itaquaquecetuba,SP,-23.439104,-46.27675,N
3956,8591,itaquaquecetuba,SP,-23.452875,-46.307057,N
3957,8592,itaquaquecetuba,SP,-23.468874,-46.291482,N
3958,8593,itaquaquecetuba,SP,-23.47448,-46.306471,N
3959,8594,itaquaquecetuba,SP,-23.487369,-46.301622,N
3960,8595,itaquaquecetuba,SP,-23.467852,-46.303486,N
3961,8596,itaquaquecetuba,SP,-23.481238,-46.315742,N
3962,8597,itaquaquecetuba,SP,-23.460086,-46.32067,N
3963,8598,itaquaquecetuba,SP,-23.466988,-46.325287,N
3964,8599,itaquaquecetuba,SP,-23.465351,-46.339597,N
3965,8610,suzano,SP,-23.541564,-46.300146,N
3966,8613,suzano,SP,-23.540961,-46.28676,N
3967,8615,suzano,SP,-23.547817,-46.295624,N
3968,8616,suzano,SP,-23.557167,-46.292739,N
3969,8620,suzano,SP,-23.634049,-46.294901,N
3970,8621,suzano,SP,-23.53339,-46.298193,N
3971,8625,suzano,SP,-23.643543,-46.313099,N
3972,8630,suzano,SP,-23.646689,-46.326894,N
3973,8633,suzano,SP,-23.643593,-46.311994,N
3974,8635,suzano,SP,-23.669022,-46.333218,N
3975,8640,suzano,SP,-23.622526,-46.325956,N
3976,8650,suzano,SP,-23.574621,-46.323627,N
3977,8653,suzano,SP,-23.615175,-46.318694,N
3978,8655,suzano,SP,-23.593813,-46.305686,N
3979,8656,suzano,SP,-23.593134,-46.305503,N
3980,8660,suzano,SP,-23.559219,-46.336321,N
3981,8663,suzano,SP,-23.568379,-46.333544,N
3982,8664,suzano,SP,-23.557877,-46.326368,N
3983,8665,suzano,SP,-23.559139,-46.313395,N
3984,8666,suzano,SP,-23.574816,-46.307772,N
3985,8670,suzano,SP,-23.538309,-46.330427,N
3986,8671,suzano,SP,-23.54464,-46.326946,N
3987,8673,suzano,SP,-23.540539,-46.31795,N
3988,8674,suzano,SP,-23.543284,-46.31303,N
3989,8675,suzano,SP,-23.55173,-46.313416,N
3990,8676,suzano,SP,-23.553927,-46.306911,N
3991,8680,suzano,SP,-23.528296,-46.320413,N
3992,8683,suzano,SP,-23.528233,-46.310954,N
3993,8685,suzano,SP,-23.523439,-46.304966,N
3994,8686,suzano,SP,-23.534686,-46.287395,N
3995,8689,suzano,SP,-23.528868,-46.314579,N
3996,8690,suzano,SP,-23.498099,-46.315956,N
3997,8692,suzano,SP,-23.50098,-46.321664,N
3998,8693,suzano,SP,-23.502319,-46.305282,N
3999,8694,suzano,SP,-23.511192,-46.295821,N
4000,8695,suzano,SP,-23.494702,-46.279698,N
4001,8696,suzano,SP,-23.509969,-46.290207,N
4002,8710,mogi das cruzes,SP,-23.52284,-46.195546,N
4003,8715,mogi das cruzes,SP,-23.52597,-46.188442,N
4004,8717,mogi das cruzes,SP,-23.539785,-46.190904,N
4005,8720,mogi das cruzes,SP,-23.540503,-46.179516,N
4006,8725,mogi das cruzes,SP,-23.554151,-46.184379,N
4007,8726,mogi das cruzes,SP,-23.559203,-46.180584,N
4008,8727,mogi das cruzes,SP,-23.566455,-46.186716,N
4009,8730,mogi das cruzes,SP,-23.535671,-46.201138,N
4010,8735,mogi das cruzes,SP,-23.534372,-46.212853,N
4011,8737,mogi das cruzes,SP,-23.541494,-46.205127,N
4012,8738,mogi das cruzes,SP,-23.552241,-46.200765,N
4013,8740,mogi das cruzes,SP,-23.542854,-46.215746,N
4014,8742,mogi das cruzes,SP,-23.549582,-46.213815,N
4015,8743,mogi das cruzes,SP,-23.55541,-46.218132,N
4016,8744,mogi das cruzes,SP,-23.547623,-46.226992,N
4017,8745,mogi das cruzes,SP,-23.547271,-46.23367,N
4018,8746,mogi das cruzes,SP,-23.553073,-46.202205,N
4019,8747,mogi das cruzes,SP,-23.558204,-46.209799,N
4020,8750,mogi das cruzes,SP,-23.548515,-46.250896,N
4021,8751,mogi das cruzes,SP,-23.67606,-46.232401,N
4022,8752,mogi das cruzes,SP,-23.543395,-46.262086,N
4023,8753,mogi das cruzes,SP,-23.599734,-46.244254,N
4024,8755,mogi das cruzes,SP,-23.557582,-46.175052,N
4025,8760,mogi das cruzes,SP,-23.561696,-46.221453,N
4026,8761,mogi das cruzes,SP,-23.561245,-46.219107,N
4027,8762,mogi das cruzes,SP,-23.572856,-46.221738,N
4028,8763,mogi das cruzes,SP,-23.572012,-46.219148,N
4029,8765,mogi das cruzes,SP,-23.672664,-46.183313,N
4030,8766,mogi das cruzes,SP,-23.52664,-46.200004,N
4031,8767,mogi das cruzes,SP,-23.638782,-46.122668,N
4032,8770,mogi das cruzes,SP,-23.516452,-46.20602,N
4033,8771,mogi das cruzes,SP,-23.463691,-46.152863,N
4034,8772,mogi das cruzes,SP,-23.47972,-46.280603,N
4035,8773,mogi das cruzes,SP,-23.513612,-46.189675,N
4036,8774,mogi das cruzes,SP,-23.472432,-46.276379,N
4037,8775,mogi das cruzes,SP,-23.499702,-46.185233,N
4038,8779,mogi das cruzes,SP,-23.358797,-46.158379,N
4039,8780,mogi das cruzes,SP,-23.520214,-46.177323,N
4040,8790,mogi das cruzes,SP,-23.528928,-46.171651,N
4041,8793,mogi das cruzes,SP,-23.540873,-46.16429,N
4042,8795,mogi das cruzes,SP,-23.532002,-46.179796,N
4043,8810,mogi das cruzes,SP,-23.501501,-46.15067,N
4044,8820,mogi das cruzes,SP,-23.508939,-46.150059,N
4045,8830,mogi das cruzes,SP,-23.51563,-46.141112,N
4046,8831,mogi das cruzes,SP,-23.557715,-46.17963,N
4047,8832,mogi das cruzes,SP,-23.516914,-46.104172,N
4048,8833,mogi das cruzes,SP,-23.521906,-46.161678,N
4049,8840,mogi das cruzes,SP,-23.482178,-46.138049,N
4050,8850,mogi das cruzes,SP,-23.484291,-46.089497,N
4051,8880,mogi das cruzes,SP,-23.519976,-46.187566,N
4052,8900,guararema,SP,-23.404916,-46.04307,N
4053,8940,biritiba-mirim,SP,-23.574501,-46.040316,N
4054,8970,salesopolis,SP,-23.531454,-45.848984,N
4055,8980,nossa senhora do remedio,SP,,,N
4056,9010,santo andré,SP,-23.659483,-46.525088,N
4057,9015,santo andre,SP,-23.659364,-46.523183,N
4058,9020,santo andré,SP,-23.66183,-46.526935,N
4059,9030,santo andre,SP,-23.668868,-46.52652,N
4060,9040,santo andre,SP,-23.663843,-46.532964,N
4061,9041,santo andre,SP,-23.663443,-46.538607,N
4062,9050,santo andre,SP,-23.674161,-46.545217,N
4063,9051,santo andré,SP,-23.678473,-46.551182,N
4064,9060,santo andre,SP,-23.665536,-46.549115,N
4065,9061,santo andré,SP,-23.650519,-46.55913,N
4066,9070,santo andré,SP,-23.643655,-46.546368,N
4067,9071,santo andre,SP,-23.652182,-46.548814,N
4068,9080,santo andre,SP,-23.640444,-46.541742,N
4069,9090,santo andre,SP,-23.652251,-46.538344,N
4070,9091,santo andre,SP,-23.658104,-46.54589,N
4071,9110,santo andre,SP,-23.67141,-46.506075,N
4072,9111,santo andre,SP,-23.671209,-46.491167,N
4073,9112,santo andre,SP,-23.668006,-46.492039,N
4074,9120,santo andre,SP,-23.678729,-46.496062,N
4075,9121,santo andre,SP,-23.681514,-46.500922,N
4076,9124,santo andre,SP,-23.736834,-46.479118,N
4077,9130,santo andre,SP,-23.689445,-46.50501,N
4078,9131,santo andre,SP,-23.694923,-46.497118,N
4079,9132,santo andré,SP,-23.703763,-46.501752,N
4080,9133,santo andre,SP,-23.739452,-46.491614,N
4081,9134,santo andre,SP,-23.731375,-46.478926,N
4082,9139,santo andre,SP,-23.702515,-46.521858,N
4083,9150,santo andré,SP,-23.777933,-46.303072,N
4084,9160,santo andre,SP,-23.764559,-46.463446,N
4085,9161,santo andré,SP,-23.766566,-46.459375,N
4086,9163,santo andre,SP,-23.762946,-46.473361,N
4087,9169,santo andre,SP,-23.711902,-46.515226,N
4088,9170,santo andre,SP,-23.708545,-46.508888,N
4089,9171,santo andre,SP,-23.700198,-46.513128,N
4090,9172,santo andre,SP,-23.693589,-46.512726,N
4091,9175,santo andre,SP,-23.686359,-46.517078,N
4092,9176,santo andre,SP,-23.678945,-46.518402,N
4093,9180,santo andre,SP,-23.693393,-46.523184,N
4094,9181,santo andré,SP,-23.683272,-46.525233,N
4095,9182,santo andre,SP,-23.697396,-46.530322,N
4096,9185,santo andre,SP,-23.682941,-46.535487,N
4097,9190,santo andre,SP,-23.673915,-46.538157,N
4098,9195,santo andre,SP,-23.67637,-46.514627,N
4099,9210,santo andre,SP,-23.637382,-46.528098,N
4100,9220,santo andre,SP,-23.622288,-46.536901,N
4101,9230,santo andré,SP,-23.620578,-46.52741,N
4102,9238,santo andre,SP,-23.664003,-46.523094,N
4103,9240,santo andre,SP,-23.629487,-46.524148,N
4104,9241,santo andré,SP,-23.632659,-46.519306,N
4105,9250,santo andre,SP,-23.624086,-46.514906,N
4106,9251,santo andre,SP,-23.630386,-46.50749,N
4107,9260,santo andre,SP,-23.631076,-46.496432,N
4108,9270,santo andre,SP,-23.640564,-46.494432,N
4109,9271,santo andre,SP,-23.641861,-46.500728,N
4110,9272,santo andré,SP,-23.653051,-46.513199,N
4111,9273,santo andre,SP,-23.655259,-46.502677,N
4112,9274,santo andré,SP,-23.656604,-46.497594,N
4113,9280,santo andre,SP,-23.640144,-46.516159,N
4114,9290,santo andre,SP,-23.652361,-46.507897,N
4115,9291,santo andre,SP,-23.645101,-46.519201,N
4116,9310,maua,SP,-23.670348,-46.451226,N
4117,9311,maua,SP,-23.678045,-46.450203,N
4118,9312,maua,SP,-23.670019,-46.445075,N
4119,9320,maua,SP,-23.660031,-46.441511,N
4120,9321,maua,SP,-23.64873,-46.436307,N
4121,9330,maua,SP,-23.662299,-46.421695,N
4122,9331,maua,SP,-23.673149,-46.419855,N
4123,9332,maua,SP,-23.656937,-46.417974,N
4124,9333,mauá,SP,-23.648719,-46.417733,N
4125,9334,maua,SP,-23.667685,-46.407687,N
4126,9335,maua,SP,-23.664872,-46.416771,N
4127,9336,maua,SP,-23.663213,-46.415287,N
4128,9340,maua,SP,-23.671407,-46.430267,N
4129,9341,maua,SP,-23.673608,-46.420312,N
4130,9350,maua,SP,-23.680729,-46.444238,N
4131,9351,maua,SP,-23.684034,-46.43879,N
4132,9360,maua,SP,-23.684915,-46.456958,N
4133,9361,maua,SP,-23.696376,-46.455793,N
4134,9370,mauá,SP,-23.678575,-46.465084,N
4135,9371,maua,SP,-23.669873,-46.476213,N
4136,9372,maua,SP,-23.695112,-46.465573,N
4137,9380,mauá,SP,-23.641736,-46.478645,N
4138,9381,maua,SP,-23.658908,-46.465464,N
4139,9389,maua,SP,-23.630322,-46.479231,N
4140,9390,maua,SP,-23.654195,-46.453654,N
4141,9391,maua,SP,-23.650852,-46.446858,N
4142,9400,ribeirão pires,SP,-23.711851,-46.412441,N
4143,9401,ribeirao pires,SP,-23.704477,-46.409834,N
4144,9402,ribeirao pires,SP,-23.703752,-46.416237,N
4145,9403,ribeirao pires,SP,-23.693171,-46.436985,N
4146,9404,ribeirão pires,SP,-23.684673,-46.4152,N
4147,9405,ribeirao pires,SP,-23.700766,-46.404333,N
4148,9406,ribeirao pires,SP,-23.710829,-46.400523,N
4149,9407,ribeirao pires,SP,-23.703277,-46.388612,N
4150,9410,ribeirao pires,SP,-23.710829,-46.390519,N
4151,9411,ribeirao pires,SP,-23.718908,-46.394716,N
4152,9412,ribeirao pires,SP,-23.732707,-46.417916,N
4153,9413,ribeirao pires,SP,-23.739523,-46.431776,N
4154,9414,ribeirao pires,SP,-23.747397,-46.436789,N
4155,9415,ribeirao pires,SP,-23.755019,-46.441857,N
4156,9416,ribeirao pires,SP,-23.738855,-46.447141,N
4157,9420,ribeirao pires,SP,-23.719223,-46.413208,N
4158,9421,ribeirao pires,SP,-23.721972,-46.419991,N
4159,9422,ribeirao pires,SP,-23.718633,-46.421507,N
4160,9423,ribeirao pires,SP,-23.720283,-46.425759,N
4161,9424,ribeirao pires,SP,-23.714275,-46.418734,N
4162,9425,ribeirao pires,SP,-23.709413,-46.427954,N
4163,9426,ribeirão pires,SP,-23.698126,-46.427892,N
4164,9430,ribeirao pires,SP,-23.700355,-46.396752,N
4165,9431,ribeirao pires,SP,-23.69143,-46.382238,N
4166,9432,ribeirao pires,SP,-23.68732,-46.393286,N
4167,9433,ribeirao pires,SP,-23.667817,-46.3852,N
4168,9434,ribeirão pires,SP,-23.660042,-46.372941,N
4169,9435,ribeirao pires,SP,-23.653733,-46.364913,N
4170,9436,ribeirao pires,SP,-23.651317,-46.366824,N
4171,9440,ribeirao pires,SP,-23.689817,-46.371246,N
4172,9441,ribeirao pires,SP,-23.683766,-46.375558,N
4173,9442,ribeirão pires,SP,-23.678432,-46.356358,N
4174,9443,ribeirão pires,SP,-23.680645,-46.349515,N
4175,9444,ribeirao pires,SP,-23.694444,-46.343266,N
4176,9445,ribeirao pires,SP,-23.700586,-46.362264,N
4177,9450,rio grande da serra,SP,-23.745625,-46.39462,N
4178,9510,sao caetano do sul,SP,-23.615656,-46.57186,N
4179,9520,sao caetano do sul,SP,-23.608506,-46.571282,N
4180,9521,sao caetano do sul,SP,-23.613181,-46.572873,N
4181,9530,sao caetano do sul,SP,-23.621543,-46.575103,N
4182,9531,sao caetano do sul,SP,-23.619997,-46.5709,N
4183,9540,sao caetano do sul,SP,-23.624968,-46.566194,N
4184,9541,sao caetano do sul,SP,-23.620206,-46.564145,N
4185,9550,sao caetano do sul,SP,-23.617424,-46.551882,N
4186,9551,sao caetano do sul,SP,-23.623454,-46.55304,N
4187,9560,são caetano do sul,SP,-23.632642,-46.554381,N
4188,9561,sao caetano do sul,SP,-23.639015,-46.556938,N
4189,9570,sao caetano do sul,SP,-23.632745,-46.565431,N
4190,9571,sao caetano do sul,SP,-23.634903,-46.564837,N
4191,9572,sao caetano do sul,SP,-23.642441,-46.560831,N
4192,9580,sao caetano do sul,SP,-23.64277,-46.57208,N
4193,9581,sao caetano do sul,SP,-23.635292,-46.578288,N
4194,9600,sao bernardo do campo,SP,-23.672225,-46.555776,N
4195,9601,sao bernardo do campo,SP,-23.671573,-46.559394,N
4196,9602,sao bernardo do campo,SP,-23.661977,-46.564593,N
4197,9603,sao bernardo do campo,SP,-23.662103,-46.564528,N
4198,9604,são bernardo do campo,SP,-23.656994,-46.568814,N
4199,9605,são bernardo do campo,SP,-23.658966,-46.567355,N
4200,9606,são bernardo do campo,SP,-23.675808,-46.561826,N
4201,9607,sao bernardo do campo,SP,-23.673552,-46.561397,N
4202,9608,sao bernardo do campo,SP,-23.67485,-46.565924,N
4203,9609,sao bernardo do campo,SP,-23.667851,-46.568978,N
4204,9610,sao bernardo do campo,SP,-23.667348,-46.568281,N
4205,9611,sao bernardo do campo,SP,-23.662096,-46.570299,N
4206,9612,sao bernardo do campo,SP,-23.657824,-46.571407,N
4207,9613,sao bernardo do campo,SP,-23.670915,-46.565135,N
4208,9614,sao bernardo do campo,SP,-23.669581,-46.556297,N
4209,9615,sao bernardo do campo,SP,-23.678752,-46.558144,N
4210,9616,sao bernardo do campo,SP,-23.662449,-46.559517,N
4211,9617,sao bernardo do campo,SP,-23.667203,-46.559306,N
4212,9618,sao bernardo do campo,SP,-23.66807,-46.564499,N
4213,9619,sao bernardo do campo,SP,-23.665836,-46.564473,N
4214,9620,sao bernardo do campo,SP,-23.667139,-46.570457,N
4215,9621,sao bernardo do campo,SP,-23.664615,-46.57168,N
4216,9623,sao bernardo do campo,SP,-23.660872,-46.572543,N
4217,9624,são bernardo do campo,SP,-23.656212,-46.573773,N
4218,9625,sao bernardo do campo,SP,-23.66109,-46.56669,N
4219,9626,sao bernardo do campo,SP,-23.65793,-46.570017,N
4220,9627,sao bernardo do campo,SP,-23.658316,-46.566318,N
4221,9628,sao bernardo do campo,SP,-23.661305,-46.564296,N
4222,9629,sao bernardo do campo,SP,-23.65671,-46.567234,N
4223,9631,sao bernardo do campo,SP,-23.658946,-46.561991,N
4224,9632,sao bernardo do campo,SP,-23.654311,-46.565622,N
4225,9633,sao bernardo do campo,SP,-23.654337,-46.567209,N
4226,9634,sao bernardo do campo,SP,-23.652579,-46.569113,N
4227,9635,sao bernardo do campo,SP,-23.661687,-46.56556,N
4228,9636,são bernardo do campo,SP,-23.652227,-46.574441,N
4229,9637,sao bernardo do campo,SP,-23.652427,-46.574224,N
4230,9639,são bernardo do campo,SP,-23.646889,-46.580207,N
4231,9640,sao bernardo do campo,SP,-23.656629,-46.574869,N
4232,9641,são bernardo do campo,SP,-23.655716,-46.57682,N
4233,9642,sao bernardo do campo,SP,-23.649049,-46.576606,N
4234,9651,sao bernardo do campo,SP,-23.65835,-46.580231,N
4235,9655,sao bernardo do campo,SP,-23.655482,-46.594601,N
4236,9656,sao bernardo do campo,SP,-23.659961,-46.604359,N
4237,9657,sao bernardo do campo,SP,-23.666908,-46.609323,N
4238,9660,sao bernardo do campo,SP,-23.655243,-46.594071,N
4239,9661,sao bernardo do campo,SP,-23.660865,-46.596441,N
4240,9662,são bernardo do campo,SP,-23.660844,-46.599421,N
4241,9663,sao bernardo do campo,SP,-23.65572,-46.598582,N
4242,9664,são bernardo do campo,SP,-23.658376,-46.604618,N
4243,9665,sao bernardo do campo,SP,-23.65882,-46.608828,N
4244,9666,sao bernardo do campo,SP,-23.659009,-46.606634,N
4245,9667,sao bernardo do campo,SP,-23.661626,-46.608818,N
4246,9668,sao bernardo do campo,SP,-23.662602,-46.612137,N
4247,9669,sao bernardo do campo,SP,-23.662436,-46.607762,N
4248,9670,são bernardo do campo,SP,-23.661794,-46.604347,N
4249,9671,são bernardo do campo,SP,-23.66448,-46.606057,N
4250,9672,sao bernardo do campo,SP,-23.660709,-46.602374,N
4251,9680,são bernardo do campo,SP,-23.664602,-46.581595,N
4252,9682,sao bernardo do campo,SP,-23.66773,-46.597567,N
4253,9683,sao bernardo do campo,SP,-23.667796,-46.596246,N
4254,9684,sao bernardo do campo,SP,-23.666856,-46.594334,N
4255,9685,sao bernardo do campo,SP,-23.665199,-46.592319,N
4256,9686,são bernardo do campo,SP,-23.66887,-46.593144,N
4257,9687,sao bernardo do campo,SP,-23.673394,-46.595241,N
4258,9688,sao bernardo do campo,SP,-23.672622,-46.592626,N
4259,9689,sao bernardo do campo,SP,-23.668365,-46.591484,N
4260,9690,sao bernardo do campo,SP,-23.675121,-46.590615,N
4261,9691,são bernardo do campo,SP,-23.669856,-46.589829,N
4262,9692,sao bernardo do campo,SP,-23.66841,-46.587688,N
4263,9693,sao bernardo do campo,SP,-23.665241,-46.588436,N
4264,9694,sao bernardo do campo,SP,-23.671037,-46.581018,N
4265,9695,sao bernardo do campo,SP,-23.672805,-46.572122,N
4266,9696,sao bernardo do campo,SP,-23.67487,-46.55762,N
4267,9710,sao bernardo do campo,SP,-23.710466,-46.54894,N
4268,9715,sao bernardo do campo,SP,-23.715656,-46.545748,N
4269,9720,sao bernardo do campo,SP,-23.715604,-46.554085,N
4270,9721,sao bernardo do campo,SP,-23.719646,-46.547525,N
4271,9725,são bernardo do campo,SP,-23.706316,-46.556956,N
4272,9726,sao bernardo do campo,SP,-23.68808,-46.561821,N
4273,9732,sao bernardo do campo,SP,-23.682386,-46.561053,N
4274,9750,sao bernardo do campo,SP,-23.688119,-46.553222,N
4275,9751,sao bernardo do campo,SP,-23.691385,-46.543732,N
4276,9760,sao bernardo do campo,SP,-23.699068,-46.542197,N
4277,9761,sao bernardo do campo,SP,-23.708765,-46.528218,N
4278,9762,sao bernardo do campo,SP,-23.706205,-46.520501,N
4279,9765,sao bernardo do campo,SP,-23.707497,-46.533907,N
4280,9770,sao bernardo do campo,SP,-23.708333,-46.543041,N
4281,9771,sao bernardo do campo,SP,-23.703915,-46.542941,N
4282,9772,sao bernardo do campo,SP,-23.712984,-46.539618,N
4283,9780,são bernardo do campo,SP,-23.71505,-46.537268,N
4284,9781,sao bernardo do campo,SP,-23.725143,-46.534233,N
4285,9782,sao bernardo do campo,SP,-23.728388,-46.537073,N
4286,9783,sao bernardo do campo,SP,-23.723041,-46.529164,N
4287,9784,sao bernardo do campo,SP,-23.717871,-46.524918,N
4288,9785,sao bernardo do campo,SP,-23.709471,-46.540882,N
4289,9790,sao bernardo do campo,SP,-23.727992,-46.542848,N
4290,9791,sao bernardo do campo,SP,-23.740863,-46.531897,N
4291,9792,são bernardo do campo,SP,-23.74451,-46.540789,N
4292,9810,são bernardo do campo,SP,-23.719576,-46.564753,N
4293,9811,sao bernardo do campo,SP,-23.727017,-46.560573,N
4294,9812,são bernardo do campo,SP,-23.724885,-46.570414,N
4295,9820,sao bernardo do campo,SP,-23.740897,-46.555203,N
4296,9821,sao bernardo do campo,SP,-23.751568,-46.55711,N
4297,9822,sao bernardo do campo,SP,-23.759785,-46.543767,N
4298,9830,sao bernardo do campo,SP,-23.790087,-46.537763,N
4299,9831,sao bernardo do campo,SP,-23.792496,-46.540338,N
4300,9832,sao bernardo do campo,SP,-23.776805,-46.515383,N
4301,9834,sao bernardo do campo,SP,-23.805185,-46.442695,N
4302,9835,sao bernardo do campo,SP,-23.83037,-46.587092,N
4303,9836,sao bernardo do campo,SP,-23.806881,-46.617537,N
4304,9837,sao bernardo do campo,SP,-23.821662,-46.566662,N
4305,9838,sao bernardo do campo,SP,-23.843276,-46.564235,N
4306,9840,sao bernardo do campo,SP,-23.737827,-46.574872,N
4307,9841,sao bernardo do campo,SP,-23.737477,-46.575776,N
4308,9842,são bernardo do campo,SP,-23.753745,-46.591148,N
4309,9843,sao bernardo do campo,SP,-23.770322,-46.59476,N
4310,9844,sao bernardo do campo,SP,-23.758027,-46.577399,N
4311,9845,sao bernardo do campo,SP,-23.742028,-46.571904,N
4312,9846,sao bernardo do campo,SP,-23.735136,-46.575788,N
4313,9847,sao bernardo do campo,SP,-23.755444,-46.58485,N
4314,9850,sao bernardo do campo,SP,-23.725231,-46.582035,N
4315,9851,sao bernardo do campo,SP,-23.715285,-46.590457,N
4316,9852,sao bernardo do campo,SP,-23.729245,-46.595171,N
4317,9853,sao bernardo do campo,SP,-23.738319,-46.594477,N
4318,9854,sao bernardo do campo,SP,-23.753035,-46.59721,N
4319,9855,são bernardo do campo,SP,-23.731865,-46.589174,N
4320,9856,sao bernardo do campo,SP,-23.733915,-46.605248,N
4321,9857,sao bernardo do campo,SP,-23.747387,-46.616826,N
4322,9860,sao bernardo do campo,SP,-23.707692,-46.576723,N
4323,9861,sao bernardo do campo,SP,-23.707694,-46.581332,N
4324,9862,sao bernardo do campo,SP,-23.701153,-46.582929,N
4325,9869,são bernardo do campo,SP,-23.722645,-46.573863,N
4326,9890,são bernardo do campo,SP,-23.694765,-46.568131,N
4327,9891,sao bernardo do campo,SP,-23.685798,-46.570893,N
4328,9892,sao bernardo do campo,SP,-23.683099,-46.575206,N
4329,9894,sao bernardo do campo,SP,-23.677243,-46.576402,N
4330,9895,sao bernardo do campo,SP,-23.704427,-46.570177,N
4331,9896,sao bernardo do campo,SP,-23.703619,-46.563883,N
4332,9910,diadema,SP,-23.691342,-46.628988,N
4333,9911,diadema,SP,-23.689283,-46.619715,N
4334,9912,diadema,SP,-23.689613,-46.615598,N
4335,9913,diadema,SP,-23.681184,-46.629991,N
4336,9914,diadema,SP,-23.69071,-46.631571,N
4337,9920,diadema,SP,-23.681662,-46.623333,N
4338,9921,diadema,SP,-23.679787,-46.61284,N
4339,9930,diadema,SP,-23.670749,-46.616712,N
4340,9931,diadema,SP,-23.666662,-46.622739,N
4341,9932,diadema,SP,-23.665255,-46.616358,N
4342,9940,diadema,SP,-23.669054,-46.60372,N
4343,9941,diadema,SP,-23.678007,-46.602978,N
4344,9942,diadema,SP,-23.682697,-46.598732,N
4345,9943,diadema,SP,-23.671934,-46.600442,N
4346,9950,diadema,SP,-23.683537,-46.586519,N
4347,9951,diadema,SP,-23.689006,-46.590933,N
4348,9952,diadema,SP,-23.692186,-46.598675,N
4349,9960,diadema,SP,-23.695232,-46.597599,N
4350,9961,diadema,SP,-23.702465,-46.596052,N
4351,9962,diadema,SP,-23.700396,-46.597955,N
4352,9963,diadema,SP,-23.704825,-46.596518,N
4353,9970,diadema,SP,-23.71869,-46.611506,N
4354,9971,diadema,SP,-23.725848,-46.621347,N
4355,9972,diadema,SP,-23.721584,-46.619064,N
4356,9973,diadema,SP,-23.717876,-46.616893,N
4357,9974,diadema,SP,-23.718924,-46.612106,N
4358,9980,diadema,SP,-23.705515,-46.61148,N
4359,9981,diadema,SP,-23.706677,-46.608628,N
4360,9990,diadema,SP,-23.696728,-46.616908,N
4361,9991,diadema,SP,-23.695094,-46.61224,N
4362,9992,diadema,SP,-23.699894,-46.623426,N
4363,9993,diadema,SP,-23.703,-46.621596,N
4364,11010,santos,SP,-23.933573,-46.329625,N
4365,11013,santos,SP,-23.937702,-46.325997,N
4366,11015,santos,SP,-23.953153,-46.319208,N
4367,11020,santos,SP,-23.968456,-46.30547,N
4368,11025,santos,SP,-23.970493,-46.308195,N
4369,11030,santos,SP,-23.984858,-46.30207,N
4370,11031,santos,SP,-23.933047,-46.325557,N
4371,11035,santos,SP,-23.98042,-46.304481,N
4372,11040,santos,SP,-23.972316,-46.314414,N
4373,11045,santos,SP,-23.969746,-46.321939,N
4374,11050,santos,SP,-23.957513,-46.3268,N
4375,11055,santos,SP,-23.965734,-46.328722,N
4376,11060,santos,SP,-23.962574,-46.334099,N
4377,11065,santos,SP,-23.965227,-46.343581,N
4378,11070,santos,SP,-23.956748,-46.345272,N
4379,11075,santos,SP,-23.9546,-46.337731,N
4380,11080,santos,SP,-23.944443,-46.351735,N
4381,11081,santos,SP,-23.934746,-46.342975,N
4382,11082,santos,SP,-23.938906,-46.339656,N
4383,11085,santos,SP,-23.937829,-46.356592,N
4384,11086,santos,SP,-23.945181,-46.374396,N
4385,11087,santos,SP,-23.946157,-46.379167,N
4386,11088,santos,SP,-23.940911,-46.384935,N
4387,11089,santos,SP,-23.940193,-46.36943,N
4388,11090,santos,SP,-23.9372,-46.376352,N
4389,11095,santos,SP,-23.927266,-46.378475,N
4390,11200,caruara,SP,-18.432896,-43.577306,N
4391,11250,bertioga,SP,-23.81839,-46.080624,N
4392,11310,sao vicente,SP,-23.967496,-46.386455,N
4393,11320,sao vicente,SP,-23.970087,-46.372589,N
4394,11325,são vicente,SP,-23.986479,-46.391656,N
4395,11330,são vicente,SP,-23.967979,-46.402461,N
4396,11335,sao vicente,SP,-23.965365,-46.412057,N
4397,11340,sao vicente,SP,-23.95772,-46.407175,N
4398,11345,são vicente,SP,-23.988077,-46.479195,N
4399,11346,sao vicente,SP,-23.98334,-46.487988,N
4400,11347,sao vicente,SP,-23.981605,-46.465646,N
4401,11348,sao vicente,SP,-23.955387,-46.45575,N
4402,11349,sao vicente,SP,-23.950465,-46.457696,N
4403,11350,sao vicente,SP,-23.944632,-46.415018,N
4404,11355,sao vicente,SP,-23.95177,-46.40814,N
4405,11360,sao vicente,SP,-23.947144,-46.397612,N
4406,11365,sao vicente,SP,-23.954492,-46.395123,N
4407,11370,sao vicente,SP,-23.95598,-46.381615,N
4408,11374,sao vicente,SP,-23.990167,-46.471937,N
4409,11380,sao vicente,SP,-23.959895,-46.372795,N
4410,11390,sao vicente,SP,-23.961943,-46.382116,N
4411,11410,guaruja,SP,-23.995219,-46.259723,N
4412,11420,guaruja,SP,-24.008102,-46.272002,N
4413,11421,guaruja,SP,-24.013551,-46.282574,N
4414,11425,guaruja,SP,-23.997567,-46.303205,N
4415,11430,guaruja,SP,-23.993944,-46.284888,N
4416,11431,guarujá,SP,-23.995826,-46.278739,N
4417,11432,guarujá,SP,-23.987614,-46.270366,N
4418,11435,guaruja,SP,-23.976855,-46.25985,N
4419,11436,guaruja,SP,-23.971208,-46.251524,N
4420,11438,guaruja,SP,-23.964105,-46.247062,N
4421,11440,guaruja,SP,-23.983787,-46.240747,N
4422,11441,guaruja,SP,-23.979156,-46.228265,N
4423,11442,guaruja,SP,-23.976118,-46.220038,N
4424,11443,guaruja,SP,-23.979091,-46.205438,N
4425,11444,guaruja,SP,-23.969919,-46.189098,N
4426,11445,guaruja,SP,-23.957462,-46.195737,N
4427,11446,guaruja,SP,-23.943377,-46.197906,N
4428,11449,guaruja,SP,-23.97198,-46.212003,N
4429,11450,guaruja,SP,-23.941954,-46.302565,N
4430,11451,guaruja,SP,-23.945474,-46.289449,N
4431,11453,guarujá,SP,-23.936703,-46.2869,N
4432,11454,guaruja,SP,-23.946351,-46.281307,N
4433,11460,guaruja,SP,-23.95724,-46.284967,N
4434,11461,guaruja,SP,-23.955283,-46.273865,N
4435,11462,guaruja,SP,-23.954543,-46.284613,N
4436,11463,guaruja,SP,-23.953062,-46.288224,N
4437,11470,guaruja,SP,-23.960364,-46.27825,N
4438,11471,guaruja,SP,-23.964551,-46.278769,N
4439,11472,guaruja,SP,-23.973026,-46.275266,N
4440,11473,guaruja,SP,-23.95312,-46.291039,N
4441,11495,guaruja,SP,-23.963639,-46.252116,N
4442,11497,guaruja,SP,-23.963519,-46.244825,N
4443,11500,cubatao,SP,-23.880214,-46.417273,N
4444,11505,cubatao,SP,-23.875381,-46.421392,N
4445,11510,cubatão,SP,-23.886268,-46.424087,N
4446,11515,cubatão,SP,-23.889904,-46.429066,N
4447,11520,cubatão,SP,-23.895179,-46.423856,N
4448,11523,cubatão,SP,-23.903016,-46.42481,N
4449,11525,cubatão,SP,-23.894812,-46.427765,N
4450,11530,cubatao,SP,-23.930962,-46.400203,N
4451,11531,cubatao,SP,-23.920805,-46.407747,N
4452,11533,cubatao,SP,-23.927948,-46.409742,N
4453,11534,cubatao,SP,-23.920095,-46.426528,N
4454,11535,cubatao,SP,-23.933647,-46.430221,N
4455,11538,cubatão,SP,-23.899133,-46.433525,N
4456,11540,cubatao,SP,-23.874425,-46.446703,N
4457,11542,cubatão,SP,-23.912479,-46.464092,N
4458,11543,cubatão,SP,-23.886094,-46.449937,N
4459,11547,cubatao,SP,,,N
4460,11548,cubatao,SP,-23.893386,-46.417588,N
4461,11550,cubatao,SP,-23.878245,-46.426564,N
4462,11555,cubatão,SP,-23.880914,-46.45025,N
4463,11570,cubatao,SP,-23.835697,-46.378452,N
4464,11573,cubatao,SP,-23.883457,-46.42816,N
4465,11600,sao sebastiao,SP,-23.771732,-45.525296,N
4466,11601,sao sebastiao,SP,-23.717226,-45.432246,N
4467,11602,sao sebastiao,SP,-23.726917,-45.42373,N
4468,11603,sao sebastiao,SP,-23.732094,-45.40325,N
4469,11604,sao sebastiao,SP,-23.766663,-45.413061,N
4470,11605,são sebastião,SP,-23.773205,-45.406025,N
4471,11606,sao sebastiao,SP,-23.781267,-45.401948,N
4472,11608,sao sebastiao,SP,-23.798503,-45.403391,N
4473,11609,sao sebastiao,SP,-23.801617,-45.405356,N
4474,11610,sao sebastiao,SP,-23.805076,-45.413247,N
4475,11611,sao sebastiao,SP,-23.814307,-45.416362,N
4476,11612,sao sebastiao,SP,-23.821552,-45.433038,N
4477,11614,sao sebastiao,SP,-23.821294,-45.466998,N
4478,11615,sao sebastiao,SP,-23.809896,-45.508745,N
4479,11617,sao sebastiao,SP,-23.794577,-45.574082,N
4480,11618,sao sebastiao,SP,-23.781187,-45.620131,N
4481,11619,sao sebastiao,SP,-23.774653,-45.636554,N
4482,11620,maresias,SP,-23.792987,-45.555633,N
4483,11621,sao sebastiao,SP,-23.774292,-45.67451,N
4484,11622,sao sebastiao,SP,-23.770438,-45.679945,N
4485,11623,são sebastião,SP,-23.763983,-45.717546,N
4486,11624,sao sebastiao,SP,-23.759765,-45.763939,N
4487,11625,sao sebastiao,SP,-23.764109,-45.788413,N
4488,11626,sao sebastiao,SP,-23.753981,-45.820812,N
4489,11628,sao sebastiao,SP,-23.787548,-45.56257,N
4490,11629,sao sebastiao,SP,-23.758469,-45.413977,N
4491,11630,ilhabela,SP,-23.814526,-45.368726,N
4492,11660,caraguatatuba,SP,-23.622809,-45.414136,N
4493,11661,caraguatatuba,SP,-23.62113,-45.39903,N
4494,11662,caraguatatuba,SP,-23.622933,-45.385169,N
4495,11663,caraguatatuba,SP,-23.618206,-45.386606,N
4496,11664,caraguatatuba,SP,-23.613171,-45.392975,N
4497,11665,caraguatatuba,SP,-23.635064,-45.425022,N
4498,11666,caraguatatuba,SP,-23.6662,-45.436961,N
4499,11667,caraguatatuba,SP,-23.68604,-45.436779,N
4500,11668,caraguatatuba,SP,-23.70982,-45.440674,N
4501,11669,caraguatatuba,SP,-23.697657,-45.444103,N
4502,11670,caraguatatuba,SP,-23.684928,-45.44319,N
4503,11671,caraguatatuba,SP,-23.673983,-45.443432,N
4504,11672,caraguatatuba,SP,-23.6582,-45.438701,N
4505,11673,caraguatatuba,SP,-23.637592,-45.43654,N
4506,11674,caraguatatuba,SP,-23.629056,-45.433712,N
4507,11675,caraguatatuba,SP,-23.613611,-45.427677,N
4508,11676,caraguatatuba,SP,-23.60452,-45.357386,N
4509,11677,caraguatatuba,SP,-23.581166,-45.334891,N
4510,11678,caraguatatuba,SP,-23.662997,-45.447232,N
4511,11679,caraguatatuba,SP,-23.593376,-45.336848,N
4512,11680,ubatuba,SP,-23.452929,-45.093219,N
4513,11700,praia grande,SP,-24.010384,-46.406277,N
4514,11701,praia grande,SP,-24.008923,-46.419125,N
4515,11702,praia grande,SP,-24.014395,-46.438358,N
4516,11703,praia grande,SP,-24.020432,-46.459961,N
4517,11704,praia grande,SP,-24.026526,-46.478237,N
4518,11705,praia grande,SP,-24.036617,-46.504863,N
4519,11706,praia grande,SP,-24.047332,-46.525443,N
4520,11707,praia grande,SP,-24.054561,-46.542091,N
4521,11708,praia grande,SP,-24.067889,-46.567618,N
4522,11709,praia grande,SP,-24.078627,-46.589343,N
4523,11710,praia grande,SP,-24.076453,-46.593614,N
4524,11711,praia grande,SP,-24.047101,-46.534614,N
4525,11712,praia grande,SP,-24.0358,-46.530272,N
4526,11713,praia grande,SP,-24.030847,-46.522649,N
4527,11714,praia grande,SP,-24.02535,-46.511763,N
4528,11717,praia grande,SP,-24.022768,-46.497069,N
4529,11718,praia grande,SP,-24.016286,-46.482022,N
4530,11719,praia grande,SP,-24.014996,-46.466025,N
4531,11720,praia grande,SP,-24.008342,-46.459293,N
4532,11721,praia grande,SP,-24.010997,-46.452192,N
4533,11722,praia grande,SP,-24.0015,-46.449864,N
4534,11723,praia grande,SP,-24.005083,-46.44924,N
4535,11724,praia grande,SP,-24.004726,-46.43774,N
4536,11725,praia grande,SP,-23.997421,-46.422793,N
4537,11726,praia grande,SP,-23.995387,-46.408092,N
4538,11730,mongaguá,SP,-24.111896,-46.665437,N
4539,11740,itanhaem,SP,-24.18271,-46.801839,N
4540,11750,peruibe,SP,-24.303099,-46.987049,N
4541,11760,itariri,SP,-24.290642,-47.16435,N
4542,11770,ana dias,SP,-24.303711,-47.066069,N
4543,11790,pedro de toledo,SP,-24.279034,-47.235762,N
4544,11800,juquia,SP,-24.316625,-47.634746,N
4545,11850,miracatu,SP,-24.278769,-47.449745,N
4546,11900,registro,SP,-24.498838,-47.846161,N
4547,11910,sete barras,SP,-24.385497,-47.928056,N
4548,11920,iguape,SP,-24.70462,-47.55536,N
4549,11925,ilha comprida,SP,-24.74792,-47.556164,N
4550,11930,pariquera-acu,SP,-24.715275,-47.881385,N
4551,11940,jacupiranga,SP,-24.701831,-48.005184,N
4552,11950,cajati,SP,-24.728199,-48.112804,N
4553,11955,barra do turvo,SP,-24.778405,-48.499752,N
4554,11960,eldorado,SP,-24.522799,-48.108023,N
4555,11990,cananeia,SP,-25.009293,-47.931957,N
4556,12010,taubate,SP,-23.032505,-45.559438,N
4557,12020,taubate,SP,-23.024281,-45.559082,N
4558,12030,taubate,SP,-23.032142,-45.570461,N
4559,12031,taubate,SP,-23.039536,-45.58107,N
4560,12032,taubate,SP,-23.042432,-45.591973,N
4561,12040,taubate,SP,-23.029807,-45.589909,N
4562,12041,taubate,SP,-23.027767,-45.578564,N
4563,12042,taubate,SP,-23.03973,-45.610002,N
4564,12043,taubate,SP,-23.02783,-45.620991,N
4565,12045,taubate,SP,-23.049162,-45.629636,N
4566,12050,taubate,SP,-23.01997,-45.571569,N
4567,12051,taubate,SP,-23.012009,-45.585652,N
4568,12052,taubate,SP,-23.009418,-45.567931,N
4569,12053,taubate,SP,-23.005571,-45.575463,N
4570,12054,taubate,SP,-23.023045,-45.579466,N
4571,12060,taubate,SP,-23.014807,-45.558997,N
4572,12061,taubate,SP,-23.003775,-45.559224,N
4573,12062,taubate,SP,-23.003031,-45.546931,N
4574,12070,taubate,SP,-23.017586,-45.541455,N
4575,12071,taubaté,SP,-23.00433,-45.532156,N
4576,12072,taubate,SP,-23.007841,-45.521107,N
4577,12080,taubate,SP,-23.022806,-45.550847,N
4578,12081,taubate,SP,-23.027633,-45.533579,N
4579,12082,taubate,SP,-23.035514,-45.544528,N
4580,12085,taubaté,SP,-23.017667,-45.518346,N
4581,12086,taubate,SP,-23.047454,-45.518369,N
4582,12090,taubaté,SP,-23.044417,-45.554037,N
4583,12091,taubate,SP,-23.046085,-45.56857,N
4584,12092,taubate,SP,-23.061671,-45.585967,N
4585,12093,taubate,SP,-23.068725,-45.569366,N
4586,12095,taubate,SP,-23.075592,-45.538315,N
4587,12120,tremembe,SP,-22.974985,-45.547938,N
4588,12130,lagoinha,SP,-23.088729,-45.190653,N
4589,12140,são luiz do paraitinga,SP,-23.224029,-45.350252,N
4590,12150,catucaba,SP,-23.24634,-45.203726,N
4591,12170,redencao da serra,SP,-23.27663,-45.529779,N
4592,12180,natividade da serra,SP,-23.37765,-45.443992,N
4593,12209,sao jose dos campos,SP,-23.178,-45.883818,N
4594,12210,sao jose dos campos,SP,-23.18349,-45.884466,N
4595,12211,sao jose dos campos,SP,-23.164138,-45.893265,N
4596,12212,sao jose dos campos,SP,-23.155406,-45.899632,N
4597,12213,sao jose dos campos,SP,-23.150352,-45.909313,N
4598,12214,sao jose dos campos,SP,-23.159093,-45.917885,N
4599,12215,sao jose dos campos,SP,-23.185452,-45.871646,N
4600,12216,sao jose dos campos,SP,-23.195573,-45.879285,N
4601,12220,são josé dos campos,SP,-23.179558,-45.855103,N
4602,12221,sao jose dos campos,SP,-23.171134,-45.841038,N
4603,12223,sao jose dos campos,SP,-23.181171,-45.828853,N
4604,12224,sao jose dos campos,SP,-23.1783,-45.823462,N
4605,12225,sao jose dos campos,SP,-23.190566,-45.7961,N
4606,12226,sao jose dos campos,SP,-23.141728,-45.898504,N
4607,12227,são josé dos campos,SP,-23.208989,-45.85447,N
4608,12228,sao jose dos campos,SP,-23.251061,-45.834352,N
4609,12229,sao jose dos campos,SP,-23.269708,-45.864567,N
4610,12230,são josé dos campos,SP,-23.224503,-45.887843,N
4611,12231,são josé dos campos,SP,-23.224372,-45.88206,N
4612,12232,sao jose dos campos,SP,-23.258131,-45.887609,N
4613,12233,sao jose dos campos,SP,-23.246681,-45.886909,N
4614,12234,sao jose dos campos,SP,-23.283457,-45.895416,N
4615,12235,sao jose dos campos,SP,-23.233787,-45.902472,N
4616,12236,sao jose dos campos,SP,-23.250987,-45.898874,N
4617,12237,sao jose dos campos,SP,-23.243574,-45.913598,N
4618,12238,sao jose dos campos,SP,-23.256593,-45.920093,N
4619,12239,sao jose dos campos,SP,-23.267029,-45.901264,N
4620,12240,sao jose dos campos,SP,-23.224298,-45.913201,N
4621,12241,sao jose dos campos,SP,-23.232505,-45.926572,N
4622,12242,sao jose dos campos,SP,-23.201725,-45.906686,N
4623,12243,sao jose dos campos,SP,-23.202268,-45.898028,N
4624,12244,sao jose dos campos,SP,-23.198979,-45.943171,N
4625,12245,sao jose dos campos,SP,-23.198008,-45.888888,N
4626,12246,são josé dos campos,SP,-23.216861,-45.908594,N
4627,12247,são josé dos campos,SP,-23.160675,-45.800317,N
4628,12248,sao jose dos campos,SP,-23.170822,-45.796323,N
4629,12249,sao jose dos campos,SP,-22.912997,-45.961818,N
4630,12250,monteiro lobato,SP,-22.953715,-45.83955,N
4631,12260,paraibuna,SP,-23.393149,-45.660762,N
4632,12270,jambeiro,SP,-23.261683,-45.698152,N
4633,12280,cacapava,SP,-23.093825,-45.701705,N
4634,12281,cacapava,SP,-23.104631,-45.706095,N
4635,12282,cacapava,SP,-23.103136,-45.700229,N
4636,12283,cacapava,SP,-23.104115,-45.67752,N
4637,12284,cacapava,SP,-23.114062,-45.700612,N
4638,12285,cacapava,SP,-23.125016,-45.714067,N
4639,12286,cacapava,SP,-23.109778,-45.720537,N
4640,12287,cacapava,SP,-23.106785,-45.713644,N
4641,12288,cacapava,SP,-23.093177,-45.711054,N
4642,12289,cacapava,SP,-23.070654,-45.71787,N
4643,12290,cacapava,SP,-23.057155,-45.712736,N
4644,12294,cacapava,SP,-23.138825,-45.721526,N
4645,12295,caçapava,SP,-23.188411,-45.734693,N
4646,12297,cacapava,SP,-23.087727,-45.690103,N
4647,12301,jacarei,SP,-23.267733,-45.939953,N
4648,12302,jacarei,SP,-23.272687,-45.933194,N
4649,12305,jacarei,SP,-23.276772,-45.947636,N
4650,12306,jacarei,SP,-23.287878,-45.947586,N
4651,12307,jacarei,SP,-23.29715,-45.956306,N
4652,12308,jacarei,SP,-23.303917,-45.962652,N
4653,12309,jacarei,SP,-23.309045,-45.957139,N
4654,12310,jacarei,SP,-23.299037,-45.946944,N
4655,12311,jacarei,SP,-23.282018,-45.939408,N
4656,12312,jacarei,SP,-23.301437,-45.933087,N
4657,12315,jacarei,SP,-23.316393,-45.929325,N
4658,12316,jacareí,SP,-23.316306,-45.940569,N
4659,12318,jacarei,SP,-23.312338,-45.955361,N
4660,12319,jacarei,SP,-23.323513,-45.970013,N
4661,12320,jacarei,SP,-23.313563,-45.975911,N
4662,12321,jacarei,SP,-23.298406,-45.984438,N
4663,12322,jacarei,SP,-23.310697,-45.984427,N
4664,12323,jacarei,SP,-23.324867,-45.990908,N
4665,12324,jacarei,SP,-23.313462,-46.003687,N
4666,12325,jacareí,SP,-23.305968,-46.01565,N
4667,12326,jacarei,SP,-23.32424,-46.045648,N
4668,12327,jacarei,SP,-23.302318,-45.971888,N
4669,12328,jacareí,SP,-23.288302,-45.962995,N
4670,12329,jacarei,SP,-23.287787,-45.953632,N
4671,12330,jacarei,SP,-23.296501,-46.020475,N
4672,12331,jacarei,SP,-23.271938,-46.065499,N
4673,12332,jacarei,SP,,,N
4674,12333,jacarei,SP,-23.227406,-46.069445,N
4675,12334,jacarei,SP,-23.270415,-46.002179,N
4676,12335,jacarei,SP,-23.264003,-45.964501,N
4677,12340,jacareí,SP,-23.365825,-46.02664,N
4678,12341,jacarei,SP,-23.293576,-45.985105,N
4679,12350,igaratá,SP,-23.205041,-46.1532,N
4680,12380,santa branca,SP,-23.39928,-45.885386,N
4681,12400,pindamonhangaba,SP,-22.926357,-45.462851,N
4682,12401,pindamonhangaba,SP,-22.920186,-45.464402,N
4683,12402,pindamonhangaba,SP,-22.91734,-45.447348,N
4684,12403,pindamonhangaba,SP,-22.921732,-45.44386,N
4685,12404,pindamonhangaba,SP,-22.906721,-45.470784,N
4686,12405,pindamonhangaba,SP,-22.923916,-45.43766,N
4687,12410,pindamonhangaba,SP,-22.934745,-45.456678,N
4688,12411,pindamonhangaba,SP,-22.931294,-45.435921,N
4689,12412,pindamonhangaba,SP,-22.953071,-45.459103,N
4690,12413,pindamonhangaba,SP,-22.947361,-45.419263,N
4691,12414,pindamonhangaba,SP,-22.945432,-45.407989,N
4692,12415,pindamonhangaba,SP,-22.960329,-45.408469,N
4693,12420,pindamonhangaba,SP,-22.943106,-45.465237,N
4694,12421,pindamonhangaba,SP,-22.950845,-45.478873,N
4695,12422,pindamonhangaba,SP,-22.936426,-45.47207,N
4696,12423,pindamonhangaba,SP,-22.946357,-45.503188,N
4697,12424,pindamonhangaba,SP,-22.957354,-45.488258,N
4698,12425,pindamonhangaba,SP,-22.931256,-45.476585,N
4699,12426,pindamonhangaba,SP,-22.95034,-45.498292,N
4700,12440,pindamonhangaba,SP,-22.912978,-45.368568,N
4701,12441,pindamonhangaba,SP,-22.924584,-45.370284,N
4702,12442,pindamonhangaba,SP,-22.938527,-45.38231,N
4703,12443,pindamonhangaba,SP,-22.896323,-45.371706,N
4704,12444,pindamonhangaba,SP,-22.896914,-45.379215,N
4705,12445,pindamonhangaba,SP,-22.888249,-45.376194,N
4706,12446,pindamonhangaba,SP,-22.886176,-45.367575,N
4707,12450,santo antonio do pinhal,SP,-22.81003,-45.688733,N
4708,12460,campos do jordão,SP,-22.736719,-45.586426,N
4709,12490,sao bento do sapucai,SP,-22.691053,-45.718488,N
4710,12500,guaratingueta,SP,-22.813199,-45.19235,N
4711,12501,guaratingueta,SP,-22.818515,-45.194671,N
4712,12502,guaratingueta,SP,-22.815724,-45.183558,N
4713,12503,guaratingueta,SP,-22.825703,-45.190396,N
4714,12504,guaratingueta,SP,-22.824192,-45.204825,N
4715,12505,guaratingueta,SP,-22.814054,-45.199216,N
4716,12506,guaratingueta,SP,-22.803476,-45.210651,N
4717,12507,guaratingueta,SP,-22.806656,-45.239587,N
4718,12508,guaratingueta,SP,-22.793411,-45.269963,N
4719,12509,guaratingueta,SP,-22.796603,-45.225319,N
4720,12510,guaratingueta,SP,-22.786282,-45.228346,N
4721,12511,guaratingueta,SP,-22.800013,-45.207017,N
4722,12512,guaratingueta,SP,-22.778162,-45.207735,N
4723,12513,guaratingueta,SP,-22.779316,-45.198934,N
4724,12514,guaratingueta,SP,-22.796691,-45.197625,N
4725,12515,guaratingueta,SP,-22.805763,-45.193135,N
4726,12516,guaratingueta,SP,-22.801374,-45.187645,N
4727,12517,guaratingueta,SP,-22.796123,-45.18346,N
4728,12518,guaratingueta,SP,-22.786431,-45.182986,N
4729,12519,guaratingueta,SP,-22.777067,-45.184618,N
4730,12520,guaratinguetá,SP,-22.804121,-45.178067,N
4731,12521,guaratingueta,SP,-22.7815,-45.16571,N
4732,12522,guaratingueta,SP,-22.784576,-45.156822,N
4733,12523,guaratingueta,SP,-22.787089,-45.149407,N
4734,12524,guaratingueta,SP,-22.812805,-45.174794,N
4735,12525,potim,SP,-22.837559,-45.257416,N
4736,12530,cunha,SP,-23.070864,-44.955594,N
4737,12540,campos de cunha,SP,-22.953407,-44.848499,N
4738,12570,aparecida,SP,-22.851231,-45.246647,N
4739,12580,roseira,SP,-22.898929,-45.304391,N
4740,12600,lorena,SP,-22.730893,-45.123473,N
4741,12601,lorena,SP,-22.737337,-45.131236,N
4742,12602,lorena,SP,-22.722327,-45.120322,N
4743,12603,lorena,SP,-22.724701,-45.110466,N
4744,12604,lorena,SP,-22.731495,-45.108768,N
4745,12605,lorena,SP,-22.738001,-45.095979,N
4746,12606,lorena,SP,-22.741512,-45.109611,N
4747,12607,lorena,SP,-22.742038,-45.115703,N
4748,12608,lorena,SP,-22.741668,-45.12695,N
4749,12609,lorena,SP,-22.750168,-45.122035,N
4750,12610,lorena,SP,-22.752527,-45.132286,N
4751,12611,lorena,SP,-22.743464,-45.134539,N
4752,12615,canas,SP,-22.704304,-45.054441,N
4753,12620,piquete,SP,-22.608907,-45.183313,N
4754,12630,cachoeira paulista,SP,-22.665774,-45.009052,N
4755,12690,silveiras,SP,-22.667095,-44.852667,N
4756,12701,cruzeiro,SP,-22.578126,-44.961549,N
4757,12702,cruzeiro,SP,-22.585715,-44.968267,N
4758,12703,cruzeiro,SP,-22.584151,-44.976349,N
4759,12704,cruzeiro,SP,-22.579114,-44.982805,N
4760,12705,cruzeiro,SP,-22.574434,-44.969944,N
4761,12710,cruzeiro,SP,-22.568196,-44.959752,N
4762,12711,cruzeiro,SP,-22.563421,-44.967902,N
4763,12712,cruzeiro,SP,-22.561151,-44.959534,N
4764,12720,cruzeiro,SP,-22.565331,-44.944793,N
4765,12721,cruzeiro,SP,-22.5589,-44.944464,N
4766,12722,cruzeiro,SP,-22.561885,-44.938152,N
4767,12723,cruzeiro,SP,-22.560501,-44.931593,N
4768,12730,cruzeiro,SP,-22.579771,-44.953086,N
4769,12760,lavrinhas,SP,-22.560121,-44.918835,N
4770,12770,pinheiros,SP,,,N
4771,12800,queluz,SP,-22.538992,-44.772462,N
4772,12820,areias,SP,-22.582287,-44.696156,N
4773,12830,sao jose do barreiro,SP,-22.649594,-44.577818,N
4774,12850,bananal,SP,-22.683451,-44.318918,N
4775,12870,arapei,SP,-22.673672,-44.446543,N
4776,12900,braganca paulista,SP,-22.956545,-46.54196,N
4777,12902,braganca paulista,SP,-22.959331,-46.548288,N
4778,12903,braganca paulista,SP,-22.943959,-46.554296,N
4779,12904,braganca paulista,SP,-22.944605,-46.548917,N
4780,12906,braganca paulista,SP,-22.939153,-46.549406,N
4781,12908,braganca paulista,SP,-22.93517,-46.545023,N
4782,12910,braganca paulista,SP,-22.941404,-46.531647,N
4783,12912,braganca paulista,SP,-22.951163,-46.53448,N
4784,12913,braganca paulista,SP,-22.961694,-46.523854,N
4785,12914,braganca paulista,SP,-22.964803,-46.534419,N
4786,12916,braganca paulista,SP,-22.981754,-46.534031,N
4787,12917,braganca paulista,SP,-22.981213,-46.547686,N
4788,12918,braganca paulista,SP,-22.974446,-46.602004,N
4789,12919,braganca paulista,SP,-22.971101,-46.550521,N
4790,12922,braganca paulista,SP,-22.914508,-46.555691,N
4791,12924,braganca paulista,SP,-22.878146,-46.530954,N
4792,12926,braganca paulista,SP,-22.922121,-46.54007,N
4793,12927,braganca paulista,SP,-22.912974,-46.534294,N
4794,12929,braganca paulista,SP,-22.931953,-46.524043,N
4795,12930,tuiuti,SP,-22.814193,-46.694854,N
4796,12935,vargem,SP,-22.89455,-46.410633,N
4797,12940,atibaia,SP,-23.114731,-46.552881,N
4798,12941,atibaia,SP,-23.123122,-46.541581,N
4799,12942,atibaia,SP,-23.122809,-46.56005,N
4800,12943,atibaia,SP,-23.127777,-46.569121,N
4801,12944,atibaia,SP,-23.109339,-46.554352,N
4802,12945,atibaia,SP,-23.112733,-46.527094,N
4803,12946,atibaia,SP,-23.141707,-46.551097,N
4804,12947,atibaia,SP,-23.138325,-46.558376,N
4805,12948,atibaia,SP,-23.196336,-46.587091,N
4806,12949,atibaia,SP,-23.152463,-46.59228,N
4807,12950,atibaia,SP,-23.141731,-46.582234,N
4808,12951,atibaia,SP,-23.124377,-46.582792,N
4809,12952,atibaia,SP,-23.089925,-46.611654,N
4810,12953,atibaia,SP,-23.095373,-46.600293,N
4811,12954,atibaia,SP,-23.073803,-46.556578,N
4812,12955,bom jesus dos perdoes,SP,-23.138277,-46.468613,N
4813,12960,nazare paulista,SP,-23.17366,-46.39951,N
4814,12970,piracaia,SP,-23.055861,-46.359236,N
4815,12980,joanópolis,SP,-22.930894,-46.275034,N
4816,12990,pedra bela,SP,-22.795079,-46.44598,N
4817,12995,pinhalzinho,SP,-22.780736,-46.588867,N
4818,13010,campinas,SP,-22.904377,-47.058952,N
4819,13012,campinas,SP,-22.905002,-47.059644,N
4820,13013,campinas,SP,-22.906134,-47.063456,N
4821,13015,campinas,SP,-22.904214,-47.056549,N
4822,13020,campinas,SP,-22.898535,-47.067913,N
4823,13023,campinas,SP,-22.893848,-47.061337,N
4824,13024,campinas,SP,-22.892119,-47.054581,N
4825,13025,campinas,SP,-22.898387,-47.051641,N
4826,13026,campinas,SP,-22.912452,-47.049115,N
4827,13030,campinas,SP,-22.92497,-47.074284,N
4828,13031,campinas,SP,-22.919746,-47.08545,N
4829,13032,campinas,SP,-22.907875,-47.085035,N
4830,13033,campinas,SP,-22.904937,-47.097085,N
4831,13034,campinas,SP,-22.909369,-47.090768,N
4832,13035,campinas,SP,-22.911636,-47.074763,N
4833,13036,campinas,SP,-22.919473,-47.068635,N
4834,13040,campinas,SP,-22.93943,-47.059459,N
4835,13041,campinas,SP,-22.919581,-47.057231,N
4836,13042,campinas,SP,-22.946267,-47.050498,N
4837,13043,campinas,SP,-22.934053,-47.041493,N
4838,13044,campinas,SP,-22.942011,-47.042321,N
4839,13045,campinas,SP,-22.933999,-47.03304,N
4840,13046,campinas,SP,-22.93471,-47.02069,N
4841,13049,campinas,SP,-22.948238,-47.080044,N
4842,13050,campinas,SP,-22.940383,-47.095263,N
4843,13051,campinas,SP,-22.959176,-47.088414,N
4844,13052,campinas,SP,-22.977745,-47.104153,N
4845,13053,campinas,SP,-23.024934,-47.116025,N
4846,13054,campinas,SP,-22.974131,-47.12645,N
4847,13055,campinas,SP,-22.993762,-47.116044,N
4848,13056,campinas,SP,-22.9751,-47.142925,N
4849,13057,campinas,SP,-22.972177,-47.164119,N
4850,13058,campinas,SP,-22.951786,-47.183933,N
4851,13059,campinas,SP,-22.942673,-47.153204,N
4852,13060,campinas,SP,-22.93198,-47.111841,N
4853,13061,campinas,SP,-22.911276,-47.114679,N
4854,13063,campinas,SP,-22.889229,-47.108516,N
4855,13064,campinas,SP,-22.900297,-47.000376,N
4856,13065,campinas,SP,-22.881663,-47.126001,N
4857,13067,campinas,SP,-22.887443,-47.140917,N
4858,13068,campinas,SP,-22.863075,-47.149981,N
4859,13069,campinas,SP,-22.847125,-47.139887,N
4860,13070,campinas,SP,-22.892058,-47.082443,N
4861,13073,campinas,SP,-22.884603,-47.067302,N
4862,13075,campinas,SP,-22.880367,-47.060801,N
4863,13076,campinas,SP,-22.881709,-47.050464,N
4864,13077,campinas,SP,-22.877823,-47.04251,N
4865,13080,campinas,SP,-22.852839,-47.075697,N
4866,13081,campinas,SP,-22.857408,-47.067493,N
4867,13082,campinas,SP,-22.841108,-47.103889,N
4868,13083,campinas,SP,-22.816657,-47.071274,N
4869,13084,campinas,SP,-22.823421,-47.087193,N
4870,13085,campinas,SP,-22.791069,-47.080999,N
4871,13086,campinas,SP,-22.820557,-47.051098,N
4872,13087,campinas,SP,-22.85799,-47.053051,N
4873,13088,campinas,SP,-22.859828,-47.038229,N
4874,13090,campinas,SP,-22.887803,-47.038273,N
4875,13091,campinas,SP,-22.877398,-47.029469,N
4876,13092,campinas,SP,-22.895001,-47.034836,N
4877,13096,campinas,SP,-22.925423,-47.03076,N
4878,13097,campinas,SP,-22.846426,-47.024768,N
4879,13098,campinas,SP,-22.816248,-47.022837,N
4880,13099,campinas,SP,-22.753701,-47.014535,N
4881,13100,campinas,SP,-22.914255,-47.038841,N
4882,13101,campinas,SP,-22.91402,-47.013535,N
4883,13104,campinas,SP,-22.862235,-46.976608,N
4884,13105,campinas,SP,-22.888413,-46.984422,N
4885,13106,campinas,SP,-22.885999,-46.973393,N
4886,13107,campinas,SP,-22.872984,-46.959849,N
4887,13108,campinas,SP,-22.893965,-46.94226,N
4888,13140,paulinia,SP,-22.7696,-47.150402,N
4889,13141,paulinia,SP,-22.793576,-47.156761,N
4890,13142,paulinia,SP,-22.782168,-47.178161,N
4891,13144,paulínia,SP,-22.756383,-47.200836,N
4892,13145,paulinia,SP,-22.735332,-47.176654,N
4893,13146,paulinia,SP,-22.727983,-47.167445,N
4894,13147,paulinia,SP,-22.733134,-47.140265,N
4895,13148,paulínia,SP,-22.777095,-47.112656,N
4896,13150,cosmopolis,SP,-22.641854,-47.189385,N
4897,13152,cosmópolis,SP,-22.638667,-47.179615,N
4898,13154,cosmopolis,SP,-22.633474,-47.177515,N
4899,13155,cosmopolis,SP,-22.630272,-47.188729,N
4900,13157,cosmópolis,SP,-22.63676,-47.198048,N
4901,13160,artur nogueira,SP,-22.571208,-47.165769,N
4902,13165,engenheiro coelho,SP,-22.487818,-47.204555,N
4903,13170,sumaré,SP,-22.822137,-47.270335,N
4904,13171,sumare,SP,-22.832068,-47.27052,N
4905,13172,sumaré,SP,-22.815394,-47.286405,N
4906,13173,sumare,SP,-22.800387,-47.275899,N
4907,13174,sumare,SP,-22.814653,-47.260788,N
4908,13175,sumare,SP,-22.817992,-47.241101,N
4909,13176,sumare,SP,-22.901114,-47.274131,N
4910,13177,sumare,SP,-22.80928,-47.22657,N
4911,13178,sumare,SP,-22.804315,-47.205963,N
4912,13179,sumare,SP,-22.820762,-47.171513,N
4913,13180,sumare,SP,-22.837739,-47.169733,N
4914,13181,sumare,SP,-22.841194,-47.191693,N
4915,13183,hortolândia,SP,-22.855032,-47.21303,N
4916,13184,hortolandia,SP,-22.870283,-47.212414,N
4917,13185,hortolandia,SP,-22.892792,-47.173849,N
4918,13186,hortolandia,SP,-22.889982,-47.19898,N
4919,13187,hortolandia,SP,-22.896232,-47.215792,N
4920,13188,hortolandia,SP,-22.898209,-47.237756,N
4921,13189,hortolandia,SP,-22.875118,-47.233124,N
4922,13190,monte mor,SP,-22.944389,-47.295351,N
4923,13201,jundiai,SP,-23.186052,-46.885915,N
4924,13202,jundiaí,SP,-23.204104,-46.87259,N
4925,13203,jundiai,SP,-23.215675,-46.860367,N
4926,13205,jundiai,SP,-23.247403,-46.854641,N
4927,13206,jundiaí,SP,-23.211336,-46.880303,N
4928,13207,jundiai,SP,-23.201341,-46.887848,N
4929,13208,jundiai,SP,-23.194814,-46.896799,N
4930,13209,jundiai,SP,-23.181062,-46.903643,N
4931,13210,jundiai,SP,-23.220873,-46.885088,N
4932,13211,jundiaí,SP,-23.18942,-46.921573,N
4933,13212,jundiai,SP,-23.176397,-46.974157,N
4934,13213,jundiai,SP,-23.155089,-46.98567,N
4935,13214,jundiai,SP,-23.157995,-46.9182,N
4936,13215,jundiai,SP,-23.169668,-46.886715,N
4937,13216,jundiaí,SP,-23.170084,-46.873581,N
4938,13218,jundiai,SP,-23.173972,-46.852864,N
4939,13219,jundiai,SP,-23.18841,-46.853988,N
4940,13220,varzea paulista,SP,-23.210968,-46.844819,N
4941,13221,varzea paulista,SP,-23.195121,-46.830383,N
4942,13222,várzea paulista,SP,-23.195552,-46.821695,N
4943,13223,varzea paulista,SP,-23.215795,-46.810317,N
4944,13224,varzea paulista,SP,-23.218702,-46.832496,N
4945,13225,varzea paulista,SP,-23.226758,-46.844945,N
4946,13226,varzea paulista,SP,-23.243402,-46.827614,N
4947,13230,campo limpo paulista,SP,-23.208291,-46.786628,N
4948,13231,campo limpo paulista,SP,-23.201281,-46.781864,N
4949,13232,campo limpo paulista,SP,-23.211746,-46.762875,N
4950,13233,campo limpo paulista,SP,-23.180521,-46.764132,N
4951,13234,campo limpo paulista,SP,-23.221051,-46.726172,N
4952,13236,campo limpo paulista,SP,-23.2231,-46.796209,N
4953,13238,campo limpo paulista,SP,-23.235143,-46.769304,N
4954,13240,jarinu,SP,-23.096492,-46.717925,N
4955,13250,itatiba,SP,-23.003302,-46.837715,N
4956,13251,itatiba,SP,-22.995762,-46.836462,N
4957,13252,itatiba,SP,-22.967798,-46.80702,N
4958,13253,itatiba,SP,-23.00286,-46.824206,N
4959,13254,itatiba,SP,-23.01227,-46.813545,N
4960,13255,itatiba,SP,-23.042647,-46.844082,N
4961,13256,itatiba,SP,-23.009699,-46.854335,N
4962,13257,itatiba,SP,-22.988257,-46.853963,N
4963,13260,morungaba,SP,-22.875938,-46.793435,N
4964,13270,valinhos,SP,-22.975458,-47.002682,N
4965,13271,valinhos,SP,-22.972772,-47.012241,N
4966,13272,valinhos,SP,-22.951602,-47.001996,N
4967,13273,valinhos,SP,-22.94721,-46.977422,N
4968,13274,valinhos,SP,-22.966001,-46.978842,N
4969,13275,valinhos,SP,-22.980312,-46.985267,N
4970,13276,valinhos,SP,-22.979944,-46.995371,N
4971,13277,valinhos,SP,-22.990617,-46.997263,N
4972,13278,valinhos,SP,-23.000203,-47.016555,N
4973,13279,valinhos,SP,-23.009536,-47.018066,N
4974,13280,vinhedo,SP,-23.031477,-46.981117,N
4975,13281,vinhedo,SP,-23.169278,-46.462088,N
4976,13282,vinhedo,SP,-23.067533,-46.907492,N
4977,13283,vinhedo,SP,-23.037367,-46.977117,N
4978,13284,vinhedo,SP,-23.034455,-46.981224,N
4979,13285,vinhedo,SP,-23.035543,-47.005773,N
4980,13286,vinhedo,SP,-23.048491,-47.021868,N
4981,13287,vinhedo,SP,-23.051346,-46.989332,N
4982,13288,vinhedo,SP,-23.070229,-47.001263,N
4983,13289,vinhedo,SP,-23.040252,-46.979782,N
4984,13290,louveira,SP,-23.085505,-46.959541,N
4985,13295,itupeva,SP,-23.157306,-47.05406,N
4986,13300,itu,SP,-23.265813,-47.299444,N
4987,13301,itu,SP,-23.255214,-47.29782,N
4988,13302,itu,SP,-23.265114,-47.274464,N
4989,13304,itu,SP,-23.275225,-47.277009,N
4990,13305,itu,SP,-23.285213,-47.255504,N
4991,13306,itu,SP,-23.287264,-47.280947,N
4992,13307,itu,SP,,,N
4993,13308,itu,SP,-23.385384,-47.338486,N
4994,13309,itu,SP,-23.281597,-47.294374,N
4995,13310,itu,SP,-23.275311,-47.307125,N
4996,13311,itu,SP,-23.262942,-47.315571,N
4997,13312,itu,SP,-23.258974,-47.3442,N
4998,13313,itu,SP,-23.247932,-47.315636,N
4999,13315,cabreuva,SP,-23.272925,-47.084631,N
5000,13318,jacare,SP,-23.283164,-46.297521,N
5001,13319,bom fim do bom jesus,SP,-23.288678,-47.05654,N
5002,13320,salto,SP,-23.202746,-47.295866,N
5003,13321,salto,SP,-23.191965,-47.290258,N
5004,13322,salto,SP,-23.192904,-47.27531,N
5005,13323,salto,SP,-23.216315,-47.271594,N
5006,13324,salto,SP,-23.209471,-47.309229,N
5007,13326,salto,SP,-23.193505,-47.309706,N
5008,13327,salto,SP,-23.179531,-47.313384,N
5009,13328,salto,SP,-23.175066,-47.338651,N
5010,13329,salto,SP,-23.161954,-47.304204,N
5011,13330,indaiatuba,SP,-23.086339,-47.216887,N
5012,13331,indaiatuba,SP,-23.07427,-47.226836,N
5013,13332,indaiatuba,SP,-23.057534,-47.218046,N
5014,13333,indaiatuba,SP,-23.073329,-47.21006,N
5015,13334,indaiatuba,SP,-23.082208,-47.203433,N
5016,13335,indaiatuba,SP,-23.075522,-47.196997,N
5017,13336,indaiatuba,SP,-23.062086,-47.188516,N
5018,13337,indaiatuba,SP,-23.061853,-47.168607,N
5019,13338,indaiatuba,SP,-23.088882,-47.192678,N
5020,13339,indaiatuba,SP,-23.092115,-47.200861,N
5021,13340,indaiatuba,SP,-23.098379,-47.182995,N
5022,13341,indaiatuba,SP,-23.121258,-47.166421,N
5023,13342,indaiatuba,SP,-23.132701,-47.184114,N
5024,13343,indaiatuba,SP,-23.100489,-47.206941,N
5025,13344,indaiatuba,SP,-23.106392,-47.215352,N
5026,13345,indaiatuba,SP,-23.102259,-47.222378,N
5027,13346,indaiatuba,SP,-23.117971,-47.227787,N
5028,13347,indaiatuba,SP,-23.134113,-47.227975,N
5029,13348,indaiatuba,SP,-23.116399,-47.237827,N
5030,13349,indaiatuba,SP,-23.116824,-47.248728,N
5031,13350,elias fausto,SP,-23.040633,-47.371649,N
5032,13355,cardeal,SP,-12.993852,-38.480882,N
5033,13360,capivari,SP,-22.997484,-47.505725,N
5034,13370,rafard,SP,-23.017864,-47.528751,N
5035,13375,mombuca,SP,-20.569366,-46.023119,N
5036,13380,mombuca,SP,-22.785779,-47.312537,N
5037,13381,nova odessa,SP,-22.801455,-47.325913,N
5038,13382,nova odessa,SP,-22.800423,-47.307464,N
5039,13385,nova odessa,SP,-22.791089,-47.293842,N
5040,13386,nova odessa,SP,-22.803511,-47.302615,N
5041,13387,nova odessa,SP,-22.777256,-47.283182,N
5042,13388,nova odessa,SP,-22.766838,-47.262557,N
5043,13389,nova odessa,SP,-22.76429,-47.226613,N
5044,13390,rio das pedras,SP,-22.842322,-47.607054,N
5045,13400,piracicaba,SP,-22.725919,-47.651636,N
5046,13401,piracicaba,SP,-22.752483,-47.659172,N
5047,13402,piracicaba,SP,-22.748279,-47.671993,N
5048,13403,piracicaba,SP,-22.723827,-47.672898,N
5049,13405,piracicaba,SP,-22.708702,-47.664701,N
5050,13406,piracicaba,SP,-22.681854,-47.704721,N
5051,13408,piracicaba,SP,-22.672068,-47.695725,N
5052,13409,piracicaba,SP,-22.677028,-47.707707,N
5053,13411,piracicaba,SP,-22.6701,-47.68746,N
5054,13412,piracicaba,SP,-22.682286,-47.662112,N
5055,13413,piracicaba,SP,-22.670052,-47.608577,N
5056,13414,piracicaba,SP,-22.691519,-47.640953,N
5057,13415,piracicaba,SP,-22.706971,-47.594753,N
5058,13416,piracicaba,SP,-22.716902,-47.640188,N
5059,13417,piracicaba,SP,-22.739878,-47.63619,N
5060,13418,piracicaba,SP,-22.72508,-47.630333,N
5061,13419,piracicaba,SP,-22.729029,-47.641148,N
5062,13420,piracicaba,SP,-22.735953,-47.618399,N
5063,13421,piracicaba,SP,-22.769762,-47.59728,N
5064,13422,piracicaba,SP,-22.75024,-47.602431,N
5065,13423,piracicaba,SP,-22.757693,-47.592305,N
5066,13424,piracicaba,SP,-22.749482,-47.645461,N
5067,13425,piracicaba,SP,-22.754557,-47.620841,N
5068,13426,piracicaba,SP,-22.762874,-47.62837,N
5069,13427,piracicaba,SP,-22.74295,-47.574635,N
5070,13428,piracicaba,SP,-22.734497,-47.557118,N
5071,13432,piracicaba,SP,-22.676147,-47.772231,N
5072,13433,piracicaba,SP,-22.569713,-47.60997,N
5073,13440,saltinho,SP,-22.84517,-47.677426,N
5074,13450,santa barbara d'oeste,SP,-22.757883,-47.417055,N
5075,13451,santa barbara d oeste,SP,-22.74505,-47.420435,N
5076,13452,santa barbara d'oeste,SP,-22.730989,-47.409346,N
5077,13453,santa barbara d'oeste,SP,-22.735064,-47.399369,N
5078,13454,santa barbara d'oeste,SP,-22.740602,-47.375821,N
5079,13455,santa barbara d'oeste,SP,-22.726492,-47.368069,N
5080,13456,santa barbara d'oeste,SP,-22.757097,-47.376094,N
5081,13457,santa barbara d'oeste,SP,-22.767878,-47.385501,N
5082,13458,santa barbara d oeste,SP,-22.773398,-47.405966,N
5083,13459,santa barbara d'oeste,SP,-22.73602,-47.487779,N
5084,13460,nova odessa,SP,-22.785036,-47.295187,N
5085,13465,americana,SP,-22.743739,-47.336997,N
5086,13466,americana,SP,-22.753451,-47.327016,N
5087,13467,americana,SP,-22.769601,-47.33979,N
5088,13468,americana,SP,-22.754938,-47.349404,N
5089,13469,americana,SP,-22.72953,-47.3562,N
5090,13470,americana,SP,-22.717377,-47.354627,N
5091,13471,americana,SP,-22.726194,-47.337255,N
5092,13472,americana,SP,-22.725952,-47.316455,N
5093,13473,americana,SP,-22.720625,-47.307237,N
5094,13474,americana,SP,-22.705059,-47.294285,N
5095,13475,americana,SP,-22.720385,-47.278447,N
5096,13476,americana,SP,-22.742948,-47.24223,N
5097,13477,americana,SP,-22.737389,-47.300468,N
5098,13478,americana,SP,-22.743647,-47.312036,N
5099,13479,americana,SP,-22.758026,-47.286927,N
5100,13480,limeira,SP,-22.570721,-47.403095,N
5101,13481,limeira,SP,-22.600004,-47.407129,N
5102,13482,limeira,SP,-22.579986,-47.42866,N
5103,13483,limeira,SP,-22.560755,-47.446494,N
5104,13484,limeira,SP,-22.555991,-47.42206,N
5105,13485,limeira,SP,-22.545681,-47.391003,N
5106,13486,limeira,SP,-22.565965,-47.383806,N
5107,13487,limeira,SP,-22.583826,-47.376386,N
5108,13490,cordeiropolis,SP,-22.481764,-47.459958,N
5109,13495,iracemapolis,SP,-22.58659,-47.514345,N
5110,13500,rio claro,SP,-22.408952,-47.56368,N
5111,13501,rio claro,SP,-22.425778,-47.560437,N
5112,13502,rio claro,SP,-22.436043,-47.580356,N
5113,13503,rio claro,SP,-22.412927,-47.579296,N
5114,13504,rio claro,SP,-22.392137,-47.577681,N
5115,13505,rio claro,SP,-22.37849,-47.565195,N
5116,13506,rio claro,SP,-22.391766,-47.548511,N
5117,13507,rio claro,SP,-22.414929,-47.554698,N
5118,13508,rio claro,SP,-22.41149,-47.570963,N
5119,13509,rio claro,SP,-22.421293,-47.571157,N
5120,13510,santa gertrudes,SP,-22.453205,-47.53463,N
5121,13515,charqueada,SP,-22.511338,-47.775884,N
5122,13520,sao pedro,SP,-22.551245,-47.906596,N
5123,13525,aguas de sao pedro,SP,-22.602482,-47.87143,N
5124,13530,itirapina,SP,-22.252003,-47.815431,N
5125,13537,ipeuna,SP,-22.435506,-47.712837,N
5126,13540,corumbatai,SP,-22.228276,-47.622973,N
5127,13550,analandia,SP,-22.124483,-47.66234,N
5128,13560,sao carlos,SP,-22.015004,-47.890181,N
5129,13561,são carlos,SP,-22.014452,-47.908417,N
5130,13562,sao carlos,SP,-22.004958,-47.914736,N
5131,13563,sao carlos,SP,-21.986829,-47.925618,N
5132,13564,são carlos,SP,-21.996127,-47.900957,N
5133,13565,sao carlos,SP,-21.972779,-47.894128,N
5134,13566,sao carlos,SP,-21.999484,-47.887504,N
5135,13567,sao carlos,SP,-22.006977,-47.870403,N
5136,13568,sao carlos,SP,-22.005221,-47.856216,N
5137,13569,sao carlos,SP,-22.016927,-47.874571,N
5138,13570,sao carlos,SP,-22.030323,-47.879492,N
5139,13571,sao carlos,SP,-22.031775,-47.867846,N
5140,13572,sao carlos,SP,-22.042499,-47.8921,N
5141,13573,sao carlos,SP,-22.060051,-47.902462,N
5142,13574,são carlos,SP,-22.02757,-47.900722,N
5143,13575,sao carlos,SP,-22.033506,-47.908925,N
5144,13578,agua vermelha,SP,-21.893562,-47.890985,N
5145,13579,santa eudóxia,SP,-22.436216,-46.828238,N
5146,13580,ribeirao bonito,SP,-22.081624,-48.220362,N
5147,13590,dourado,SP,-22.111604,-48.314429,N
5148,13600,araras,SP,-22.355359,-47.384916,N
5149,13601,araras,SP,-22.370061,-47.388875,N
5150,13602,araras,SP,-22.36459,-47.394985,N
5151,13603,araras,SP,-22.349908,-47.400753,N
5152,13604,araras,SP,-22.33625,-47.381167,N
5153,13605,araras,SP,-22.346405,-47.369016,N
5154,13606,araras,SP,-22.354067,-47.335095,N
5155,13607,araras,SP,-22.36917,-47.362793,N
5156,13608,araras,SP,-22.356055,-47.32475,N
5157,13609,araras,SP,-22.379486,-47.379882,N
5158,13610,leme,SP,-22.189204,-47.388202,N
5159,13611,leme,SP,-22.194885,-47.378203,N
5160,13612,leme,SP,-22.1936,-47.404699,N
5161,13613,leme,SP,-22.181648,-47.404267,N
5162,13614,leme,SP,-22.176307,-47.393741,N
5163,13615,leme,SP,-22.168516,-47.381241,N
5164,13616,leme,SP,-22.173199,-47.373422,N
5165,13617,leme,SP,-22.187062,-47.371197,N
5166,13625,santa cruz da conceicao,SP,-22.138587,-47.454602,N
5167,13630,pirassununga,SP,-21.994467,-47.428195,N
5168,13631,pirassununga,SP,-22.01623,-47.423987,N
5169,13632,pirassununga,SP,-22.013272,-47.415154,N
5170,13633,pirassununga,SP,-22.01871,-47.430647,N
5171,13634,pirassununga,SP,-22.001134,-47.436898,N
5172,13635,pirassununga,SP,-21.974028,-47.427079,N
5173,13636,pirassununga,SP,-21.9902,-47.415851,N
5174,13638,pirassununga,SP,-21.984979,-47.414376,N
5175,13640,pirassununga,SP,-21.945131,-47.367171,N
5176,13641,pirassununga,SP,-21.931771,-47.369813,N
5177,13643,pirassununga,SP,-21.954052,-47.372124,N
5178,13650,santa cruz das palmeiras,SP,-21.82656,-47.248718,N
5179,13660,porto ferreira,SP,-21.866032,-47.478102,N
5180,13670,santa rita do passa quatro,SP,-21.703553,-47.482807,N
5181,13690,descalvado,SP,-21.908634,-47.619584,N
5182,13700,casa branca,SP,-21.78919,-47.072328,N
5183,13705,lagoa branca,SP,-21.893037,-47.037501,N
5184,13707,venda branca,SP,-21.948547,-47.117803,N
5185,13710,tambau,SP,-21.703495,-47.276354,N
5186,13715,itobi,SP,-21.733102,-46.97227,N
5187,13720,sao jose do rio pardo,SP,-21.582987,-46.947759,N
5188,13730,mococa,SP,-21.46666,-47.005307,N
5189,13731,mococa,SP,-21.464638,-47.018006,N
5190,13732,mococa,SP,-21.456484,-47.014127,N
5191,13733,mococa,SP,-21.456753,-47.005874,N
5192,13734,mococa,SP,-21.45938,-47.002699,N
5193,13735,mococa,SP,-21.472892,-46.997082,N
5194,13736,mococa,SP,-21.481986,-47.005389,N
5195,13737,mococa,SP,-21.487559,-47.008662,N
5196,13738,mococa,SP,-21.47414,-47.012745,N
5197,13739,mococa,SP,-21.471839,-47.033504,N
5198,13750,igarai,SP,-21.40873,-46.810852,N
5199,13755,são benedito das areias,SP,-21.320596,-47.028972,N
5200,13760,tapiratiba,SP,-21.472496,-46.748499,N
5201,13770,caconde,SP,-21.528684,-46.645051,N
5202,13780,divinolândia,SP,-21.661407,-46.736623,N
5203,13790,sao sebastiao da grama,SP,-21.710871,-46.820835,N
5204,13800,mogi-mirim,SP,-22.437244,-46.965457,N
5205,13801,mogi mirim,SP,-22.438585,-46.952188,N
5206,13802,mogi mirim,SP,-22.4369,-46.936526,N
5207,13803,mogi mirim,SP,-22.46156,-46.974952,N
5208,13804,mogi mirim,SP,-22.506166,-46.972151,N
5209,13805,mogi mirim,SP,-22.405908,-46.977898,N
5210,13806,mogi mirim,SP,-22.420002,-46.968001,N
5211,13807,mogi mirim,SP,-22.409496,-46.955447,N
5212,13808,mogi mirim,SP,-22.447056,-46.942777,N
5213,13817,mogi mirim,SP,-22.522122,-46.95499,N
5214,13820,jaguariuna,SP,-22.692949,-46.982878,N
5215,13822,jaguariuna,SP,-22.705482,-46.988273,N
5216,13825,holambra,SP,-22.633046,-47.052604,N
5217,13830,santo antônio de posse,SP,-22.605618,-46.920447,N
5218,13835,conchal,SP,-22.338399,-47.168321,N
5219,13840,mogi guaçu,SP,-22.366041,-46.938167,N
5220,13841,mogi guacu,SP,-22.364963,-46.924386,N
5221,13842,mogi-guacu,SP,-22.384819,-46.92635,N
5222,13843,mogi-guacu,SP,-22.383408,-46.935987,N
5223,13844,mogi-guacu,SP,-22.383437,-46.947927,N
5224,13845,mogi guaçu,SP,-22.356314,-46.951263,N
5225,13846,mogi-guacu,SP,-22.332774,-46.949684,N
5226,13847,mogi-guacu,SP,-22.350097,-46.941156,N
5227,13848,mogi guaçu,SP,-22.339784,-46.92431,N
5228,13849,mogi-guacu,SP,-22.261,-46.978455,N
5229,13855,mogi guacu,SP,-22.291319,-47.120362,N
5230,13857,estiva gerbi,SP,-22.274618,-46.952844,N
5231,13860,aguaí,SP,-22.056969,-46.976119,N
5232,13870,sao joao da boa vista,SP,-21.973168,-46.794595,N
5233,13871,são joão da boa vista,SP,-21.98092,-46.800568,N
5234,13872,sao joao da boa vista,SP,-21.987862,-46.806814,N
5235,13873,sao joao da boa vista,SP,-21.955056,-46.798634,N
5236,13874,são joão da boa vista,SP,-21.969838,-46.774716,N
5237,13875,são joão da boa vista,SP,-21.983442,-46.777834,N
5238,13876,sao joao da boa vista,SP,-21.99596,-46.782939,N
5239,13877,sao joao da boa vista,SP,-22.004659,-46.818708,N
5240,13879,sao joao da boa vista,SP,-21.88908,-46.863609,N
5241,13880,vargem grande do sul,SP,-21.834919,-46.899186,N
5242,13890,aguas da prata,SP,-21.940088,-46.713912,N
5243,13895,sao roque da fartura,SP,-21.836587,-46.743967,N
5244,13900,amparo,SP,-22.703128,-46.766321,N
5245,13901,amparo,SP,-22.700251,-46.773319,N
5246,13902,amparo,SP,-22.704025,-46.752254,N
5247,13903,amparo,SP,-22.713861,-46.766127,N
5248,13904,amparo,SP,-22.716116,-46.778039,N
5249,13905,amparo,SP,-22.710901,-46.801395,N
5250,13908,amparo,SP,-22.721605,-46.84415,N
5251,13909,amparo,SP,-22.697794,-46.721401,N
5252,13910,jaguariuna,SP,-22.698918,-46.846496,N
5253,13911,jaguariuna,SP,-22.701125,-46.988293,N
5254,13912,jaguariúna,SP,-22.687276,-46.983326,N
5255,13913,jaguariúna,SP,-22.671261,-46.956625,N
5256,13914,jaguariúna,SP,-22.67754,-46.981359,N
5257,13915,jaguariuna,SP,-22.69641,-46.988404,N
5258,13916,jaguariuna,SP,-22.684656,-46.996709,N
5259,13917,jaguariúna,SP,-22.696946,-47.00692,N
5260,13918,jaguariúna,SP,-22.70114,-46.998582,N
5261,13919,jaguariúna,SP,-22.709362,-46.986723,N
5262,13920,pedreira,SP,-22.740325,-46.896754,N
5263,13930,serra negra,SP,-22.614621,-46.709593,N
5264,13940,aguas de lindoia,SP,-22.477153,-46.619373,N
5265,13950,lindoia,SP,-22.523412,-46.646397,N
5266,13960,socorro,SP,-22.596373,-46.507207,N
5267,13970,itapira,SP,-22.438587,-46.821179,N
5268,13971,itapira,SP,-22.420275,-46.821699,N
5269,13972,itapira,SP,-22.432933,-46.814362,N
5270,13973,itapira,SP,-22.450686,-46.804423,N
5271,13974,itapira,SP,-22.43781,-46.828876,N
5272,13975,itapira,SP,-22.43409,-46.841105,N
5273,13976,itapira,SP,-22.42367,-46.832374,N
5274,13977,itapira,SP,-22.446903,-46.836648,N
5275,13986,barao ataliba nogueira,SP,-22.385054,-46.746543,N
5276,13988,eleutério,SP,-22.329592,-46.723336,N
5277,13990,espirito santo do pinhal,SP,-22.193296,-46.753192,N
5278,13995,santo antonio do jardim,SP,-22.116304,-46.684398,N
5279,14001,ribeirão preto,SP,-21.176055,-47.811012,N
5280,14010,ribeirao preto,SP,-21.17954,-47.808598,N
5281,14015,ribeirão preto,SP,-21.181219,-47.807479,N
5282,14020,ribeirao preto,SP,-21.201065,-47.802366,N
5283,14021,ribeirao preto,SP,-21.21381,-47.794875,N
5284,14022,ribeirao preto,SP,-21.22987,-47.787102,N
5285,14024,ribeirao preto,SP,-21.215295,-47.808194,N
5286,14025,ribeirao preto,SP,-21.193638,-47.815198,N
5287,14026,ribeirao preto,SP,-21.21489,-47.8216,N
5288,14027,ribeirao preto,SP,-21.223534,-47.831045,N
5289,14030,ribeirao preto,SP,-21.188419,-47.829384,N
5290,14031,ribeirao preto,SP,-21.201027,-47.844814,N
5291,14032,ribeirao preto,SP,-21.18445,-47.890147,N
5292,14033,ribeirao preto,SP,-21.185807,-47.71884,N
5293,14040,ribeirao preto,SP,-21.227656,-47.928788,N
5294,14050,ribeirao preto,SP,-21.172861,-47.8237,N
5295,14051,ribeirao preto,SP,-21.164389,-47.836924,N
5296,14055,ribeirao preto,SP,-21.157006,-47.824921,N
5297,14056,ribeirao preto,SP,-21.14367,-47.844068,N
5298,14057,ribeirao preto,SP,-21.132829,-47.846433,N
5299,14060,ribeirao preto,SP,-21.140509,-47.814852,N
5300,14061,ribeirao preto,SP,-21.124888,-47.810366,N
5301,14062,ribeirao preto,SP,-21.118338,-47.819209,N
5302,14065,ribeirao preto,SP,-21.133972,-47.832311,N
5303,14066,ribeirao preto,SP,-21.126517,-47.826886,N
5304,14070,ribeirao preto,SP,-21.112713,-47.79081,N
5305,14071,ribeirao preto,SP,-21.111067,-47.799377,N
5306,14072,ribeirao preto,SP,-21.088463,-47.798664,N
5307,14073,ribeirão preto,SP,-21.095893,-47.785111,N
5308,14075,ribeirao preto,SP,-21.140245,-47.791063,N
5309,14076,ribeirao preto,SP,-21.1567,-47.786195,N
5310,14077,ribeirão preto,SP,-21.121032,-47.781467,N
5311,14078,ribeirao preto,SP,-21.140496,-47.766518,N
5312,14079,ribeirao preto,SP,-21.134123,-47.745779,N
5313,14080,ribeirao preto,SP,-21.15464,-47.802753,N
5314,14085,ribeirao preto,SP,-21.165898,-47.797969,N
5315,14090,ribeirao preto,SP,-21.179893,-47.788429,N
5316,14091,ribeirao preto,SP,-21.190128,-47.787901,N
5317,14092,ribeirao preto,SP,-21.17771,-47.76782,N
5318,14093,ribeirao preto,SP,-21.177891,-47.743375,N
5319,14094,ribeirao preto,SP,-21.252495,-47.817879,N
5320,14095,ribeirao preto,SP,-21.191023,-47.767914,N
5321,14096,ribeirão preto,SP,-21.201311,-47.777952,N
5322,14097,ribeirao preto,SP,-21.209703,-47.74097,N
5323,14098,ribeirao preto,SP,-21.223349,-47.7684,N
5324,14110,ribeirão preto,SP,-21.254548,-47.815291,N
5325,14115,guatapara,SP,-21.496479,-48.030236,N
5326,14120,dumont,SP,-21.239813,-47.977066,N
5327,14140,cravinhos,SP,-21.33932,-47.737353,N
5328,14141,cravinhos,SP,-21.343077,-47.728493,N
5329,14150,serrana,SP,-21.208159,-47.601621,N
5330,14151,serrana,SP,-21.197558,-47.595246,N
5331,14160,sertãozinho,SP,-21.137238,-47.989244,N
5332,14161,sertaozinho,SP,-21.126001,-47.99895,N
5333,14164,sertaozinho,SP,-21.119158,-47.993696,N
5334,14165,sertaozinho,SP,-21.117003,-47.987588,N
5335,14166,sertaozinho,SP,-21.131057,-47.981561,N
5336,14169,sertaozinho,SP,-21.140825,-47.973481,N
5337,14170,sertaozinho,SP,-21.142567,-47.996913,N
5338,14171,sertãozinho,SP,-21.152142,-47.987161,N
5339,14173,sertaozinho,SP,-21.17174,-47.989871,N
5340,14175,sertaozinho,SP,-21.152714,-48.002016,N
5341,14176,sertaozinho,SP,-21.147789,-48.016842,N
5342,14177,sertaozinho,SP,-21.129514,-48.013678,N
5343,14178,sertaozinho,SP,-21.114762,-48.024031,N
5344,14179,sertaozinho,SP,-21.075096,-47.90096,N
5345,14180,pontal,SP,-21.026493,-48.037169,N
5346,14185,candia,SP,-17.656446,-45.430539,N
5347,14200,sao simao,SP,-21.474776,-47.561692,N
5348,14210,luis antonio,SP,-21.554254,-47.701862,N
5349,14220,são simão,SP,-21.238458,-47.790565,N
5350,14230,serra azul,SP,-21.311948,-47.564034,N
5351,14240,cajuru,SP,-21.274433,-47.305476,N
5352,14250,santa cruz da esperanca,SP,-21.52534,-47.305215,N
5353,14260,cassia dos coqueiros,SP,-21.281132,-47.16826,N
5354,14270,santa rosa de viterbo,SP,-21.483489,-47.368651,N
5355,14300,batatais,SP,-20.892832,-47.58504,N
5356,14305,batatais,SP,-20.88373,-47.574305,N
5357,14307,batatais,SP,-20.899299,-47.579508,N
5358,14312,batatais,SP,-20.916468,-47.574217,N
5359,14315,batatais,SP,-20.897754,-47.590266,N
5360,14340,brodowski,SP,-20.988927,-47.654619,N
5361,14350,altinopolis,SP,-21.021185,-47.377397,N
5362,14390,santo antonio da alegria,SP,-21.247322,-47.125649,N
5363,14400,franca,SP,-20.538925,-47.401381,N
5364,14401,franca,SP,-20.528619,-47.38741,N
5365,14402,franca,SP,-20.523653,-47.364272,N
5366,14403,franca,SP,-20.553624,-47.387359,N
5367,14404,franca,SP,-20.580647,-47.379733,N
5368,14405,franca,SP,-20.528759,-47.41111,N
5369,14406,franca,SP,-20.536614,-47.433584,N
5370,14407,franca,SP,-20.496251,-47.418434,N
5371,14408,franca,SP,-20.512749,-47.43728,N
5372,14409,franca,SP,-20.498489,-47.396929,N
5373,14410,franca,SP,-20.502546,-47.371575,N
5374,14412,franca,SP,-20.552274,-47.360417,N
5375,14415,patrocínio paulista,SP,-20.644425,-47.2811,N
5376,14420,itirapuã,SP,-20.642315,-47.220123,N
5377,14430,restinga,SP,-20.60271,-47.481953,N
5378,14440,sao jose da bela vista,SP,-20.593547,-47.641702,N
5379,14445,ribeirao corrente,SP,-20.460492,-47.588472,N
5380,14450,jeriquara,SP,-20.308307,-47.590884,N
5381,14460,cristais paulista,SP,-20.407954,-47.417913,N
5382,14470,pedregulho,SP,-20.248446,-47.476742,N
5383,14490,rifaina,SP,-20.079712,-47.424667,N
5384,14500,ituverava,SP,-20.331414,-47.789388,N
5385,14505,sao benedito da cachoeirinha,SP,-20.246259,-47.872183,N
5386,14530,miguelópolis,SP,-20.182732,-48.027802,N
5387,14540,igarapava,SP,-20.04273,-47.750514,N
5388,14550,aramina,SP,-20.092201,-47.790685,N
5389,14570,buritizal,SP,-20.193517,-47.709994,N
5390,14580,guara,SP,-20.432177,-47.824164,N
5391,14590,pioneiros,SP,-23.525595,-46.548296,N
5392,14600,sao joaquim da barra,SP,-20.585751,-47.863693,N
5393,14610,ipua,SP,-20.445531,-48.014023,N
5394,14620,orlandia,SP,-20.716824,-47.879535,N
5395,14640,morro agudo,SP,-20.728283,-48.055149,N
5396,14660,sales oliveira,SP,-20.767627,-47.840728,N
5397,14670,nuporanga,SP,-20.729299,-47.752326,N
5398,14680,jardinopolis,SP,-21.025578,-47.773201,N
5399,14690,juruce,SP,-21.057979,-47.748123,N
5400,14700,bebedouro,SP,-20.94608,-48.486768,N
5401,14701,bebedouro,SP,-20.951037,-48.487844,N
5402,14702,bebedouro,SP,-20.962567,-48.470927,N
5403,14704,bebedouro,SP,-20.962301,-48.490329,N
5404,14706,bebedouro,SP,-20.939781,-48.500679,N
5405,14707,bebedouro,SP,-20.933445,-48.492391,N
5406,14708,bebedouro,SP,-20.921195,-48.497189,N
5407,14709,bebedouro,SP,-20.9246,-48.490591,N
5408,14710,bebedouro,SP,-20.929983,-48.471235,N
5409,14711,bebedouro,SP,-20.943377,-48.464465,N
5410,14713,bebedouro,SP,-20.92303,-48.455769,N
5411,14715,bebedouro,SP,-21.051914,-48.476848,N
5412,14716,bebedouro,SP,-21.015656,-48.646092,N
5413,14718,bebedouro,SP,-20.997726,-48.546767,N
5414,14720,taiúva,SP,-21.124673,-48.448629,N
5415,14725,taiaçu,SP,-21.143847,-48.510865,N
5416,14730,monte azul paulista,SP,-20.906495,-48.642488,N
5417,14733,monte azul paulista,SP,-20.905666,-48.643314,N
5418,14735,severinia,SP,-20.808778,-48.807385,N
5419,14740,viradouro,SP,-20.868214,-48.293335,N
5420,14745,terra roxa,SP,-20.788692,-48.330406,N
5421,14750,pitangueiras,SP,-21.009875,-48.219256,N
5422,14760,ibitiuva,SP,-19.886871,-47.016357,N
5423,14765,taquaral,SP,-21.072867,-48.412841,N
5424,14770,colina,SP,-20.716153,-48.535255,N
5425,14775,jaborandi,SP,-20.690716,-48.414469,N
5426,14780,barretos,SP,-20.55628,-48.571865,N
5427,14781,barretos,SP,-20.53893,-48.558911,N
5428,14783,barretos,SP,-20.571439,-48.571539,N
5429,14784,barretos,SP,-20.578228,-48.557941,N
5430,14785,barretos,SP,-20.573912,-48.586849,N
5431,14786,barretos,SP,-20.546191,-48.602116,N
5432,14787,barretos,SP,-20.542295,-48.577496,N
5433,14789,barretos,SP,-20.614912,-48.76359,N
5434,14790,guaira,SP,-20.32499,-48.320131,N
5435,14795,colômbia,SP,-20.180863,-48.687257,N
5436,14800,araraquara,SP,-21.805779,-48.182222,N
5437,14801,araraquara,SP,-21.790783,-48.185502,N
5438,14802,araraquara,SP,-21.772226,-48.180222,N
5439,14803,araraquara,SP,-21.802697,-48.20526,N
5440,14804,araraquara,SP,-21.767159,-48.198227,N
5441,14805,araraquara,SP,-21.748457,-48.186046,N
5442,14806,araraquara,SP,-21.751258,-48.158816,N
5443,14807,araraquara,SP,-21.8044,-48.160634,N
5444,14808,araraquara,SP,-21.82153,-48.144859,N
5445,14809,araraquara,SP,-21.742192,-48.152052,N
5446,14810,araraquara,SP,-21.780076,-48.159142,N
5447,14811,araraquara,SP,-21.781324,-48.143821,N
5448,14813,gaviao peixoto,SP,-21.838425,-48.492713,N
5449,14815,ibate,SP,-21.950503,-48.002189,N
5450,14820,americo brasiliense,SP,-21.733215,-48.10994,N
5451,14825,santa lucia,SP,-21.68666,-48.083934,N
5452,14830,rincao,SP,-21.586649,-48.075012,N
5453,14835,motuca,SP,-21.509791,-48.150534,N
5454,14840,guariba,SP,-21.363502,-48.229601,N
5455,14850,pradopolis,SP,-21.359937,-48.073913,N
5456,14860,barrinha,SP,-21.190886,-48.156209,N
5457,14870,jaboticabal,SP,-21.257174,-48.320964,N
5458,14871,jaboticabal,SP,-21.266925,-48.330035,N
5459,14875,jaboticabal,SP,-21.252393,-48.33863,N
5460,14876,jaboticabal,SP,-21.242129,-48.334824,N
5461,14882,jaboticabal,SP,-21.24565,-48.317901,N
5462,14883,jaboticabal,SP,-21.246174,-48.308938,N
5463,14884,jaboticabal,SP,-21.235763,-48.241416,N
5464,14887,jaboticabal,SP,-21.261305,-48.306951,N
5465,14890,jaboticabal,SP,-21.272675,-48.318998,N
5466,14892,jaboticabal,SP,-21.16489,-48.377458,N
5467,14896,jaboticabal,SP,-21.289448,-48.264099,N
5468,14900,itapolis,SP,-21.594341,-48.811084,N
5469,14904,nova america,SP,-21.516895,-48.689579,N
5470,14907,tapinas,SP,-21.446557,-48.78737,N
5471,14910,tabatinga,SP,-21.737063,-48.687601,N
5472,14915,curupa,SP,-11.385679,-51.346781,N
5473,14920,nova europa,SP,-21.780473,-48.565779,N
5474,14930,boa esperanca do sul,SP,-21.993674,-48.390182,N
5475,14935,trabiju,SP,-22.039169,-48.338878,N
5476,14940,ibitinga,SP,-21.757321,-48.829744,N
5477,14955,borborema,SP,-21.620786,-49.074918,N
5478,14960,novo horizonte,SP,-21.469601,-49.222217,N
5479,14980,sales,SP,-21.342211,-49.499888,N
5480,14990,irapua,SP,-21.279643,-49.409312,N
5481,15010,sao jose do rio preto,SP,-20.813216,-49.381711,N
5482,15013,são josé do rio preto,SP,-20.828953,-49.330518,N
5483,15014,sao jose do rio preto,SP,-20.818959,-49.377346,N
5484,15015,sao jose do rio preto,SP,-20.819121,-49.379028,N
5485,15020,sao jose do rio preto,SP,-20.819922,-49.402685,N
5486,15025,sao jose do rio preto,SP,-20.806707,-49.389165,N
5487,15030,sao jose do rio preto,SP,-20.79659,-49.387674,N
5488,15035,sao jose do rio preto,SP,-20.812707,-49.41504,N
5489,15038,sao jose do rio preto,SP,-20.827014,-49.378346,N
5490,15040,sao jose do rio preto,SP,-20.799615,-49.415358,N
5491,15041,sao jose do rio preto,SP,-20.790374,-49.418262,N
5492,15042,sao jose do rio preto,SP,-20.791578,-49.43261,N
5493,15043,são josé do rio preto,SP,-20.787125,-49.399434,N
5494,15044,sao jose do rio preto,SP,-20.781097,-49.418139,N
5495,15045,sao jose do rio preto,SP,-20.778587,-49.393727,N
5496,15046,são josé do rio preto,SP,-20.776864,-49.364111,N
5497,15047,são josé do rio preto,SP,-20.763965,-49.404653,N
5498,15048,sao jose do rio preto,SP,-20.842582,-49.474464,N
5499,15050,sao jose do rio preto,SP,-20.78958,-49.372499,N
5500,15051,sao jose do rio preto,SP,-20.790877,-49.370116,N
5501,15052,sao jose do rio preto,SP,-20.762171,-49.364295,N
5502,15053,são josé do rio preto,SP,-20.777385,-49.365346,N
5503,15054,sao jose do rio preto,SP,-20.786663,-49.359327,N
5504,15055,sao jose do rio preto,SP,-20.794069,-49.365081,N
5505,15056,sao jose do rio preto,SP,-20.774165,-49.340918,N
5506,15057,sao jose do rio preto,SP,-20.791868,-49.343259,N
5507,15060,sao jose do rio preto,SP,-20.801599,-49.367617,N
5508,15061,sao jose do rio preto,SP,-20.810361,-49.348545,N
5509,15062,sao jose do rio preto,SP,-20.830406,-49.338939,N
5510,15063,sao jose do rio preto,SP,-20.812008,-49.337907,N
5511,15064,sao jose do rio preto,SP,-20.787979,-49.286034,N
5512,15070,sao jose do rio preto,SP,-20.818007,-49.36232,N
5513,15075,sao jose do rio preto,SP,-20.821611,-49.352931,N
5514,15076,são josé do rio preto,SP,-20.832045,-49.353345,N
5515,15077,sao jose do rio preto,SP,-20.851486,-49.338051,N
5516,15080,sao jose do rio preto,SP,-20.831212,-49.36968,N
5517,15081,sao jose do rio preto,SP,-20.844795,-49.36263,N
5518,15082,são josé do rio preto,SP,-20.848578,-49.367677,N
5519,15084,são josé do rio preto,SP,-20.829838,-49.378392,N
5520,15085,sao jose do rio preto,SP,-20.836209,-49.388071,N
5521,15086,sao jose do rio preto,SP,-20.843016,-49.382029,N
5522,15090,sao jose do rio preto,SP,-20.835495,-49.394692,N
5523,15091,sao jose do rio preto,SP,-20.83707,-49.403183,N
5524,15092,sao jose do rio preto,SP,-20.836232,-49.413256,N
5525,15093,sao jose do rio preto,SP,-20.85538,-49.411,N
5526,15102,sao jose do rio preto,SP,-20.699944,-49.112924,N
5527,15104,sao jose do rio preto,SP,-20.92141,-49.084309,N
5528,15105,potirendaba,SP,-21.045034,-49.376158,N
5529,15108,ipigua,SP,-20.659883,-49.388234,N
5530,15110,guapiacu,SP,-20.794543,-49.224623,N
5531,15115,bady bassitt,SP,-20.917115,-49.450819,N
5532,15120,neves paulista,SP,-20.843958,-49.631102,N
5533,15130,mirassol,SP,-20.814772,-49.506928,N
5534,15131,mirassol,SP,-20.811511,-49.528907,N
5535,15132,mirassol,SP,-20.810571,-49.516087,N
5536,15133,mirassol,SP,-20.804898,-49.497597,N
5537,15135,mirassol,SP,-20.813871,-49.508565,N
5538,15137,mirassol,SP,-20.821707,-49.492487,N
5539,15138,mirassol,SP,-20.825041,-49.500783,N
5540,15140,balsamo,SP,-20.737164,-49.582197,N
5541,15145,mirassolandia,SP,-20.611899,-49.465125,N
5542,15150,monte aprazível,SP,-20.770002,-49.711834,N
5543,15154,engenheiro balduino,SP,-20.683265,-49.689783,N
5544,15155,jaci,SP,-20.884709,-49.571921,N
5545,15160,poloni,SP,-20.784966,-49.814182,N
5546,15170,tanabi,SP,-20.623522,-49.651958,N
5547,15180,sebastianopolis do sul,SP,-20.657964,-49.921858,N
5548,15190,nhandeara,SP,-20.693537,-50.042499,N
5549,15195,nhandeara,SP,-20.688427,-50.051025,N
5550,15200,jose bonifacio,SP,-21.057798,-49.68991,N
5551,15210,nova alianca,SP,-21.018303,-49.503478,N
5552,15215,nova itapirema,SP,-22.435638,-46.82167,N
5553,15220,mendonça,SP,-21.184684,-49.579401,N
5554,15225,ubarana,SP,-21.163826,-49.717225,N
5555,15230,adolfo,SP,-21.234456,-49.642716,N
5556,15240,nipoa,SP,-20.913084,-49.778119,N
5557,15250,uniao paulista,SP,-20.888029,-49.89561,N
5558,15260,planalto,SP,-21.032862,-49.92798,N
5559,15265,zacarias,SP,-21.050431,-50.052727,N
5560,15270,macaubal,SP,-20.804398,-49.963598,N
5561,15275,moncoes,SP,-20.852481,-50.090689,N
5562,15280,turiuba,SP,-20.949909,-50.107064,N
5563,15285,lourdes,SP,-20.965368,-50.225589,N
5564,15290,buritama,SP,-21.067288,-50.144402,N
5565,15300,general salgado,SP,-20.646964,-50.362564,N
5566,15310,magda,SP,-20.645652,-50.223319,N
5567,15313,nova castilho,SP,-20.76455,-50.343043,N
5568,15315,sao joao de iracema,SP,-20.514002,-50.352756,N
5569,15320,floreal,SP,-20.676786,-50.149213,N
5570,15330,gastao vidigal,SP,-20.79775,-50.19144,N
5571,15340,nova luzitania,SP,-20.856451,-50.262113,N
5572,15350,auriflama,SP,-20.685083,-50.554621,N
5573,15355,guzolandia,SP,-20.648744,-50.659889,N
5574,15360,sud mennucci,SP,-20.689439,-50.923232,N
5575,15367,bandeirantes d'oeste,SP,-23.106241,-50.377957,N
5576,15370,pereira barreto,SP,-20.642058,-51.107011,N
5577,15380,suzanapolis,SP,-20.50081,-51.026441,N
5578,15385,ilha solteira,SP,-20.428887,-51.34047,N
5579,15390,itapura,SP,-20.643063,-51.507083,N
5580,15397,itapura,SP,-20.641225,-51.508139,N
5581,15400,olímpia,SP,-20.73753,-48.909036,N
5582,15405,baguacu,SP,-20.690198,-49.067946,N
5583,15410,cajobi,SP,-20.877875,-48.810962,N
5584,15417,monte verde paulista,SP,-23.162802,-47.16776,N
5585,15420,guaraci,SP,-20.496225,-48.945449,N
5586,15425,embauba,SP,-20.981733,-48.836402,N
5587,15430,altair,SP,-20.525025,-49.060868,N
5588,15440,nova granada,SP,-20.536387,-49.320856,N
5589,15450,onda verde,SP,-20.608164,-49.298059,N
5590,15460,icem,SP,-20.340445,-49.198275,N
5591,15470,palestina,SP,-20.389692,-49.434529,N
5592,15480,orindiuva,SP,-20.185267,-49.352904,N
5593,15490,paulo de faria,SP,-20.031912,-49.405465,N
5594,15495,riolandia,SP,-19.981667,-49.679932,N
5595,15500,votuporanga,SP,-20.42027,-49.971684,N
5596,15501,votuporanga,SP,-20.431757,-49.97463,N
5597,15502,votuporanga,SP,-20.416364,-49.985004,N
5598,15503,votuporanga,SP,-20.398673,-49.97326,N
5599,15504,votuporanga,SP,-20.419515,-49.948981,N
5600,15505,votuporanga,SP,-20.422764,-49.966738,N
5601,15506,votuporanga,SP,-20.422066,-49.999144,N
5602,15507,votuporanga,SP,-20.408911,-49.994311,N
5603,15515,votuporanga,SP,-20.452096,-49.893396,N
5604,15520,valentim gentil,SP,-20.421792,-50.082892,N
5605,15525,parisi,SP,-20.305992,-50.011151,N
5606,15530,cosmorama,SP,-20.480037,-49.776243,N
5607,15540,álvares florence,SP,-20.321332,-49.908555,N
5608,15545,boa vista dos andradas,SP,-26.294413,-48.820672,N
5609,15550,americo de campos,SP,-20.299359,-49.732645,N
5610,15560,pontes gestal,SP,-20.184431,-49.702826,N
5611,15570,cardoso,SP,-20.080942,-49.912693,N
5612,15580,mira estrela,SP,-19.975613,-50.134392,N
5613,15600,fernandopolis,SP,-20.284123,-50.249704,N
5614,15601,fernandópolis,SP,-20.293309,-50.256318,N
5615,15603,fernandopolis,SP,-20.286928,-50.241823,N
5616,15604,fernandópolis,SP,-20.302312,-50.246548,N
5617,15607,fernandópolis,SP,-20.277746,-50.245856,N
5618,15608,fernandopolis,SP,-20.272243,-50.241571,N
5619,15610,brasitânia,SP,-20.279924,-50.255799,N
5620,15612,fernandópolis,SP,-20.276496,-50.256643,N
5621,15617,brasitania,SP,-20.280593,-50.255186,N
5622,15620,macedonia,SP,-20.146392,-50.195745,N
5623,15625,meridiano,SP,-20.358241,-50.17546,N
5624,15630,pedranopolis,SP,-20.249109,-50.11125,N
5625,15640,sao joao das duas pontes,SP,-20.891706,-49.723812,N
5626,15650,estrela doeste,SP,-20.285485,-50.397562,N
5627,15670,populina,SP,-19.942987,-50.53746,N
5628,15680,guarani d'oeste,SP,-20.074667,-50.33938,N
5629,15685,ouroeste,SP,-20.00169,-50.375282,N
5630,15690,indiapora,SP,-19.979387,-50.287789,N
5631,15700,jales,SP,-20.269591,-50.543436,N
5632,15703,jales,SP,-20.278965,-50.542262,N
5633,15704,jales,SP,-20.280018,-50.551435,N
5634,15706,jales,SP,-20.269886,-50.558746,N
5635,15707,jales,SP,-20.253405,-50.549778,N
5636,15708,jales,SP,-20.263291,-50.525172,N
5637,15710,sao francisco,SP,-20.361211,-50.694496,N
5638,15713,vitória brasil,SP,-20.198226,-50.484413,N
5639,15715,dirce reis,SP,-20.466224,-50.606862,N
5640,15718,pontalinda,SP,-20.440258,-50.521984,N
5641,15720,palmeira d'oeste,SP,-20.415905,-50.762154,N
5642,15730,marinopolis,SP,-20.44133,-50.823099,N
5643,15735,aparecida d'oeste,SP,-20.453716,-50.882766,N
5644,15740,dolcinopolis,SP,-20.123522,-50.511917,N
5645,15745,paranapua,SP,-20.100585,-50.587203,N
5646,15748,mesopolis,SP,-19.966742,-50.621257,N
5647,15750,santa albertina,SP,-20.030298,-50.728411,N
5648,15755,turmalina,SP,-20.053649,-50.475918,N
5649,15760,urania,SP,-20.246492,-50.643518,N
5650,15763,aspasia,SP,-20.160511,-50.725884,N
5651,15765,santana da ponte pensa,SP,-20.25313,-50.798796,N
5652,15768,santa salete,SP,-20.24555,-50.690136,N
5653,15770,três fronteiras,SP,-20.235805,-50.889764,N
5654,15773,nova canaa paulista,SP,-20.382625,-50.943436,N
5655,15775,santa fe do sul,SP,-20.220527,-50.903424,N
5656,15780,santa rita d'oeste,SP,-20.144651,-50.831783,N
5657,15785,santa clara d'oeste,SP,-20.092527,-50.927082,N
5658,15790,rubineia,SP,-20.172318,-51.000824,N
5659,15800,catanduva,SP,-21.141358,-48.975349,N
5660,15801,catanduva,SP,-21.137619,-48.981408,N
5661,15802,catanduva,SP,-21.143389,-48.995314,N
5662,15803,catanduva,SP,-21.128726,-48.992954,N
5663,15804,catanduva,SP,-21.121028,-48.970818,N
5664,15805,catanduva,SP,-21.122415,-48.963319,N
5665,15806,catanduva,SP,-21.132612,-48.958771,N
5666,15807,catanduva,SP,-21.123849,-48.951292,N
5667,15808,catanduva,SP,-21.143218,-48.947188,N
5668,15809,catanduva,SP,-21.144694,-48.963673,N
5669,15810,catanduva,SP,-21.154143,-48.971334,N
5670,15811,catanduva,SP,-21.178464,-48.999483,N
5671,15812,catanduva,SP,-21.159104,-48.992965,N
5672,15813,catanduva,SP,-21.128945,-49.017169,N
5673,15816,catanduva,SP,-21.159299,-48.944854,N
5674,15820,pirangi,SP,-21.095628,-48.664048,N
5675,15823,elisiario,SP,-21.169211,-49.109858,N
5676,15825,paraiso,SP,-21.019414,-48.774583,N
5677,15828,palmares paulista,SP,-21.086252,-48.804568,N
5678,15830,pindorama,SP,-21.18417,-48.907973,N
5679,15835,roberto,SP,-21.254701,-48.979408,N
5680,15840,itajobi,SP,-21.314998,-49.055417,N
5681,15845,marapoama,SP,-21.256794,-49.130221,N
5682,15850,urupes,SP,-21.204039,-49.293055,N
5683,15855,sao joao de itaguacu,SP,-26.213881,-47.885151,N
5684,15860,ibira,SP,-21.082707,-49.239534,N
5685,15868,termas de ibira,SP,-21.081026,-49.241642,N
5686,15870,catigua,SP,-21.052393,-49.05982,N
5687,15880,tabapua,SP,-20.963704,-49.032609,N
5688,15885,novais,SP,-20.995435,-48.919332,N
5689,15890,uchoa,SP,-20.954053,-49.174152,N
5690,15895,cedral,SP,-20.904114,-49.268575,N
5691,15900,taquaritinga,SP,-21.405279,-48.504454,N
5692,15903,taquaritinga,SP,-21.448306,-48.574959,N
5693,15905,jurupema,SP,-21.403721,-48.498698,N
5694,15910,monte alto,SP,-21.263459,-48.495497,N
5695,15915,aparecida de monte alto,SP,-21.595333,-48.124461,N
5696,15920,vista alegre do alto,SP,-21.172081,-48.632422,N
5697,15930,cândido rodrigues,SP,-21.324486,-48.63224,N
5698,15940,fernando prestes,SP,-21.267135,-48.686679,N
5699,15945,agulha,SP,-21.998815,-47.492715,N
5700,15950,santa adelia,SP,-21.243499,-48.80481,N
5701,15953,botelho,SP,-21.975891,-47.67509,N
5702,15960,ariranha,SP,-21.189588,-48.787718,N
5703,15970,santa ernestina,SP,-21.461125,-48.390234,N
5704,15980,dobrada,SP,-21.518613,-48.392203,N
5705,15990,matao,SP,-21.604805,-48.365561,N
5706,15991,matao,SP,-21.637688,-48.33537,N
5707,15993,matao,SP,-21.622767,-48.364572,N
5708,15995,matao,SP,-21.599272,-48.388831,N
5709,15996,matao,SP,-21.588191,-48.374884,N
5710,15997,matao,SP,-21.592173,-48.356937,N
5711,15999,matão,SP,-21.550631,-48.531246,N
5712,16010,aracatuba,SP,-21.208293,-50.440377,N
5713,16011,aracatuba,SP,-21.20664,-50.424428,N
5714,16012,aracatuba,SP,-21.211706,-50.403639,N
5715,16013,aracatuba,SP,-21.220091,-50.416561,N
5716,16015,aracatuba,SP,-21.212675,-50.434139,N
5717,16016,aracatuba,SP,-21.232151,-50.423283,N
5718,16018,aracatuba,SP,-21.227635,-50.436296,N
5719,16020,araçatuba,SP,-21.222654,-50.446487,N
5720,16021,aracatuba,SP,-21.227537,-50.455887,N
5721,16022,aracatuba,SP,-21.232309,-50.463923,N
5722,16023,araçatuba,SP,-21.228276,-50.471907,N
5723,16025,aracatuba,SP,-21.213413,-50.454801,N
5724,16026,aracatuba,SP,-21.217308,-50.468755,N
5725,16050,aracatuba,SP,-21.196571,-50.442511,N
5726,16052,aracatuba,SP,-21.169917,-50.438552,N
5727,16055,aracatuba,SP,-21.193241,-50.42908,N
5728,16056,aracatuba,SP,-21.186664,-50.428373,N
5729,16057,araçatuba,SP,-21.172635,-50.449306,N
5730,16058,aracatuba,SP,-21.161924,-50.45536,N
5731,16067,aracatuba,SP,-21.178167,-50.451481,N
5732,16070,aracatuba,SP,-21.20068,-50.478475,N
5733,16071,aracatuba,SP,-21.205636,-50.465432,N
5734,16072,aracatuba,SP,-21.201787,-50.458067,N
5735,16074,aracatuba,SP,-21.193289,-50.452794,N
5736,16075,aracatuba,SP,-21.186034,-50.459283,N
5737,16076,aracatuba,SP,-21.183361,-50.485369,N
5738,16078,aracatuba,SP,-21.170764,-50.469671,N
5739,16080,araçatuba,SP,-21.146575,-50.464755,N
5740,16087,araçatuba,SP,-21.202899,-50.432005,N
5741,16130,santo antonio do aracangua,SP,-21.078033,-50.241935,N
5742,16200,birigui,SP,-21.294954,-50.343267,N
5743,16201,birigui,SP,-21.271827,-50.330586,N
5744,16202,birigui,SP,-21.285251,-50.31904,N
5745,16203,birigui,SP,-21.297098,-50.325118,N
5746,16204,birigui,SP,-21.303355,-50.354087,N
5747,16205,birigui,SP,-21.307721,-50.365536,N
5748,16206,birigui,SP,-21.28699,-50.360949,N
5749,16207,birigui,SP,-21.302598,-50.376541,N
5750,16208,birigui,SP,-21.244884,-50.322192,N
5751,16210,bilac,SP,-21.402611,-50.475396,N
5752,16220,gabriel monteiro,SP,-21.530165,-50.552551,N
5753,16230,piacatu,SP,-21.592648,-50.599212,N
5754,16240,santopolis do aguapei,SP,-21.637086,-50.5006,N
5755,16250,clementina,SP,-21.560185,-50.4458,N
5756,16260,coroados,SP,-21.355518,-50.284635,N
5757,16265,brejo alegre,SP,-21.167647,-50.185447,N
5758,16270,glicério,SP,-21.382222,-50.209171,N
5759,16280,juritis,SP,-22.525832,-48.374614,N
5760,16290,brauna,SP,-21.504276,-50.322344,N
5761,16300,penapolis,SP,-21.42072,-50.076471,N
5762,16301,penapolis,SP,-21.427002,-50.065009,N
5763,16303,penapolis,SP,-21.429165,-50.072361,N
5764,16304,penapolis,SP,-21.437403,-50.076931,N
5765,16305,penapolis,SP,-21.429446,-50.087918,N
5766,16306,penapolis,SP,-21.414851,-50.088173,N
5767,16308,penapolis,SP,-21.41093,-50.080443,N
5768,16309,penapolis,SP,-21.397698,-50.080293,N
5769,16310,alto alegre,SP,-21.583295,-50.167489,N
5770,16340,luiziania,SP,-21.675493,-50.3283,N
5771,16350,barbosa,SP,-21.265673,-49.950322,N
5772,16360,avanhandava,SP,-21.46071,-49.946445,N
5773,16370,promissao,SP,-21.541,-49.856858,N
5774,16400,lins,SP,-21.673907,-49.758059,N
5775,16401,lins,SP,-21.66404,-49.742343,N
5776,16402,lins,SP,-21.676704,-49.733114,N
5777,16403,lins,SP,-21.6896,-49.745109,N
5778,16404,lins,SP,-21.676688,-49.747866,N
5779,16406,lins,SP,-21.65681,-49.765018,N
5780,16430,guaicara,SP,-21.6221,-49.795962,N
5781,16440,sabino,SP,-21.460263,-49.577084,N
5782,16450,getulina,SP,-21.799747,-49.931365,N
5783,16480,guaimbe,SP,-21.90998,-49.896172,N
5784,16500,cafelandia,SP,-21.803201,-49.602213,N
5785,16510,simoes,SP,-22.276417,-51.483294,N
5786,16570,guaranta,SP,-21.894658,-49.58914,N
5787,16600,pirajui,SP,-21.996311,-49.454691,N
5788,16640,balbinos,SP,-21.901262,-49.356839,N
5789,16650,uru,SP,-21.783578,-49.281671,N
5790,16660,pongai,SP,-21.737107,-49.358102,N
5791,16670,presidente alves,SP,-22.097936,-49.438576,N
5792,16680,avai,SP,-22.157832,-49.332134,N
5793,16700,guararapes,SP,-21.250587,-50.646445,N
5794,16750,rubiacea,SP,-21.302002,-50.734608,N
5795,16790,bento de abreu,SP,-21.273504,-50.81125,N
5796,16800,mirandopolis,SP,-21.132504,-51.103187,N
5797,16830,tres aliancas,SP,-23.495023,-46.801143,N
5798,16850,lavinia,SP,-21.167407,-51.043463,N
5799,16880,valparaiso,SP,-21.225948,-50.866902,N
5800,16900,andradina,SP,-20.905469,-51.381627,N
5801,16901,andradina,SP,-20.894499,-51.373939,N
5802,16902,andradina,SP,-20.90531,-51.358712,N
5803,16903,andradina,SP,-20.901325,-51.395103,N
5804,16905,andradina,SP,-20.884098,-51.366909,N
5805,16920,castilho,SP,-20.866847,-51.491765,N
5806,16940,nova independência,SP,-21.107561,-51.491343,N
5807,16950,murutinga do sul,SP,-20.992636,-51.27852,N
5808,16980,guaracai,SP,-21.033223,-51.208017,N
5809,17010,bauru,SP,-22.319737,-49.072393,N
5810,17011,bauru,SP,-22.331883,-49.053752,N
5811,17012,bauru,SP,-22.336525,-49.059382,N
5812,17013,bauru,SP,-22.321335,-49.060173,N
5813,17014,bauru,SP,-22.334793,-49.075456,N
5814,17015,bauru,SP,-22.326489,-49.073052,N
5815,17016,bauru,SP,-22.341369,-49.070018,N
5816,17017,bauru,SP,-22.347194,-49.059689,N
5817,17018,bauru,SP,-22.359934,-49.051325,N
5818,17020,bauru,SP,-22.306201,-49.066625,N
5819,17021,bauru,SP,-22.298765,-49.07771,N
5820,17022,bauru,SP,-22.277314,-49.075119,N
5821,17023,bauru,SP,-22.282478,-49.057213,N
5822,17024,bauru,SP,-22.296868,-49.063014,N
5823,17025,bauru,SP,-22.303149,-49.052517,N
5824,17026,bauru,SP,-22.294714,-49.045696,N
5825,17027,bauru,SP,-22.286693,-49.032952,N
5826,17030,bauru,SP,-22.322001,-49.045751,N
5827,17031,bauru,SP,-22.323633,-49.020799,N
5828,17032,bauru,SP,-22.322474,-49.029341,N
5829,17033,bauru,SP,-22.332167,-49.031556,N
5830,17034,bauru,SP,-22.310732,-49.028852,N
5831,17035,bauru,SP,-22.322115,-49.000575,N
5832,17037,bauru,SP,-22.339847,-48.953196,N
5833,17039,bauru,SP,-22.307204,-48.998343,N
5834,17047,bauru,SP,-22.336423,-49.043374,N
5835,17048,bauru,SP,-22.371613,-49.030731,N
5836,17050,bauru,SP,-22.325549,-49.094331,N
5837,17051,bauru,SP,-22.330985,-49.099944,N
5838,17052,bauru,SP,-22.340761,-49.09507,N
5839,17053,bauru,SP,-22.365845,-49.074721,N
5840,17054,bauru,SP,-22.347041,-49.089499,N
5841,17055,bauru,SP,-22.339066,-49.110842,N
5842,17056,bauru,SP,-22.353827,-49.101471,N
5843,17057,bauru,SP,-22.323184,-49.119747,N
5844,17060,bauru,SP,-22.31514,-49.08239,N
5845,17063,bauru,SP,-22.309555,-49.089015,N
5846,17064,bauru,SP,-22.304241,-49.090194,N
5847,17065,bauru,SP,-22.314379,-49.118193,N
5848,17066,bauru,SP,-22.306352,-49.111742,N
5849,17067,bauru,SP,-22.309364,-49.10224,N
5850,17110,bauru,SP,-21.986769,-48.821504,N
5851,17120,agudos,SP,-22.471037,-48.986215,N
5852,17123,domelia,SP,-22.548554,-49.099899,N
5853,17128,agudos,SP,-22.460146,-48.98385,N
5854,17132,agudos,SP,-22.467648,-48.983387,N
5855,17150,paulistania,SP,-22.578072,-49.403359,N
5856,17160,arealva,SP,-22.029501,-48.913567,N
5857,17170,jacuba,SP,-23.704334,-46.71219,N
5858,17180,iacanga,SP,-21.892163,-49.021572,N
5859,17190,reginopolis,SP,-21.881493,-49.264698,N
5860,17201,jaú,SP,-22.29436,-48.558524,N
5861,17202,jau,SP,-22.300403,-48.560113,N
5862,17203,jau,SP,-22.303195,-48.571236,N
5863,17204,jau,SP,-22.292516,-48.577858,N
5864,17205,jau,SP,-22.292905,-48.568261,N
5865,17206,jau,SP,-22.266443,-48.568469,N
5866,17207,jau,SP,-22.283813,-48.557704,N
5867,17208,jaú,SP,-22.273294,-48.5548,N
5868,17209,jau,SP,-22.275249,-48.543584,N
5869,17210,jaú,SP,-22.285564,-48.535058,N
5870,17211,jau,SP,-22.301846,-48.543232,N
5871,17212,jau,SP,-22.317062,-48.546945,N
5872,17213,jau,SP,-22.311267,-48.579663,N
5873,17214,jaú,SP,-22.288198,-48.512692,N
5874,17215,jau,SP,-22.267348,-48.547604,N
5875,17220,jaú,SP,-22.365478,-48.667292,N
5876,17230,itapui,SP,-22.234559,-48.721835,N
5877,17240,bocaina,SP,-22.141866,-48.527803,N
5878,17250,bariri,SP,-22.074022,-48.740256,N
5879,17260,itaju,SP,-21.981684,-48.805331,N
5880,17270,boraceia,SP,-22.196134,-48.778011,N
5881,17280,pederneiras,SP,-22.348013,-48.784496,N
5882,17285,guaianas,SP,-22.311514,-48.890545,N
5883,17288,santelmo,SP,-22.197288,-48.875533,N
5884,17290,macatuba,SP,-22.514093,-48.716942,N
5885,17300,dois córregos,SP,-22.368025,-48.386262,N
5886,17310,guarapua,SP,-22.250352,-48.384641,N
5887,17320,mineiros do tiete,SP,-22.413396,-48.451297,N
5888,17340,barra bonita,SP,-22.486198,-48.559591,N
5889,17350,igaracu do tiete,SP,-22.516187,-48.562805,N
5890,17360,torrinha,SP,-22.431454,-48.169966,N
5891,17370,santa maria da serra,SP,-22.56964,-48.155399,N
5892,17380,brotas,SP,-22.282155,-48.125102,N
5893,17390,sao sebastiao da serra,SP,,,N
5894,17400,garca,SP,-22.211471,-49.658625,N
5895,17405,garca,SP,-22.211923,-49.70655,N
5896,17410,alvaro de carvalho,SP,-22.08249,-49.718272,N
5897,17420,lupércio,SP,-22.414985,-49.817155,N
5898,17430,alvinlândia,SP,-22.442094,-49.763952,N
5899,17440,ubirajara,SP,-22.527613,-49.661753,N
5900,17450,galia,SP,-22.292838,-49.550428,N
5901,17455,fernao,SP,-22.360284,-49.521021,N
5902,17470,duartina,SP,-22.415179,-49.40622,N
5903,17475,lucianopolis,SP,-22.43082,-49.521938,N
5904,17479,duartina,SP,-22.414406,-49.413997,N
5905,17480,cabralia paulista,SP,-22.456543,-49.337533,N
5906,17490,piratininga,SP,-22.4146,-49.13936,N
5907,17492,piratininga,SP,-22.415853,-49.142721,N
5908,17495,piratininga,SP,-22.413306,-49.144017,N
5909,17498,piratininga,SP,-22.41954,-49.139289,N
5910,17500,marilia,SP,-22.218072,-49.950221,N
5911,17501,marilia,SP,-22.222454,-49.946982,N
5912,17502,marília,SP,-22.223537,-49.958514,N
5913,17503,marilia,SP,-22.223434,-49.965049,N
5914,17504,marília,SP,-22.213865,-49.95852,N
5915,17505,marilia,SP,-22.201858,-49.968323,N
5916,17506,marilia,SP,-22.203421,-49.959068,N
5917,17507,marilia,SP,-22.190884,-49.963656,N
5918,17509,marilia,SP,-22.212335,-49.945661,N
5919,17510,marilia,SP,-22.197207,-49.952195,N
5920,17511,marília,SP,-22.179141,-49.956948,N
5921,17512,marilia,SP,-22.158801,-49.961506,N
5922,17513,marilia,SP,-22.203229,-49.93871,N
5923,17514,marilia,SP,-22.185587,-49.926334,N
5924,17515,marilia,SP,-22.211054,-49.938798,N
5925,17516,marilia,SP,-22.223279,-49.926234,N
5926,17519,marilia,SP,-22.229963,-49.936189,N
5927,17520,marilia,SP,-22.23909,-49.925024,N
5928,17521,marilia,SP,-22.239522,-49.916685,N
5929,17522,marilia,SP,-22.249301,-49.930283,N
5930,17523,marilia,SP,-22.251678,-49.938571,N
5931,17524,marilia,SP,-22.241707,-49.932199,N
5932,17525,marília,SP,-22.235043,-49.96592,N
5933,17526,marilia,SP,-22.234383,-49.976667,N
5934,17527,marilia,SP,-22.219369,-49.974473,N
5935,17532,marília,SP,-22.225612,-49.963339,N
5936,17533,marilia,SP,-22.187498,-49.979034,N
5937,17539,marilia,SP,-22.220802,-49.884101,N
5938,17540,ocaucu,SP,-22.439786,-49.920418,N
5939,17550,julio mesquita,SP,-22.010935,-49.790055,N
5940,17560,vera cruz,SP,-22.222174,-49.822674,N
5941,17570,oriente,SP,-22.153846,-50.09395,N
5942,17580,pompeia,SP,-22.103673,-50.178936,N
5943,17590,queiroz,SP,-21.798873,-50.240025,N
5944,17600,tupa,SP,-21.934485,-50.513982,N
5945,17601,tupa,SP,-21.926864,-50.514137,N
5946,17602,tupa,SP,-21.930548,-50.498348,N
5947,17603,tupa,SP,-21.942072,-50.500827,N
5948,17604,tupa,SP,-21.943091,-50.516763,N
5949,17605,tupa,SP,-21.935067,-50.524819,N
5950,17606,tupa,SP,-21.928465,-50.525684,N
5951,17607,tupa,SP,-21.921452,-50.522877,N
5952,17610,tupa,SP,-21.923104,-50.503008,N
5953,17625,tupa,SP,-22.082933,-50.540399,N
5954,17630,arco-iris,SP,-21.773506,-50.464727,N
5955,17650,herculandia,SP,-22.003495,-50.387737,N
5956,17670,quintana,SP,-22.069567,-50.303977,N
5957,17680,iacri,SP,-21.858045,-50.688854,N
5958,17690,bastos,SP,-21.921258,-50.732377,N
5959,17700,osvaldo cruz,SP,-21.795711,-50.879278,N
5960,17710,sagres,SP,-21.883056,-50.955649,N
5961,17720,salmourão,SP,-21.624269,-50.858929,N
5962,17730,parapuã,SP,-21.781665,-50.791557,N
5963,17740,rinópolis,SP,-21.725411,-50.723761,N
5964,17760,inubia paulista,SP,-21.769364,-50.961958,N
5965,17780,lucélia,SP,-21.723625,-51.019158,N
5966,17790,pracinha,SP,-21.851401,-51.08552,N
5967,17800,adamantina,SP,-21.684239,-51.076015,N
5968,17810,mariapolis,SP,-21.796086,-51.182139,N
5969,17830,florida paulista,SP,-21.614402,-51.171723,N
5970,17860,pacaembu,SP,-21.56306,-51.263333,N
5971,17870,flora rica,SP,-21.67685,-51.380981,N
5972,17880,irapuru,SP,-21.567727,-51.351474,N
5973,17890,junqueiropolis,SP,-21.511447,-51.435775,N
5974,17900,dracena,SP,-21.486393,-51.533744,N
5975,17905,jamaica,SP,-24.228586,-46.883413,N
5976,17920,ouro verde,SP,-21.48981,-51.700982,N
5977,17930,tupi paulista,SP,-21.385867,-51.573634,N
5978,17940,santa mercedes,SP,-21.352006,-51.753619,N
5979,17950,nova guataporanga,SP,-21.332456,-51.64597,N
5980,17960,monte castelo,SP,-21.299469,-51.567813,N
5981,17970,sao joao do pau d'alho,SP,-21.266048,-51.667203,N
5982,17980,panorama,SP,-21.361873,-51.856903,N
5983,17990,pauliceia,SP,-21.311172,-51.834902,N
5984,18010,sorocaba,SP,-23.5007,-47.459369,N
5985,18013,sorocaba,SP,-23.491116,-47.43011,N
5986,18015,sorocaba,SP,-23.502755,-47.430451,N
5987,18016,sorocaba,SP,-23.495464,-47.428287,N
5988,18017,sorocaba,SP,-23.492578,-47.410917,N
5989,18020,sorocaba,SP,-23.506819,-47.445651,N
5990,18021,sorocaba,SP,-23.508311,-47.428667,N
5991,18022,sorocaba,SP,-23.524689,-47.440579,N
5992,18023,sorocaba,SP,-23.510532,-47.355675,N
5993,18025,sorocaba,SP,-23.515612,-47.443461,N
5994,18030,sorocaba,SP,-23.510539,-47.45967,N
5995,18031,sorocaba,SP,-23.517023,-47.457763,N
5996,18035,sorocaba,SP,-23.501009,-47.462026,N
5997,18040,sorocaba,SP,-23.505548,-47.469705,N
5998,18043,sorocaba,SP,-23.505654,-47.479115,N
5999,18044,sorocaba,SP,-23.510186,-47.47803,N
6000,18045,sorocaba,SP,-23.519046,-47.485266,N
6001,18046,sorocaba,SP,-23.521978,-47.474409,N
6002,18047,sorocaba,SP,-23.520377,-47.462985,N
6003,18048,sorocaba,SP,-23.53689,-47.469687,N
6004,18050,sorocaba,SP,-23.514943,-47.49953,N
6005,18051,sorocaba,SP,-23.518036,-47.503547,N
6006,18052,sorocaba,SP,-23.531732,-47.499804,N
6007,18053,sorocaba,SP,-23.501132,-47.518579,N
6008,18054,sorocaba,SP,-23.493663,-47.52356,N
6009,18055,sorocaba,SP,-23.497317,-47.501602,N
6010,18056,sorocaba,SP,-23.507203,-47.503485,N
6011,18057,sorocaba,SP,-23.479856,-47.50985,N
6012,18060,sorocaba,SP,-23.491386,-47.470606,N
6013,18061,sorocaba,SP,-23.495455,-47.484914,N
6014,18065,sorocaba,SP,-23.48549,-47.479504,N
6015,18066,sorocaba,SP,-23.481172,-47.495476,N
6016,18070,sorocaba,SP,-23.473531,-47.48347,N
6017,18071,sorocaba,SP,-23.463005,-47.502617,N
6018,18072,sorocaba,SP,-23.433548,-47.509179,N
6019,18073,sorocaba,SP,-23.392829,-47.519102,N
6020,18074,sorocaba,SP,-23.453585,-47.488513,N
6021,18075,sorocaba,SP,-23.47403,-47.467397,N
6022,18076,sorocaba,SP,-23.464205,-47.471457,N
6023,18077,sorocaba,SP,-23.453976,-47.473709,N
6024,18078,sorocaba,SP,-23.438079,-47.467741,N
6025,18079,sorocaba,SP,-23.436315,-47.471376,N
6026,18080,sorocaba,SP,-23.485223,-47.45987,N
6027,18081,sorocaba,SP,-23.477245,-47.45071,N
6028,18084,sorocaba,SP,-23.475912,-47.417097,N
6029,18085,sorocaba,SP,-23.472415,-47.433669,N
6030,18086,sorocaba,SP,-23.447609,-47.447136,N
6031,18087,sorocaba,SP,-23.459173,-47.404546,N
6032,18090,sorocaba,SP,-23.4816,-47.448215,N
6033,18095,sorocaba,SP,-23.489049,-47.448846,N
6034,18103,sorocaba,SP,-23.419168,-47.416721,N
6035,18104,sorocaba,SP,-23.411688,-47.389574,N
6036,18105,sorocaba,SP,-23.401587,-47.379336,N
6037,18108,sorocaba,SP,-23.499859,-47.374698,N
6038,18110,votorantim,SP,-23.54332,-47.45738,N
6039,18111,votorantim,SP,-23.534966,-47.440266,N
6040,18112,votorantim,SP,-23.529854,-47.433721,N
6041,18113,votorantim,SP,-23.538115,-47.41478,N
6042,18114,votorantim,SP,-23.543696,-47.436262,N
6043,18115,votorantim,SP,-23.561481,-47.450592,N
6044,18116,votorantim,SP,-23.551057,-47.462535,N
6045,18117,votorantim,SP,-23.569272,-47.460155,N
6046,18118,votorantim,SP,-23.475462,-46.853065,N
6047,18119,votorantim,SP,-23.546531,-47.492201,N
6048,18120,mairinque,SP,-23.536503,-47.18889,N
6049,18125,aluminio,SP,-23.523866,-47.256613,N
6050,18130,sao roque,SP,-23.531424,-47.134428,N
6051,18131,sao roque,SP,-23.531716,-47.148671,N
6052,18132,são roque,SP,-23.517857,-47.140001,N
6053,18133,sao roque,SP,-23.518544,-47.128609,N
6054,18134,sao roque,SP,-23.52397,-47.130875,N
6055,18135,sao roque,SP,-23.547386,-47.121992,N
6056,18136,sao roque,SP,-23.548583,-47.137245,N
6057,18140,sao roque,SP,-23.539608,-47.053746,N
6058,18143,sao roque,SP,-23.560207,-47.087742,N
6059,18145,sao roque,SP,-23.586618,-47.135299,N
6060,18147,aracariguama,SP,-23.434371,-47.067362,N
6061,18150,ibiuna,SP,-23.660297,-47.216804,N
6062,18155,paruru,SP,-23.664277,-47.272414,N
6063,18160,salto de pirapora,SP,-23.650085,-47.57774,N
6064,18170,piedade,SP,-23.715945,-47.414232,N
6065,18180,tapirai,SP,-23.96391,-47.505445,N
6066,18185,pilar do sul,SP,-23.811975,-47.722908,N
6067,18190,araçoiaba da serra,SP,-23.515284,-47.610184,N
6068,18195,capela do alto,SP,-23.477943,-47.739257,N
6069,18200,itapetininga,SP,-23.587566,-48.044869,N
6070,18201,itapetininga,SP,-23.584323,-48.035746,N
6071,18202,itapetininga,SP,-23.587188,-48.019602,N
6072,18203,itapetininga,SP,-23.596575,-48.034186,N
6073,18204,itapetininga,SP,-23.607761,-48.013828,N
6074,18205,itapetininga,SP,-23.600899,-48.051084,N
6075,18206,itapetininga,SP,-23.617241,-48.058288,N
6076,18207,itapetininga,SP,-23.601256,-48.070289,N
6077,18208,itapetininga,SP,-23.591793,-48.068845,N
6078,18209,itapetininga,SP,-23.584758,-48.070515,N
6079,18210,itapetininga,SP,-23.580989,-48.053856,N
6080,18211,itapetininga,SP,-23.562258,-48.041533,N
6081,18212,itapetininga,SP,-23.571818,-48.036049,N
6082,18213,itapetininga,SP,-23.572677,-48.023717,N
6083,18214,itapetininga,SP,-23.578204,-48.011988,N
6084,18215,itapetininga,SP,-23.589454,-47.98882,N
6085,18216,conceição,SP,-22.042863,-47.892933,N
6086,18217,rechan,SP,-23.599154,-48.317472,N
6087,18218,gramadinho,SP,-23.770692,-48.129649,N
6088,18220,alambari,SP,-23.561571,-47.885101,N
6089,18225,sarapuí,SP,-23.63779,-47.82643,N
6090,18230,são miguel arcanjo,SP,-23.878443,-47.995279,N
6091,18240,angatuba,SP,-23.495631,-48.407203,N
6092,18243,bom retiro da esperanca,SP,28.008978,-15.536867,N
6093,18245,campina do monte alegre,SP,-23.576779,-48.446211,N
6094,18250,guarei,SP,-23.370433,-48.182872,N
6095,18255,quadra,SP,-23.293915,-48.057538,N
6096,18260,porangaba,SP,-23.180441,-48.124775,N
6097,18265,torre de pedra,SP,-23.245735,-48.19609,N
6098,18270,tatui,SP,-23.349777,-47.847378,N
6099,18271,tatui,SP,-23.343338,-47.83969,N
6100,18272,tatuí,SP,-23.346034,-47.825174,N
6101,18273,tatui,SP,-23.360666,-47.81459,N
6102,18274,tatui,SP,-23.373382,-47.846997,N
6103,18275,tatui,SP,-23.357148,-47.854661,N
6104,18276,tatui,SP,-23.360334,-47.867468,N
6105,18277,tatui,SP,-23.352795,-47.872138,N
6106,18278,tatui,SP,-23.344001,-47.861525,N
6107,18279,tatui,SP,-23.333791,-47.84746,N
6108,18280,tatui,SP,-23.323546,-47.859313,N
6109,18285,cesario lange,SP,-23.226157,-47.95508,N
6110,18290,buri,SP,-23.799253,-48.600018,N
6111,18300,capao bonito,SP,-24.004658,-48.350226,N
6112,18301,capao bonito,SP,-23.991615,-48.34861,N
6113,18302,capao bonito,SP,-23.986101,-48.35283,N
6114,18303,capão bonito,SP,-23.98076,-48.345031,N
6115,18304,capao bonito,SP,-24.006583,-48.337665,N
6116,18305,capao bonito,SP,-24.013847,-48.340816,N
6117,18306,capao bonito,SP,-24.015693,-48.348814,N
6118,18307,capao bonito,SP,-24.011748,-48.350481,N
6119,18310,guapiara,SP,-24.187719,-48.531431,N
6120,18315,ribeirao grande,SP,-24.103861,-48.366995,N
6121,18320,apiai,SP,-24.51039,-48.844058,N
6122,18325,barra do chapéu,SP,-24.472748,-49.025126,N
6123,18330,iporanga,SP,-24.580012,-48.605291,N
6124,18360,itaóca,SP,-24.640101,-48.838875,N
6125,18380,ribeira,SP,-24.65773,-49.007751,N
6126,18385,itapirapua paulista,SP,-24.566684,-49.179942,N
6127,18400,itapeva,SP,-23.983249,-48.876525,N
6128,18401,itapeva,SP,-23.974148,-48.871047,N
6129,18402,itapeva,SP,-23.955656,-48.84241,N
6130,18403,itapeva,SP,-23.982221,-48.868095,N
6131,18404,itapeva,SP,-23.991276,-48.868313,N
6132,18405,itapeva,SP,-23.994334,-48.87739,N
6133,18406,itapeva,SP,-23.995593,-48.885137,N
6134,18407,itapeva,SP,-23.990011,-48.891057,N
6135,18408,itapeva,SP,-23.995618,-48.903196,N
6136,18409,itapeva,SP,-23.983122,-48.888941,N
6137,18410,itapeva,SP,-23.977703,-48.887075,N
6138,18411,itapeva,SP,-23.971421,-48.883642,N
6139,18412,itapeva,SP,-23.969101,-48.908323,N
6140,18420,guarizinho,SP,-23.713555,-48.852459,N
6141,18425,taquarivai,SP,-23.925761,-48.697996,N
6142,18430,ribeirao branco,SP,-24.190933,-48.811376,N
6143,18435,nova campina,SP,-24.12179,-48.904885,N
6144,18440,itaberá,SP,-23.865231,-49.140922,N
6145,18460,itarare,SP,-24.111503,-49.331433,N
6146,18470,riversul,SP,-23.829015,-49.434377,N
6147,18475,bom sucesso de itarare,SP,-24.319269,-49.140227,N
6148,18480,itaporanga,SP,-23.705465,-49.486363,N
6149,18490,barao de antonina,SP,-23.629891,-49.562238,N
6150,18500,laranjal paulista,SP,-23.049552,-47.837621,N
6151,18510,maristela,SP,-23.038767,-47.893876,N
6152,18520,cerquilho,SP,-23.166262,-47.746689,N
6153,18530,tiete,SP,-23.101621,-47.711819,N
6154,18535,jumirim,SP,-23.081895,-47.794288,N
6155,18540,porto feliz,SP,-23.21199,-47.522098,N
6156,18550,boituva,SP,-23.287427,-47.670586,N
6157,18560,ipero,SP,-23.366017,-47.675628,N
6158,18570,conchas,SP,-23.019107,-48.010925,N
6159,18580,pereiras,SP,-23.07452,-47.975359,N
6160,18590,bofete,SP,-23.110602,-48.26247,N
6161,18600,botucatu,SP,-22.887538,-48.441087,N
6162,18601,botucatu,SP,-22.892593,-48.432808,N
6163,18602,botucatu,SP,-22.893964,-48.444365,N
6164,18603,botucatu,SP,-22.882459,-48.451171,N
6165,18604,botucatu,SP,-22.875815,-48.427601,N
6166,18605,botucatu,SP,-22.916957,-48.441709,N
6167,18606,botucatu,SP,-22.90166,-48.451874,N
6168,18607,botucatu,SP,-22.890385,-48.46313,N
6169,18608,botucatu,SP,-22.866053,-48.460692,N
6170,18609,botucatu,SP,-22.8649,-48.448816,N
6171,18610,botucatu,SP,-22.859934,-48.442125,N
6172,18611,botucatu,SP,-22.874882,-48.435753,N
6173,18615,botucatu,SP,-22.896003,-48.44075,N
6174,18618,botucatu,SP,-22.898778,-48.494895,N
6175,18619,botucatu,SP,-22.7811,-48.399978,N
6176,18620,anhembi,SP,-22.790553,-48.129228,N
6177,18630,piramboia,SP,-22.936272,-48.1622,N
6178,18640,pardinho,SP,-23.089983,-48.384063,N
6179,18650,sao manuel,SP,-22.740265,-48.571813,N
6180,18655,aparecida de são manuel,SP,-22.731144,-48.610689,N
6181,18660,pratania,SP,-22.811869,-48.667481,N
6182,18670,areiopolis,SP,-22.673653,-48.665883,N
6183,18675,borebi,SP,-22.571543,-48.971745,N
6184,18680,lencois paulista,SP,-22.593651,-48.799662,N
6185,18681,lençóis paulista,SP,-22.599122,-48.78751,N
6186,18682,lencois paulista,SP,-22.609898,-48.796237,N
6187,18683,lencois paulista,SP,-22.601443,-48.807104,N
6188,18684,lencois paulista,SP,-22.585227,-48.814597,N
6189,18685,lencois paulista,SP,-22.581302,-48.810334,N
6190,18686,lençóis paulista,SP,-22.596422,-48.785435,N
6191,18688,alfredo guedes,SP,-22.593262,-48.793596,N
6192,18690,itatinga,SP,-23.103265,-48.614113,N
6193,18700,avare,SP,-23.104585,-48.924515,N
6194,18701,avare,SP,-23.103845,-48.914191,N
6195,18702,avare,SP,-23.112031,-48.905886,N
6196,18703,avare,SP,-23.123107,-48.931436,N
6197,18704,avaré,SP,-23.1152,-48.935965,N
6198,18705,avare,SP,-23.100361,-48.934591,N
6199,18706,avare,SP,-23.086381,-48.931018,N
6200,18707,avare,SP,-23.084797,-48.924326,N
6201,18708,avare,SP,-23.084538,-48.914839,N
6202,18710,arandu,SP,-23.136565,-49.05444,N
6203,18720,paranapanema,SP,-23.388778,-48.734366,N
6204,18725,holambra ii,SP,-22.994219,-47.591447,N
6205,18730,itai,SP,-23.418047,-49.091045,N
6206,18740,taquarituba,SP,-23.532344,-49.246322,N
6207,18745,coronel macedo,SP,-23.630611,-49.313189,N
6208,18760,cerqueira cesar,SP,-23.0341,-49.162345,N
6209,18770,aguas de santa barbara,SP,-22.877412,-49.240139,N
6210,18775,iaras,SP,-22.871975,-49.156365,N
6211,18780,manduri,SP,-23.006345,-49.318415,N
6212,18790,oleo,SP,-22.940462,-49.340449,N
6213,18800,piraju,SP,-23.198203,-49.38278,N
6214,18830,tejupa,SP,-23.375437,-49.328391,N
6215,18840,sarutaia,SP,-23.274628,-49.477032,N
6216,18860,timburi,SP,-23.206489,-49.603075,N
6217,18870,fartura,SP,-23.388651,-49.510651,N
6218,18890,taguai,SP,-23.453535,-49.405492,N
6219,18900,santa cruz do rio pardo,SP,-22.896328,-49.62424,N
6220,18910,sodrelia,SP,-22.955837,-49.538261,N
6221,18915,caporanga,SP,-22.715829,-49.57166,N
6222,18935,espirito santo do turvo,SP,-22.695112,-49.43037,N
6223,18940,sao pedro do turvo,SP,-22.735078,-49.642747,N
6224,18950,ipaussu,SP,-23.055152,-49.627191,N
6225,18960,bernardino de campos,SP,-23.015535,-49.477434,N
6226,18970,chavantes,SP,-23.039438,-49.70814,N
6227,18980,irape,SP,-23.057803,-49.732395,N
6228,18990,canitar,SP,-23.005341,-49.783392,N
6229,19010,presidente prudente,SP,-22.122735,-51.386369,N
6230,19013,presidente prudente,SP,-22.135728,-51.392004,N
6231,19014,presidente prudente,SP,-22.12942,-51.396869,N
6232,19015,presidente prudente,SP,-22.121296,-51.394922,N
6233,19020,presidente prudente,SP,-22.113507,-51.386455,N
6234,19023,presidente prudente,SP,-22.110681,-51.399092,N
6235,19024,presidente prudente,SP,-22.10073,-51.394543,N
6236,19025,presidente prudente,SP,-22.100315,-51.407356,N
6237,19026,presidente prudente,SP,-22.098988,-51.416461,N
6238,19027,presidente prudente,SP,-22.112262,-51.42118,N
6239,19028,presidente prudente,SP,-22.084716,-51.432722,N
6240,19029,presidente prudente,SP,-22.07709,-51.415486,N
6241,19030,presidente prudente,SP,-22.117354,-51.377675,N
6242,19031,presidente prudente,SP,-22.128695,-51.378996,N
6243,19033,presidente prudente,SP,-22.096598,-51.388786,N
6244,19034,presidente prudente,SP,-22.088058,-51.382973,N
6245,19035,presidente prudente,SP,-22.125364,-51.372923,N
6246,19036,presidente prudente,SP,-22.112975,-51.393885,N
6247,19040,presidente prudente,SP,-22.132667,-51.384172,N
6248,19041,presidente prudente,SP,-22.137694,-51.379204,N
6249,19042,presidente prudente,SP,-22.136229,-51.37245,N
6250,19043,presidente prudente,SP,-22.1555,-51.385232,N
6251,19045,presidente prudente,SP,-22.144835,-51.380989,N
6252,19046,presidente prudente,SP,-22.142922,-51.385336,N
6253,19050,presidente prudente,SP,-22.136598,-51.400767,N
6254,19051,presidente prudente,SP,-22.143068,-51.458799,N
6255,19053,presidente prudente,SP,-22.14684,-51.413611,N
6256,19057,presidente prudente,SP,-22.116759,-51.440296,N
6257,19060,presidente prudente,SP,-22.121937,-51.413796,N
6258,19061,presidente prudente,SP,-22.1279,-51.410248,N
6259,19062,presidente prudente,SP,-22.132961,-51.426132,N
6260,19063,presidente prudente,SP,-22.12814,-51.441436,N
6261,19064,presidente prudente,SP,-22.153451,-51.453195,N
6262,19065,presidente prudente,SP,-22.108183,-51.431928,N
6263,19066,presidente prudente,SP,-22.109174,-51.429066,N
6264,19067,presidente prudente,SP,-22.12222,-51.427575,N
6265,19068,presidente prudente,SP,-22.102421,-51.426348,N
6266,19070,presidente prudente,SP,-22.139491,-51.420676,N
6267,19085,presidente prudente,SP,-22.110786,-51.439581,N
6268,19097,presidente prudente,SP,-22.074313,-51.359381,N
6269,19100,presidente prudente,SP,-22.088248,-51.400648,N
6270,19110,presidente prudente,SP,-22.088712,-51.367591,N
6271,19120,floresta do sul,SP,-22.387846,-50.134767,N
6272,19130,eneida,SP,-21.914954,-51.301012,N
6273,19140,presidente prudente,SP,-21.803104,-51.300435,N
6274,19160,álvares machado,SP,-22.076994,-51.467563,N
6275,19180,alfredo marcondes,SP,-21.954289,-51.416154,N
6276,19190,santo expedito,SP,-21.851864,-51.394559,N
6277,19200,pirapozinho,SP,-22.275856,-51.498499,N
6278,19210,tarabai,SP,-22.30449,-51.558278,N
6279,19220,narandiba,SP,-22.406475,-51.52387,N
6280,19230,estrela do norte,SP,-22.489147,-51.661524,N
6281,19250,sandovalina,SP,-22.456218,-51.763362,N
6282,19260,mirante do paranapanema,SP,-22.295152,-51.911552,N
6283,19265,costa machado,SP,-22.216279,-51.834407,N
6284,19270,cuiaba paulista,SP,-22.285448,-52.102869,N
6285,19273,rosana,SP,-22.573882,-53.04463,N
6286,19274,primavera,SP,-21.646334,-49.382663,N
6287,19275,euclides da cunha paulista,SP,-22.570622,-52.390822,N
6288,19280,teodoro sampaio,SP,-22.529661,-52.17237,N
6289,19295,teodoro sampaio,SP,-22.540657,-52.180661,N
6290,19300,presidente bernardes,SP,-22.008508,-51.556344,N
6291,19330,nova patria,SP,-22.220004,-51.641516,N
6292,19350,emilianopolis,SP,-21.830441,-51.48314,N
6293,19360,santo anastacio,SP,-21.97692,-51.652542,N
6294,19380,ribeirão dos índios,SP,-21.831849,-51.601681,N
6295,19400,presidente venceslau,SP,-21.874288,-51.84497,N
6296,19410,piquerobi,SP,-21.87643,-51.724397,N
6297,19430,maraba paulista,SP,-22.110006,-51.972543,N
6298,19450,caiua,SP,-21.831718,-51.990096,N
6299,19470,presidente epitacio,SP,-21.773563,-52.11571,N
6300,19490,campinal,SP,-22.86336,-47.055421,N
6301,19500,martinopolis,SP,-22.148085,-51.169549,N
6302,19505,tecainda,SP,-22.002038,-51.135861,N
6303,19530,caiabu,SP,-22.016089,-51.235957,N
6304,19540,iubatinga,SP,-21.775634,-48.81837,N
6305,19560,indiana,SP,-22.174901,-51.255537,N
6306,19570,regente feijo,SP,-22.221946,-51.303439,N
6307,19575,espigao,SP,-22.195522,-51.356741,N
6308,19580,anhumas,SP,-22.296126,-51.387005,N
6309,19590,taciba,SP,-22.389796,-51.289578,N
6310,19600,rancharia,SP,-22.229311,-50.894681,N
6311,19610,agisse,SP,-23.537329,-48.544934,N
6312,19620,gardenia,SP,-22.222031,-50.89552,N
6313,19640,iepê,SP,-22.660352,-51.075323,N
6314,19645,nantes,SP,-22.61961,-51.238056,N
6315,19680,joao ramalho,SP,-22.249436,-50.768271,N
6316,19700,paraguacu paulista,SP,-22.421255,-50.580731,N
6317,19740,bora,SP,,,N
6318,19750,lutecia,SP,-22.339452,-50.392418,N
6319,19770,oscar bressane,SP,-22.314424,-50.277118,N
6320,19780,quata,SP,-22.247297,-50.700629,N
6321,19800,assis,SP,-22.665586,-50.415247,N
6322,19801,assis,SP,-22.670165,-50.411349,N
6323,19802,assis,SP,-22.669354,-50.426931,N
6324,19803,assis,SP,-22.67568,-50.437556,N
6325,19804,assis,SP,-22.663902,-50.435818,N
6326,19806,assis,SP,-22.655502,-50.42571,N
6327,19807,assis,SP,-22.645362,-50.423905,N
6328,19810,assis,SP,-22.633555,-50.421094,N
6329,19812,assis,SP,-22.639499,-50.396471,N
6330,19813,assis,SP,-22.64496,-50.402567,N
6331,19814,assis,SP,-22.657399,-50.409676,N
6332,19815,assis,SP,-22.655662,-50.395429,N
6333,19816,assis,SP,-22.663862,-50.399777,N
6334,19820,taruma,SP,-22.748947,-50.578952,N
6335,19830,echaporã,SP,-22.429951,-50.205434,N
6336,19840,maracai,SP,-22.615059,-50.668082,N
6337,19845,são josé das laranjeiras,SP,-24.007627,-50.477272,N
6338,19860,cruzalia,SP,-22.743476,-50.787861,N
6339,19865,pedrinhas paulista,SP,-22.815273,-50.791272,N
6340,19870,florinia,SP,-22.902107,-50.727042,N
6341,19880,candido mota,SP,-22.751129,-50.386729,N
6342,19882,candido mota,SP,-22.697307,-50.291705,N
6343,19885,frutal do campo,SP,-22.841945,-50.517266,N
6344,19900,ourinhos,SP,-22.981063,-49.867041,N
6345,19901,ourinhos,SP,-22.991133,-49.869194,N
6346,19902,ourinhos,SP,-22.993799,-49.860821,N
6347,19904,ourinhos,SP,-23.013242,-49.884883,N
6348,19905,ourinhos,SP,-22.996628,-49.883395,N
6349,19906,ourinhos,SP,-22.984706,-49.881835,N
6350,19907,ourinhos,SP,-22.974466,-49.881383,N
6351,19908,ourinhos,SP,-22.974237,-49.908411,N
6352,19909,ourinhos,SP,-22.9695,-49.903697,N
6353,19910,ourinhos,SP,-22.965205,-49.892594,N
6354,19911,ourinhos,SP,-22.96751,-49.871393,N
6355,19912,ourinhos,SP,-22.980271,-49.860418,N
6356,19913,ourinhos,SP,-22.981358,-49.853566,N
6357,19914,ourinhos,SP,-22.969157,-49.856793,N
6358,19915,ourinhos,SP,-22.958538,-49.863638,N
6359,19920,salto grande,SP,-22.886814,-49.982192,N
6360,19930,ribeirao do sul,SP,-22.78187,-49.799971,N
6361,19940,ibirarema,SP,-22.813667,-50.072788,N
6362,19960,campos novos paulista,SP,-22.605269,-49.999641,N
6363,19970,palmital,SP,-22.786533,-50.21832,N
6364,19990,platina,SP,-22.634026,-50.203342,N
6365,20010,rio de janeiro,RJ,-22.902566,-43.178599,N
6366,20011,rio de janeiro,RJ,-22.904993,-43.176078,N
6367,20020,rio de janeiro,RJ,-22.907495,-43.173169,N
6368,20021,rio de janeiro,RJ,-22.91237,-43.173501,N
6369,20030,rio de janeiro,RJ,-22.909874,-43.17365,N
6370,20031,rio de janeiro,RJ,-22.909572,-43.177703,N
6371,20040,rio de janeiro,RJ,-22.905686,-43.177156,N
6372,20041,rio de janeiro,RJ,-22.903201,-43.178646,N
6373,20050,rio de janeiro,RJ,-22.905696,-43.179258,N
6374,20051,rio de janeiro,RJ,-22.903063,-43.182989,N
6375,20056,rio de janeiro,RJ,-22.91378,-43.250752,N
6376,20060,rio de janeiro,RJ,-22.907426,-43.221113,N
6377,20061,rio de janeiro,RJ,-22.905812,-43.185629,N
6378,20070,rio de janeiro,RJ,-22.902332,-43.179279,N
6379,20071,rio de janeiro,RJ,-22.902077,-43.181498,N
6380,20080,rio de janeiro,RJ,-22.901209,-43.184957,N
6381,20081,rio de janeiro,RJ,-22.897715,-43.18333,N
6382,20090,rio de janeiro,RJ,-22.899054,-43.179421,N
6383,20091,rio de janeiro,RJ,-22.900151,-43.178276,N
6384,20203,rio de janeiro,RJ,-22.795289,-43.340611,N
6385,20210,rio de janeiro,RJ,-22.908697,-43.201016,N
6386,20211,rio de janeiro,RJ,-22.911485,-43.198442,N
6387,20220,rio de janeiro,RJ,-22.89983,-43.200804,N
6388,20221,rio de janeiro,RJ,-22.899458,-43.197085,N
6389,20230,rio de janeiro,RJ,-22.912857,-43.188349,N
6390,20231,rio de janeiro,RJ,-22.912592,-43.186293,N
6391,20240,rio de janeiro,RJ,-22.91777,-43.189058,N
6392,20241,rio de janeiro,RJ,-22.922006,-43.185657,N
6393,20250,rio de janeiro,RJ,-22.919338,-43.212475,N
6394,20251,rio de janeiro,RJ,-22.922201,-43.200156,N
6395,20260,rio de janeiro,RJ,-22.919343,-43.215423,N
6396,20261,rio de janeiro,RJ,-22.924015,-43.213548,N
6397,20270,rio de janeiro,RJ,-22.916245,-43.21795,N
6398,20271,rio de janeiro,RJ,-22.915669,-43.225213,N
6399,20350,rio de janeiro,RJ,-22.907498,-43.268823,N
6400,20396,rio de janeiro,RJ,-22.76363,-43.1081,N
6401,20397,rio de janeiro,RJ,-22.756675,-43.108265,N
6402,20510,rio de janeiro,RJ,-22.930348,-43.242752,N
6403,20511,rio de janeiro,RJ,-22.928413,-43.240538,N
6404,20520,rio de janeiro,RJ,-22.926259,-43.231846,N
6405,20521,rio de janeiro,RJ,-22.927919,-43.231972,N
6406,20530,rio de janeiro,RJ,-22.937686,-43.248869,N
6407,20531,rio de janeiro,RJ,-22.958247,-43.270333,N
6408,20535,rio de janeiro,RJ,-22.877803,-43.273093,N
6409,20540,rio de janeiro,RJ,-22.922556,-43.243901,N
6410,20541,rio de janeiro,RJ,-22.922759,-43.246104,N
6411,20550,rio de janeiro,RJ,-22.916792,-43.23155,N
6412,20551,rio de janeiro,RJ,-22.914391,-43.245699,N
6413,20560,rio de janeiro,RJ,-22.918636,-43.257245,N
6414,20561,rio de janeiro,RJ,-22.923671,-43.279511,N
6415,20710,rio de janeiro,RJ,-22.908309,-43.276424,N
6416,20715,rio de janeiro,RJ,-22.912242,-43.268727,N
6417,20720,rio de janeiro,RJ,-22.906576,-43.288192,N
6418,20723,rio de janeiro,RJ,-22.908308,-43.288361,N
6419,20725,rio de janeiro,RJ,-22.906412,-43.282495,N
6420,20730,rio de janeiro,RJ,-22.902291,-43.298395,N
6421,20735,rio de janeiro,RJ,-22.900247,-43.28621,N
6422,20740,rio de janeiro,RJ,-22.896203,-43.312661,N
6423,20745,rio de janeiro,RJ,-22.9036,-43.306902,N
6424,20746,rio de janeiro,RJ,-22.898322,-43.305742,N
6425,20750,rio de janeiro,RJ,-22.875181,-43.300828,N
6426,20751,rio de janeiro,RJ,-22.883895,-43.305384,N
6427,20755,rio de janeiro,RJ,-22.888719,-43.297109,N
6428,20756,rio de janeiro,RJ,-22.889303,-43.30454,N
6429,20760,rio de janeiro,RJ,-22.879177,-43.285927,N
6430,20761,rio de janeiro,RJ,-22.870098,-43.297218,N
6431,20765,rio de janeiro,RJ,-22.870675,-43.286125,N
6432,20766,rio de janeiro,RJ,-22.865673,-43.289318,N
6433,20770,rio de janeiro,RJ,-22.892631,-43.286014,N
6434,20771,rio de janeiro,RJ,-22.886545,-43.281579,N
6435,20775,rio de janeiro,RJ,-22.894788,-43.277546,N
6436,20776,rio de janeiro,RJ,-22.989315,-43.348585,N
6437,20780,rio de janeiro,RJ,-22.896463,-43.272172,N
6438,20785,rio de janeiro,RJ,-22.886593,-43.267834,N
6439,20910,rio de janeiro,RJ,-22.899524,-43.230524,N
6440,20911,rio de janeiro,RJ,-22.893149,-43.242201,N
6441,20920,rio de janeiro,RJ,-22.895245,-43.231903,N
6442,20921,rio de janeiro,RJ,-22.893703,-43.231518,N
6443,20930,rio de janeiro,RJ,-22.88998,-43.228833,N
6444,20931,rio de janeiro,RJ,-22.880477,-43.217723,N
6445,20932,rio de janeiro,RJ,-22.853322,-43.39736,N
6446,20940,rio de janeiro,RJ,-22.901781,-43.2192,N
6447,20941,rio de janeiro,RJ,-22.905039,-43.21829,N
6448,20943,rio de janeiro,RJ,-22.90762,-43.235904,N
6449,20950,rio de janeiro,RJ,-22.903996,-43.255586,N
6450,20960,rio de janeiro,RJ,-22.899106,-43.249322,N
6451,20961,rio de janeiro,RJ,-22.898921,-43.260488,N
6452,20970,rio de janeiro,RJ,-22.89491,-43.298955,N
6453,20972,rio de janeiro,RJ,-22.90815,-43.260206,N
6454,20973,rio de janeiro,RJ,-22.894803,-43.304607,N
6455,20975,rio de janeiro,RJ,-22.894424,-43.251623,N
6456,21010,rio de janeiro,RJ,-22.823839,-43.306302,N
6457,21011,rio de janeiro,RJ,-22.827728,-43.286422,N
6458,21012,rio de janeiro,RJ,-22.835043,-43.312636,N
6459,21020,rio de janeiro,RJ,-22.835828,-43.276144,N
6460,21021,rio de janeiro,RJ,-22.842073,-43.265065,N
6461,21030,rio de janeiro,RJ,-22.850003,-43.263354,N
6462,21031,rio de janeiro,RJ,-22.848257,-43.256133,N
6463,21032,rio de janeiro,RJ,-22.860377,-43.25567,N
6464,21040,rio de janeiro,RJ,-22.858267,-43.252692,N
6465,21041,rio de janeiro,RJ,-22.871441,-43.258728,N
6466,21042,rio de janeiro,RJ,-22.864865,-43.248701,N
6467,21043,rio de janeiro,RJ,-22.88658,-43.277319,N
6468,21044,rio de janeiro,RJ,-22.857706,-43.267186,N
6469,21046,rio de janeiro,RJ,-22.871785,-43.25004,N
6470,21050,rio de janeiro,RJ,-22.875982,-43.260056,N
6471,21051,rio de janeiro,RJ,-22.874222,-43.267288,N
6472,21060,rio de janeiro,RJ,-22.857332,-43.26364,N
6473,21061,rio de janeiro,RJ,-22.866391,-43.271588,N
6474,21065,rio de janeiro,RJ,-22.87514,-43.413831,N
6475,21070,rio de janeiro,RJ,-22.843914,-43.283779,N
6476,21071,rio de janeiro,RJ,-22.860726,-43.287647,N
6477,21072,rio de janeiro,RJ,-22.859107,-43.336692,N
6478,21073,rio de janeiro,RJ,-22.850771,-43.270522,N
6479,21200,rio de janeiro,RJ,-22.853477,-43.303938,N
6480,21210,rio de janeiro,RJ,-22.843731,-43.302427,N
6481,21211,rio de janeiro,RJ,-22.836828,-43.308045,N
6482,21215,rio de janeiro,RJ,-22.833789,-43.296044,N
6483,21220,rio de janeiro,RJ,-22.849423,-43.313509,N
6484,21221,rio de janeiro,RJ,-22.846065,-43.310535,N
6485,21230,rio de janeiro,RJ,-22.826663,-43.322531,N
6486,21231,rio de janeiro,RJ,-22.831527,-43.322197,N
6487,21235,rio de janeiro,RJ,-22.837912,-43.322271,N
6488,21236,rio de janeiro,RJ,-22.839685,-43.337125,N
6489,21240,rio de janeiro,RJ,-22.811121,-43.326213,N
6490,21241,rio de janeiro,RJ,-22.813497,-43.308037,N
6491,21250,rio de janeiro,RJ,-22.824619,-43.306747,N
6492,21310,rio de janeiro,RJ,-22.879083,-43.339356,N
6493,21311,rio de janeiro,RJ,-22.889182,-43.327636,N
6494,21320,rio de janeiro,RJ,-22.892906,-43.347644,N
6495,21321,rio de janeiro,RJ,-22.895126,-43.357502,N
6496,21330,rio de janeiro,RJ,-22.882877,-43.364174,N
6497,21331,rio de janeiro,RJ,-22.873507,-43.365678,N
6498,21340,rio de janeiro,RJ,-22.871018,-43.356845,N
6499,21341,rio de janeiro,RJ,-22.882443,-43.34947,N
6500,21350,rio de janeiro,RJ,-22.877932,-43.330166,N
6501,21351,rio de janeiro,RJ,-22.870448,-43.342965,N
6502,21360,rio de janeiro,RJ,-22.866945,-43.334782,N
6503,21361,rio de janeiro,RJ,-22.853328,-43.328228,N
6504,21370,rio de janeiro,RJ,-22.870006,-43.320045,N
6505,21371,rio de janeiro,RJ,-22.851062,-43.326179,N
6506,21380,rio de janeiro,RJ,-22.883318,-43.319512,N
6507,21381,rio de janeiro,RJ,-22.879075,-43.314672,N
6508,21440,rio de janeiro,RJ,-22.862645,-43.253924,N
6509,21510,rio de janeiro,RJ,-22.84251,-43.353491,N
6510,21511,rio de janeiro,RJ,-22.844103,-43.352193,N
6511,21512,rio de janeiro,RJ,-22.841469,-43.361953,N
6512,21515,rio de janeiro,RJ,-22.839027,-43.355877,N
6513,21520,rio de janeiro,RJ,-22.810998,-43.361877,N
6514,21521,rio de janeiro,RJ,-22.824878,-43.348888,N
6515,21525,rio de janeiro,RJ,-22.822431,-43.355429,N
6516,21530,rio de janeiro,RJ,-22.828812,-43.346308,N
6517,21531,rio de janeiro,RJ,-22.850185,-43.402518,N
6518,21532,rio de janeiro,RJ,-22.813081,-43.360364,N
6519,21535,rio de janeiro,RJ,-22.819448,-43.354085,N
6520,21540,rio de janeiro,RJ,-22.852144,-43.342813,N
6521,21545,rio de janeiro,RJ,-22.843286,-43.343444,N
6522,21550,rio de janeiro,RJ,-22.862071,-43.35623,N
6523,21555,rio de janeiro,RJ,-22.855136,-43.363507,N
6524,21557,rio de janeiro,RJ,-22.856204,-43.374956,N
6525,21610,rio de janeiro,RJ,-22.867011,-43.371883,N
6526,21615,rio de janeiro,RJ,-22.862091,-43.391369,N
6527,21616,rio de janeiro,RJ,-22.85388,-43.396809,N
6528,21620,rio de janeiro,RJ,-22.839351,-43.404861,N
6529,21625,rio de janeiro,RJ,-22.832605,-43.402809,N
6530,21630,rio de janeiro,RJ,-22.825649,-43.41165,N
6531,21635,rio de janeiro,RJ,-22.832903,-43.412303,N
6532,21640,rio de janeiro,RJ,-22.834633,-43.392756,N
6533,21645,rio de janeiro,RJ,-22.821386,-43.397603,N
6534,21650,rio de janeiro,RJ,-22.816851,-43.374315,N
6535,21655,rio de janeiro,RJ,-22.818616,-43.382599,N
6536,21660,rio de janeiro,RJ,-22.839961,-43.377039,N
6537,21665,rio de janeiro,RJ,-22.834272,-43.377979,N
6538,21670,rio de janeiro,RJ,-22.849844,-43.38087,N
6539,21675,rio de janeiro,RJ,-22.849035,-43.374424,N
6540,21710,rio de janeiro,RJ,-22.87698,-43.425279,N
6541,21715,rio de janeiro,RJ,-22.879477,-43.440264,N
6542,21720,rio de janeiro,RJ,-22.865121,-43.447034,N
6543,21721,rio de janeiro,RJ,-22.875356,-43.280636,N
6544,21725,rio de janeiro,RJ,-22.859183,-43.456666,N
6545,21730,rio de janeiro,RJ,-22.864355,-43.434757,N
6546,21735,rio de janeiro,RJ,-22.871538,-43.429727,N
6547,21740,rio de janeiro,RJ,-22.884333,-43.387505,N
6548,21741,rio de janeiro,RJ,-22.889628,-43.395124,N
6549,21745,rio de janeiro,RJ,-22.879549,-43.410119,N
6550,21746,rio de janeiro,RJ,-22.885776,-43.411026,N
6551,21750,rio de janeiro,RJ,-22.878735,-43.415788,N
6552,21755,rio de janeiro,RJ,-22.883853,-43.419136,N
6553,21760,rio de janeiro,RJ,-22.890448,-43.420584,N
6554,21765,rio de janeiro,RJ,-22.890938,-43.430685,N
6555,21770,rio de janeiro,RJ,-22.892258,-43.442087,N
6556,21775,rio de janeiro,RJ,-22.886953,-43.446644,N
6557,21785,rio de janeiro,RJ,-22.872105,-43.455214,N
6558,21810,rio de janeiro,RJ,-22.879221,-43.45931,N
6559,21815,rio de janeiro,RJ,-22.885484,-43.457693,N
6560,21820,rio de janeiro,RJ,-22.881888,-43.468998,N
6561,21825,rio de janeiro,RJ,-22.892248,-43.470866,N
6562,21830,rio de janeiro,RJ,-22.880119,-43.483605,N
6563,21831,rio de janeiro,RJ,-22.889763,-43.483908,N
6564,21832,rio de janeiro,RJ,-22.894999,-43.490837,N
6565,21833,rio de janeiro,RJ,-22.881482,-43.494483,N
6566,21840,rio de janeiro,RJ,-22.868364,-43.469232,N
6567,21842,rio de janeiro,RJ,-22.868421,-43.479856,N
6568,21843,rio de janeiro,RJ,-22.870893,-43.483302,N
6569,21845,rio de janeiro,RJ,-22.874489,-43.452684,N
6570,21850,rio de janeiro,RJ,-22.859425,-43.486817,N
6571,21852,rio de janeiro,RJ,-22.863056,-43.469637,N
6572,21853,rio de janeiro,RJ,-22.857083,-43.486439,N
6573,21854,rio de janeiro,RJ,-22.845557,-43.495016,N
6574,21860,rio de janeiro,RJ,-22.862369,-43.467286,N
6575,21862,rio de janeiro,RJ,-22.864699,-43.46636,N
6576,21863,rio de janeiro,RJ,-22.850952,-43.466935,N
6577,21864,rio de janeiro,RJ,-22.853846,-43.461036,N
6578,21865,rio de janeiro,RJ,-22.853042,-43.470425,N
6579,21866,rio de janeiro,RJ,-22.85913,-43.478806,N
6580,21870,rio de janeiro,RJ,-22.871019,-43.458514,N
6581,21875,rio de janeiro,RJ,-22.873409,-43.453741,N
6582,21910,rio de janeiro,RJ,-22.797778,-43.181361,N
6583,21911,rio de janeiro,RJ,-22.790082,-43.172573,N
6584,21920,rio de janeiro,RJ,-22.798116,-43.195698,N
6585,21921,rio de janeiro,RJ,-22.808304,-43.185649,N
6586,21922,rio de janeiro,RJ,-22.84571,-43.338995,N
6587,21930,rio de janeiro,RJ,-22.819481,-43.178359,N
6588,21931,rio de janeiro,RJ,-22.809518,-43.200203,N
6589,21932,rio de janeiro,RJ,-22.804863,-43.225728,N
6590,21940,rio de janeiro,RJ,-22.813889,-43.202477,N
6591,21941,rio de janeiro,RJ,-22.833834,-43.248857,N
6592,21950,rio de janeiro,RJ,-22.902834,-43.263613,N
6593,22003,rio de janeiro,RJ,-22.910945,-43.172866,N
6594,22010,rio de janeiro,RJ,-22.962713,-43.170811,N
6595,22011,rio de janeiro,RJ,-22.964006,-43.176584,N
6596,22020,rio de janeiro,RJ,-22.965454,-43.178476,N
6597,22021,rio de janeiro,RJ,-22.965716,-43.178906,N
6598,22030,rio de janeiro,RJ,-22.965586,-43.184053,N
6599,22031,rio de janeiro,RJ,-22.966934,-43.187922,N
6600,22040,rio de janeiro,RJ,-22.968389,-43.184994,N
6601,22041,rio de janeiro,RJ,-22.967674,-43.190028,N
6602,22050,rio de janeiro,RJ,-22.972596,-43.187719,N
6603,22051,rio de janeiro,RJ,-22.972874,-43.190521,N
6604,22060,rio de janeiro,RJ,-22.977029,-43.190341,N
6605,22061,rio de janeiro,RJ,-22.975419,-43.192634,N
6606,22070,rio de janeiro,RJ,-22.980688,-43.189559,N
6607,22071,rio de janeiro,RJ,-22.980185,-43.194591,N
6608,22080,rio de janeiro,RJ,-22.984664,-43.192528,N
6609,22081,rio de janeiro,RJ,-22.984441,-43.193416,N
6610,22210,rio de janeiro,RJ,-22.931071,-43.176116,N
6611,22211,rio de janeiro,RJ,-22.923384,-43.17953,N
6612,22220,rio de janeiro,RJ,-22.929564,-43.176846,N
6613,22221,rio de janeiro,RJ,-22.928999,-43.18145,N
6614,22230,rio de janeiro,RJ,-22.937298,-43.17689,N
6615,22231,rio de janeiro,RJ,-22.936154,-43.181832,N
6616,22240,rio de janeiro,RJ,-22.935263,-43.187264,N
6617,22241,rio de janeiro,RJ,-22.938458,-43.196368,N
6618,22245,rio de janeiro,RJ,-22.941061,-43.191231,N
6619,22250,rio de janeiro,RJ,-22.942212,-43.177587,N
6620,22251,rio de janeiro,RJ,-22.945344,-43.185011,N
6621,22252,rio de janeiro,RJ,-22.943801,-43.184246,N
6622,22260,rio de janeiro,RJ,-22.949216,-43.190214,N
6623,22261,rio de janeiro,RJ,-22.957218,-43.200261,N
6624,22270,rio de janeiro,RJ,-22.953082,-43.189245,N
6625,22271,rio de janeiro,RJ,-22.956104,-43.193951,N
6626,22280,rio de janeiro,RJ,-22.954409,-43.18565,N
6627,22281,rio de janeiro,RJ,-22.956852,-43.193646,N
6628,22283,rio de janeiro,RJ,-22.956151,-43.192122,N
6629,22290,rio de janeiro,RJ,-22.954428,-43.177074,N
6630,22291,rio de janeiro,RJ,-22.942312,-43.166781,N
6631,22410,rio de janeiro,RJ,-22.983923,-43.207101,N
6632,22411,rio de janeiro,RJ,-22.981945,-43.202413,N
6633,22420,rio de janeiro,RJ,-22.985312,-43.204143,N
6634,22421,rio de janeiro,RJ,-22.98214,-43.206875,N
6635,22430,rio de janeiro,RJ,-22.982102,-43.220133,N
6636,22431,rio de janeiro,RJ,-22.982844,-43.22474,N
6637,22440,rio de janeiro,RJ,-22.984439,-43.221513,N
6638,22441,rio de janeiro,RJ,-22.98416,-43.224955,N
6639,22450,rio de janeiro,RJ,-22.986494,-43.233068,N
6640,22451,rio de janeiro,RJ,-22.978415,-43.237729,N
6641,22452,rio de janeiro,RJ,-22.952645,-43.302671,N
6642,22453,rio de janeiro,RJ,-22.978469,-43.233833,N
6643,22460,rio de janeiro,RJ,-22.964835,-43.224902,N
6644,22461,rio de janeiro,RJ,-22.961345,-43.213641,N
6645,22470,rio de janeiro,RJ,-22.965504,-43.215448,N
6646,22471,rio de janeiro,RJ,-22.967626,-43.203213,N
6647,22473,rio de janeiro,RJ,-22.931019,-43.350475,N
6648,22600,rio de janeiro,RJ,-22.987548,-43.253247,N
6649,22610,rio de janeiro,RJ,-22.995998,-43.261664,N
6650,22611,rio de janeiro,RJ,-23.008069,-43.298612,N
6651,22620,rio de janeiro,RJ,-23.009475,-43.33453,N
6652,22621,rio de janeiro,RJ,-23.010803,-43.309887,N
6653,22630,rio de janeiro,RJ,-23.010131,-43.33868,N
6654,22631,rio de janeiro,RJ,-23.003657,-43.340759,N
6655,22640,rio de janeiro,RJ,-23.001268,-43.335599,N
6656,22641,rio de janeiro,RJ,-22.986105,-43.311521,N
6657,22710,rio de janeiro,RJ,-22.934576,-43.375788,N
6658,22711,rio de janeiro,RJ,-22.913731,-43.390897,N
6659,22713,rio de janeiro,RJ,-22.930175,-43.396084,N
6660,22715,rio de janeiro,RJ,-22.923356,-43.383047,N
6661,22720,rio de janeiro,RJ,-22.918167,-43.386516,N
6662,22723,rio de janeiro,RJ,-22.916897,-43.402789,N
6663,22725,rio de janeiro,RJ,-22.911502,-43.376526,N
6664,22730,rio de janeiro,RJ,-22.920003,-43.369575,N
6665,22733,rio de janeiro,RJ,-22.906016,-43.36498,N
6666,22735,rio de janeiro,RJ,-22.920929,-43.358465,N
6667,22740,rio de janeiro,RJ,-22.926257,-43.359758,N
6668,22743,rio de janeiro,RJ,-22.930174,-43.34644,N
6669,22745,rio de janeiro,RJ,-22.935058,-43.333594,N
6670,22750,rio de janeiro,RJ,-22.943385,-43.334379,N
6671,22753,rio de janeiro,RJ,-22.966192,-43.330735,N
6672,22755,rio de janeiro,RJ,-22.947503,-43.338142,N
6673,22760,rio de janeiro,RJ,-22.938857,-43.345834,N
6674,22763,rio de janeiro,RJ,-22.949418,-43.387177,N
6675,22765,rio de janeiro,RJ,-22.954431,-43.355273,N
6676,22770,rio de janeiro,RJ,-22.936911,-43.360973,N
6677,22772,rio de janeiro,RJ,-22.95005,-43.360848,N
6678,22773,rio de janeiro,RJ,-22.948469,-43.36449,N
6679,22775,rio de janeiro,RJ,-22.969148,-43.383065,N
6680,22776,rio de janeiro,RJ,-22.990049,-43.354481,N
6681,22778,rio de janeiro,RJ,-22.939359,-43.371186,N
6682,22780,rio de janeiro,RJ,-22.962844,-43.401166,N
6683,22783,rio de janeiro,RJ,-22.984082,-43.44889,N
6684,22785,rio de janeiro,RJ,-22.9799,-43.491765,N
6685,22790,rio de janeiro,RJ,-23.012987,-43.46552,N
6686,22793,rio de janeiro,RJ,-23.000619,-43.404718,N
6687,22795,rio de janeiro,RJ,-23.020471,-43.462656,N
6688,23010,rio de janeiro,RJ,-22.885872,-43.513729,N
6689,23012,rio de janeiro,RJ,-22.89129,-43.528538,N
6690,23013,rio de janeiro,RJ,-22.901258,-43.541435,N
6691,23015,rio de janeiro,RJ,-22.908174,-43.539678,N
6692,23016,rio de janeiro,RJ,-22.912595,-43.535939,N
6693,23017,rio de janeiro,RJ,-22.919575,-43.528556,N
6694,23020,rio de janeiro,RJ,-23.004991,-43.547845,N
6695,23025,rio de janeiro,RJ,-22.990469,-43.615506,N
6696,23026,rio de janeiro,RJ,-22.990737,-43.630451,N
6697,23027,rio de janeiro,RJ,-23.001237,-43.640095,N
6698,23028,rio de janeiro,RJ,-22.980563,-43.65999,N
6699,23030,rio de janeiro,RJ,-22.9667,-43.601769,N
6700,23031,rio de janeiro,RJ,-22.964379,-43.611867,N
6701,23032,rio de janeiro,RJ,-22.972564,-43.64295,N
6702,23033,rio de janeiro,RJ,-22.955944,-43.606596,N
6703,23035,rio de janeiro,RJ,-22.945894,-43.594457,N
6704,23036,rio de janeiro,RJ,-22.9379,-43.578646,N
6705,23040,rio de janeiro,RJ,-22.933106,-43.554114,N
6706,23042,rio de janeiro,RJ,-22.927779,-43.554503,N
6707,23045,rio de janeiro,RJ,-22.916841,-43.56234,N
6708,23047,rio de janeiro,RJ,-22.925943,-43.561358,N
6709,23050,rio de janeiro,RJ,-22.906374,-43.56641,N
6710,23052,rio de janeiro,RJ,-22.906619,-43.55225,N
6711,23055,rio de janeiro,RJ,-22.909949,-43.576423,N
6712,23056,rio de janeiro,RJ,-22.91819,-43.612351,N
6713,23057,rio de janeiro,RJ,-22.917531,-43.528325,N
6714,23058,rio de janeiro,RJ,-22.914787,-43.59078,N
6715,23059,rio de janeiro,RJ,-22.913308,-43.59043,N
6716,23060,rio de janeiro,RJ,-22.89609,-43.598897,N
6717,23061,rio de janeiro,RJ,-22.908445,-43.6081,N
6718,23062,rio de janeiro,RJ,-22.902658,-43.599172,N
6719,23063,rio de janeiro,RJ,-22.897522,-43.591752,N
6720,23064,rio de janeiro,RJ,-22.900743,-43.584638,N
6721,23065,rio de janeiro,RJ,-22.882938,-43.625086,N
6722,23066,rio de janeiro,RJ,-22.888192,-43.624737,N
6723,23067,rio de janeiro,RJ,-22.882436,-43.616583,N
6724,23068,rio de janeiro,RJ,-22.886459,-43.59763,N
6725,23070,rio de janeiro,RJ,-22.896408,-43.57751,N
6726,23071,rio de janeiro,RJ,-22.888369,-43.580909,N
6727,23073,rio de janeiro,RJ,-22.889984,-43.579398,N
6728,23075,rio de janeiro,RJ,-22.877775,-43.577711,N
6729,23076,rio de janeiro,RJ,-22.882455,-43.574942,N
6730,23078,rio de janeiro,RJ,-22.872167,-43.589253,N
6731,23080,rio de janeiro,RJ,-22.898539,-43.565421,N
6732,23081,rio de janeiro,RJ,-22.89434,-43.567223,N
6733,23082,rio de janeiro,RJ,-22.894215,-43.571291,N
6734,23085,rio de janeiro,RJ,-22.89392,-43.546424,N
6735,23087,rio de janeiro,RJ,-22.886393,-43.558873,N
6736,23088,rio de janeiro,RJ,-22.885438,-43.54972,N
6737,23090,rio de janeiro,RJ,-22.878043,-43.562917,N
6738,23092,rio de janeiro,RJ,-22.870856,-43.543849,N
6739,23093,rio de janeiro,RJ,-22.877515,-43.530293,N
6740,23094,rio de janeiro,RJ,-22.87621,-43.519817,N
6741,23095,rio de janeiro,RJ,-22.86941,-43.556587,N
6742,23097,rio de janeiro,RJ,-22.851097,-43.536139,N
6743,23098,rio de janeiro,RJ,-22.870189,-43.521877,N
6744,23510,rio de janeiro,RJ,-22.919734,-43.671485,N
6745,23515,rio de janeiro,RJ,-22.923689,-43.682926,N
6746,23520,rio de janeiro,RJ,-22.936255,-43.661399,N
6747,23525,rio de janeiro,RJ,-22.945036,-43.676924,N
6748,23530,rio de janeiro,RJ,-22.973834,-43.681076,N
6749,23535,rio de janeiro,RJ,-22.979021,-43.690122,N
6750,23540,rio de janeiro,RJ,-22.974468,-43.69654,N
6751,23545,rio de janeiro,RJ,-22.967091,-43.700266,N
6752,23547,rio de janeiro,RJ,-22.932493,-43.623008,N
6753,23550,rio de janeiro,RJ,-22.930711,-43.689464,N
6754,23555,rio de janeiro,RJ,-22.917505,-43.693087,N
6755,23560,rio de janeiro,RJ,-22.89898,-43.699308,N
6756,23565,rio de janeiro,RJ,-22.897762,-43.69666,N
6757,23570,rio de janeiro,RJ,-22.909311,-43.67112,N
6758,23573,rio de janeiro,RJ,-22.913149,-43.65357,N
6759,23575,rio de janeiro,RJ,-22.89799,-43.668559,N
6760,23580,rio de janeiro,RJ,-22.911119,-43.622642,N
6761,23585,rio de janeiro,RJ,-22.924511,-43.635297,N
6762,23587,rio de janeiro,RJ,-22.922381,-43.629511,N
6763,23590,rio de janeiro,RJ,-22.92938,-43.659494,N
6764,23591,rio de janeiro,RJ,-22.931157,-43.663859,N
6765,23595,rio de janeiro,RJ,-22.926684,-43.62933,N
6766,23810,itaguai,RJ,-22.870934,-43.769013,N
6767,23811,itaguai,RJ,-22.864749,-43.767301,N
6768,23812,itaguai,RJ,-22.87206,-43.770934,N
6769,23815,itaguai,RJ,-22.86867,-43.78014,N
6770,23819,itaguai,RJ,-22.839094,-43.794954,N
6771,23820,itaguai,RJ,-22.86278,-43.785268,N
6772,23821,itaguaí,RJ,-22.870305,-43.790641,N
6773,23822,itaguai,RJ,-22.861639,-43.793427,N
6774,23823,itaguai,RJ,-22.875606,-43.788425,N
6775,23825,itaguai,RJ,-22.885828,-43.827856,N
6776,23826,itaguai,RJ,-22.895605,-43.84587,N
6777,23830,itaguaí,RJ,-22.845867,-43.783334,N
6778,23831,itaguai,RJ,-22.876635,-43.809851,N
6779,23832,itaguai,RJ,-22.855345,-43.765835,N
6780,23835,itaguai,RJ,-22.836582,-43.765042,N
6781,23855,itaguaí,RJ,-22.863871,-43.759234,N
6782,23860,mangaratiba,RJ,-22.947798,-44.014778,N
6783,23870,vila muriqui,RJ,-22.92132,-43.920757,N
6784,23880,mangaratiba,RJ,-22.875964,-43.837939,N
6785,23885,conceicao de jacarei,RJ,-23.029216,-44.163851,N
6786,23890,seropedica,RJ,-22.787688,-43.648902,N
6787,23891,seropedica,RJ,-22.751096,-43.668833,N
6788,23893,seropedica,RJ,-22.710722,-43.691402,N
6789,23894,seropédica,RJ,-22.741007,-43.69983,N
6790,23895,seropedica,RJ,-22.746274,-43.708503,N
6791,23897,seropedica,RJ,-22.792367,-43.66264,N
6792,23898,seropedica,RJ,-22.807911,-43.644304,N
6793,23900,angra dos reis,RJ,-23.007751,-44.316366,N
6794,23902,angra dos reis,RJ,-23.00952,-44.321726,N
6795,23903,angra dos reis,RJ,-23.003879,-44.317254,N
6796,23904,angra dos reis,RJ,-23.003259,-44.311699,N
6797,23905,angra dos reis,RJ,-22.981301,-44.303402,N
6798,23906,angra dos reis,RJ,-22.998972,-44.305294,N
6799,23907,angra dos reis,RJ,-23.006182,-44.302491,N
6800,23909,angra dos reis,RJ,-23.016652,-44.343283,N
6801,23910,angra dos reis,RJ,-23.0058,-44.295,N
6802,23911,angra dos reis,RJ,-23.011942,-44.279376,N
6803,23912,angra dos reis,RJ,-22.995835,-44.269199,N
6804,23913,angra dos reis,RJ,-22.987406,-44.237396,N
6805,23914,angra dos reis,RJ,-22.993718,-44.237848,N
6806,23915,angra dos reis,RJ,-22.990363,-44.247141,N
6807,23916,angra dos reis,RJ,-23.015647,-44.22148,N
6808,23917,angra dos reis,RJ,-23.037737,-44.196524,N
6809,23918,angra dos reis,RJ,-23.033777,-44.179426,N
6810,23931,angra dos reis,RJ,-23.005482,-44.328469,N
6811,23932,angra dos reis,RJ,-22.979655,-44.300073,N
6812,23933,angra dos reis,RJ,-22.973319,-44.292941,N
6813,23934,angra dos reis,RJ,-22.975068,-44.304331,N
6814,23935,angra dos reis,RJ,-22.96001,-44.286524,N
6815,23936,angra dos reis,RJ,-22.96589,-44.339414,N
6816,23937,angra dos reis,RJ,-22.964798,-44.30348,N
6817,23940,angra dos reis,RJ,-22.923849,-44.366421,N
6818,23942,angra dos reis,RJ,-22.94932,-44.324089,N
6819,23943,angra dos reis,RJ,-22.942733,-44.394401,N
6820,23944,angra dos reis,RJ,-22.937243,-44.414635,N
6821,23946,angra dos reis,RJ,-22.96893,-44.440011,N
6822,23950,angra dos reis,RJ,-23.003663,-44.432739,N
6823,23951,angra dos reis,RJ,-23.02409,-44.514677,N
6824,23952,angra dos reis,RJ,-23.017376,-44.527069,N
6825,23953,angra dos reis,RJ,-23.01712,-44.527779,N
6826,23954,angra dos reis,RJ,-23.01272,-44.53712,N
6827,23955,angra dos reis,RJ,-23.008408,-44.520429,N
6828,23968,ilha grande,RJ,-22.996404,-43.796541,N
6829,23970,parati,RJ,-23.212886,-44.70778,N
6830,23972,parati mirim,RJ,-22.863467,-42.311281,N
6831,24005,niteroi,RJ,-22.893545,-43.118958,N
6832,24007,niteroi,RJ,-21.20598,-41.896382,N
6833,24008,niteroi,RJ,-21.219146,-41.877825,N
6834,24009,niteroi,RJ,-21.219093,-41.877506,N
6835,24020,niterói,RJ,-22.893701,-43.120418,N
6836,24022,niteroi,RJ,-22.056223,-42.499664,N
6837,24027,niteroi,RJ,-21.218972,-41.877524,N
6838,24030,niteroi,RJ,-22.888697,-43.118307,N
6839,24040,niteroi,RJ,-22.882736,-43.123496,N
6840,24050,niteroi,RJ,-22.875175,-43.10956,N
6841,24060,niteroi,RJ,-22.885934,-43.110654,N
6842,24070,niteroi,RJ,-22.893486,-43.110891,N
6843,24110,niteroi,RJ,-22.867915,-43.099605,N
6844,24111,niteroi,RJ,-22.863985,-43.092523,N
6845,24119,niteroi,RJ,-22.863435,-43.097257,N
6846,24120,niteroi,RJ,-22.88327,-43.092274,N
6847,24130,niteroi,RJ,-22.879227,-43.091572,N
6848,24140,niteroi,RJ,-22.889267,-43.048609,N
6849,24141,niteroi,RJ,-22.878169,-43.055642,N
6850,24202,niterói,RJ,-22.895426,-43.115472,N
6851,24210,niteroi,RJ,-22.900624,-43.127073,N
6852,24211,niteroi,RJ,-21.220995,-41.89198,N
6853,24220,niteroi,RJ,-22.903245,-43.107024,N
6854,24230,niterói,RJ,-22.878637,-43.086096,N
6855,24240,niteroi,RJ,-22.897237,-43.099158,N
6856,24241,niteroi,RJ,-22.90422,-43.091581,N
6857,24310,niteroi,RJ,-22.911033,-43.067427,N
6858,24315,niteroi,RJ,-22.901685,-43.068915,N
6859,24320,niteroi,RJ,-22.902823,-43.050858,N
6860,24322,niteroi,RJ,-22.896323,-43.038458,N
6861,24325,niteroi,RJ,-22.830564,-43.045196,N
6862,24330,niteroi,RJ,-22.9012,-42.991175,N
6863,24340,niteroi,RJ,-22.947654,-43.033651,N
6864,24342,niteroi,RJ,-22.937392,-43.022146,N
6865,24344,niteroi,RJ,-22.93686,-43.014915,N
6866,24346,niteroi,RJ,-22.94923,-43.028055,N
6867,24348,niteroi,RJ,-22.970403,-43.032133,N
6868,24350,niteroi,RJ,-22.940617,-43.065454,N
6869,24355,niteroi,RJ,-22.941156,-43.043134,N
6870,24358,niterói,RJ,-22.954106,-43.068005,N
6871,24360,niterói,RJ,-22.830989,-43.030861,N
6872,24365,niteroi,RJ,-22.912243,-43.081509,N
6873,24370,niteroi,RJ,-22.924665,-43.09987,N
6874,24400,sao goncalo,RJ,-22.822657,-43.045475,N
6875,24410,sao goncalo,RJ,-22.859653,-43.080782,N
6876,24411,sao goncalo,RJ,-22.857537,-43.08169,N
6877,24412,sao goncalo,RJ,-22.8475,-43.075425,N
6878,24415,sao goncalo,RJ,-22.840858,-43.076235,N
6879,24416,sao goncalo,RJ,-22.840098,-43.067783,N
6880,24417,sao goncalo,RJ,-22.845411,-43.05014,N
6881,24420,sao goncalo,RJ,-22.835697,-43.046659,N
6882,24421,sao goncalo,RJ,-22.830656,-43.042041,N
6883,24422,sao goncalo,RJ,-22.827727,-43.028899,N
6884,24425,sao goncalo,RJ,-22.852696,-43.090146,N
6885,24426,sao goncalo,RJ,-22.840411,-43.086603,N
6886,24430,sao goncalo,RJ,-22.830092,-43.085653,N
6887,24431,sao goncalo,RJ,-22.828439,-43.080647,N
6888,24435,sao goncalo,RJ,-22.827482,-43.069815,N
6889,24436,sao goncalo,RJ,-22.821248,-43.066949,N
6890,24440,sao goncalo,RJ,-22.827149,-43.053948,N
6891,24445,sao goncalo,RJ,-22.819262,-43.034765,N
6892,24450,sao goncalo,RJ,-22.823169,-43.020028,N
6893,24451,sao goncalo,RJ,-22.829351,-43.013995,N
6894,24452,sao goncalo,RJ,-22.819291,-43.006358,N
6895,24455,sao goncalo,RJ,-22.80878,-43.025867,N
6896,24456,sao goncalo,RJ,-22.809296,-43.01604,N
6897,24457,sao goncalo,RJ,-22.806624,-43.012657,N
6898,24460,são gonçalo,RJ,-22.814788,-43.043299,N
6899,24461,sao goncalo,RJ,-22.80335,-43.035818,N
6900,24465,são gonçalo,RJ,-22.819491,-43.055164,N
6901,24466,sao goncalo,RJ,-22.811123,-43.06237,N
6902,24467,sao goncalo,RJ,-22.805308,-43.052648,N
6903,24470,são gonçalo,RJ,-22.79629,-43.045314,N
6904,24471,são gonçalo,RJ,-22.785601,-43.045936,N
6905,24472,sao goncalo,RJ,-22.789315,-43.038504,N
6906,24473,são gonçalo,RJ,-22.787988,-43.032356,N
6907,24474,sao goncalo,RJ,-22.794969,-43.024414,N
6908,24475,sao goncalo,RJ,-22.777268,-43.027446,N
6909,24476,sao goncalo,RJ,-22.770998,-43.015759,N
6910,24710,sao goncalo,RJ,-22.822624,-43.003094,N
6911,24711,sao goncalo,RJ,-22.818907,-42.997512,N
6912,24715,sao goncalo,RJ,-22.802768,-42.990282,N
6913,24716,sao goncalo,RJ,-22.789881,-43.00428,N
6914,24717,sao goncalo,RJ,-22.80803,-43.003034,N
6915,24720,sao goncalo,RJ,-22.813218,-42.98741,N
6916,24721,sao goncalo,RJ,-22.801496,-42.983909,N
6917,24722,sao goncalo,RJ,-22.796502,-42.97623,N
6918,24723,sao goncalo,RJ,-22.817624,-42.946764,N
6919,24724,sao goncalo,RJ,-22.805769,-42.957267,N
6920,24725,são gonçalo,RJ,-22.811456,-42.972209,N
6921,24726,sao goncalo,RJ,-22.788512,-42.958566,N
6922,24727,sao goncalo,RJ,-22.783357,-42.945722,N
6923,24730,sao goncalo,RJ,-22.829047,-42.987842,N
6924,24731,sao goncalo,RJ,-22.822811,-42.986851,N
6925,24732,são gonçalo,RJ,-22.827064,-42.973898,N
6926,24733,são gonçalo,RJ,-22.829057,-42.972547,N
6927,24734,sao goncalo,RJ,-22.829472,-42.960757,N
6928,24735,são gonçalo,RJ,-22.845884,-42.954263,N
6929,24736,sao goncalo,RJ,-22.820033,-42.969922,N
6930,24737,sao goncalo,RJ,-22.841624,-42.962313,N
6931,24738,sao goncalo,RJ,-22.851786,-42.943543,N
6932,24740,sao goncalo,RJ,-22.832953,-42.997247,N
6933,24741,sao goncalo,RJ,-22.841324,-42.997752,N
6934,24742,sao goncalo,RJ,-22.838767,-43.003795,N
6935,24743,sao goncalo,RJ,-22.845998,-42.997068,N
6936,24744,sao goncalo,RJ,-22.8423,-43.012143,N
6937,24745,sao goncalo,RJ,-22.852801,-43.004544,N
6938,24746,sao goncalo,RJ,-22.839067,-42.987893,N
6939,24750,sao goncalo,RJ,-22.854637,-43.022584,N
6940,24751,sao goncalo,RJ,-22.867825,-43.002749,N
6941,24752,são gonçalo,RJ,-22.882259,-42.984362,N
6942,24753,são gonçalo,RJ,-22.886287,-42.991669,N
6943,24754,sao goncalo,RJ,-22.872355,-43.027433,N
6944,24755,sao goncalo,RJ,-22.859266,-43.015308,N
6945,24756,são gonçalo,RJ,-22.885933,-43.011983,N
6946,24800,itaboraí,RJ,-22.742481,-42.857211,N
6947,24801,itaborai,RJ,-22.739579,-42.847013,N
6948,24802,itaborai,RJ,-22.729007,-42.834668,N
6949,24803,itaborai,RJ,-22.732706,-42.829985,N
6950,24804,itaborai,RJ,-22.747091,-42.843422,N
6951,24805,itaborai,RJ,-22.735331,-42.838838,N
6952,24806,itaboraí,RJ,-22.751532,-42.848899,N
6953,24808,itaboraí,RJ,-22.756776,-42.85542,N
6954,24809,itaborai,RJ,-22.765761,-42.898187,N
6955,24812,itaborai,RJ,-22.750196,-42.871877,N
6956,24813,itaborai,RJ,-22.754118,-42.888836,N
6957,24815,itaboraí,RJ,-22.73566,-42.869439,N
6958,24830,itaborai,RJ,-22.711308,-42.873314,N
6959,24840,itaborai,RJ,-22.718905,-42.863866,N
6960,24845,itaborai,RJ,-22.78609,-42.823324,N
6961,24846,itaborai,RJ,-22.715386,-42.806386,N
6962,24850,itaboraí,RJ,-22.80896,-42.885679,N
6963,24851,itaborai,RJ,-22.820155,-42.892846,N
6964,24855,itaborai,RJ,-22.77346,-42.915654,N
6965,24856,itaborai,RJ,-22.758079,-42.910633,N
6966,24857,itaborai,RJ,-22.760535,-42.931487,N
6967,24858,itaborai,RJ,-22.772099,-42.922643,N
6968,24859,itaborai,RJ,-22.773402,-42.909848,N
6969,24860,itaborai,RJ,-22.785273,-42.919804,N
6970,24865,itaborai,RJ,-22.74276,-42.916681,N
6971,24866,itaborai,RJ,-22.733731,-42.932765,N
6972,24867,itaborai,RJ,-22.760654,-42.871309,N
6973,24868,itaborai,RJ,-22.727846,-42.951128,N
6974,24875,itaborai,RJ,-22.717145,-42.887554,N
6975,24876,itaborai,RJ,-22.712534,-42.895405,N
6976,24877,itaborai,RJ,-22.745613,-42.884479,N
6977,24890,tanguá,RJ,-22.735219,-42.727848,N
6978,24900,marica,RJ,-22.919618,-42.83979,N
6979,24901,marica,RJ,-22.923608,-42.819857,N
6980,24902,marica,RJ,-22.927005,-42.829316,N
6981,24903,marica,RJ,-22.91167,-42.806097,N
6982,24904,marica,RJ,-22.910597,-42.817046,N
6983,24905,marica,RJ,-22.934535,-42.911753,N
6984,24908,marica,RJ,-22.898976,-42.807615,N
6985,24909,marica,RJ,-22.913704,-42.810046,N
6986,24910,marica,RJ,-22.895953,-42.842433,N
6987,24911,marica,RJ,-22.902639,-42.835592,N
6988,24912,marica,RJ,-22.911125,-42.833776,N
6989,24913,marica,RJ,-22.914283,-42.834563,N
6990,24914,marica,RJ,-22.923454,-42.857602,N
6991,24915,marica,RJ,-22.955984,-42.807615,N
6992,24916,marica,RJ,-22.944576,-42.828441,N
6993,24917,marica,RJ,-22.971898,-42.930604,N
6994,24921,marica,RJ,-22.95261,-42.808873,N
6995,24922,marica,RJ,-22.948566,-42.703432,N
6996,24923,marica,RJ,-22.95525,-42.691436,N
6997,24924,marica,RJ,-22.912712,-42.701817,N
6998,24927,marica,RJ,-22.897395,-42.784538,N
6999,24930,maricá,RJ,-22.926108,-42.898504,N
7000,24931,marica,RJ,-22.934649,-42.88228,N
7001,24932,marica,RJ,-22.917276,-42.895005,N
7002,24933,marica,RJ,-22.956593,-42.883494,N
7003,24934,marica,RJ,-22.946221,-42.88646,N
7004,24935,marica,RJ,-22.950971,-42.946833,N
7005,24936,marica,RJ,-22.954278,-42.967119,N
7006,24937,marica,RJ,-22.951152,-42.993761,N
7007,24938,marica,RJ,-22.935364,-42.971046,N
7008,24939,marica,RJ,-22.917715,-42.958112,N
7009,24940,marica,RJ,-22.926005,-42.940014,N
7010,24941,marica,RJ,-22.913221,-42.837959,N
7011,24942,marica,RJ,-22.931026,-42.922721,N
7012,24943,marica,RJ,-22.909483,-42.925827,N
7013,24944,marica,RJ,-22.89552,-42.936941,N
7014,25010,duque de caxias,RJ,-22.790469,-43.314815,N
7015,25011,duque de caxias,RJ,-22.791475,-43.313008,N
7016,25015,duque de caxias,RJ,-22.780222,-43.316605,N
7017,25020,duque de caxias,RJ,-22.778944,-43.308624,N
7018,25025,duque de caxias,RJ,-22.784563,-43.323136,N
7019,25030,duque de caxias,RJ,-22.773521,-43.311397,N
7020,25035,duque de caxias,RJ,-22.755339,-43.308532,N
7021,25036,duque de caxias,RJ,-22.749596,-43.316205,N
7022,25040,duque de caxias,RJ,-22.740901,-43.315467,N
7023,25041,duque de caxias,RJ,-22.735781,-43.318128,N
7024,25042,duque de caxias,RJ,-22.73592,-43.311936,N
7025,25044,duque de caxias,RJ,-22.673554,-43.284826,N
7026,25045,duque de caxias,RJ,-22.722818,-43.313916,N
7027,25046,duque de caxias,RJ,-22.723511,-43.321486,N
7028,25050,duque de caxias,RJ,-22.753304,-43.296996,N
7029,25051,duque de caxias,RJ,-22.761268,-43.292986,N
7030,25055,duque de caxias,RJ,-22.757397,-43.281669,N
7031,25056,duque de caxias,RJ,-22.754465,-43.277047,N
7032,25060,duque de caxias,RJ,-22.764058,-43.300413,N
7033,25065,duque de caxias,RJ,-22.757408,-43.286871,N
7034,25070,duque de caxias,RJ,-22.780163,-43.304304,N
7035,25071,duque de caxias,RJ,-22.785407,-43.301837,N
7036,25075,duque de caxias,RJ,-22.774125,-43.290927,N
7037,25080,duque de caxias,RJ,-22.759686,-43.292971,N
7038,25081,duque de caxias,RJ,-22.616954,-43.306476,N
7039,25085,duque de caxias,RJ,-22.795834,-43.291526,N
7040,25086,duque de caxias,RJ,-22.754122,-43.286472,N
7041,25211,duque de caxias,RJ,-22.670668,-43.262556,N
7042,25212,duque de caxias,RJ,-22.676474,-43.25702,N
7043,25213,duque de caxias,RJ,-22.674911,-43.2762,N
7044,25214,duque de caxias,RJ,-22.689732,-43.26637,N
7045,25215,duque de caxias,RJ,-22.682591,-43.274041,N
7046,25220,duque de caxias,RJ,-22.68543,-43.246655,N
7047,25221,duque de caxias,RJ,-22.698004,-43.248105,N
7048,25222,duque de caxias,RJ,-22.674399,-43.245607,N
7049,25223,duque de caxias,RJ,-22.683322,-43.253954,N
7050,25225,duque de caxias,RJ,-22.696323,-43.271185,N
7051,25230,duque de caxias,RJ,-22.689742,-43.282689,N
7052,25231,duque de caxias,RJ,-22.683564,-43.299069,N
7053,25233,duque de caxias,RJ,-22.703507,-43.299579,N
7054,25235,duque de caxias,RJ,-22.702864,-43.316,N
7055,25237,duque de caxias,RJ,-22.753575,-43.305893,N
7056,25240,duque de caxias,RJ,-22.645633,-43.287091,N
7057,25241,duque de caxias,RJ,-22.571208,-43.312685,N
7058,25243,duque de caxias,RJ,-22.659525,-43.296332,N
7059,25245,duque de caxias,RJ,-22.591286,-43.312298,N
7060,25250,duque de caxias,RJ,-22.607286,-43.298575,N
7061,25251,duque de caxias,RJ,-22.654106,-43.277993,N
7062,25253,duque de caxias,RJ,-22.61206,-43.281853,N
7063,25255,duque de caxias,RJ,-22.644539,-43.278602,N
7064,25260,duque de caxias,RJ,-22.653627,-43.27589,N
7065,25261,duque de caxias,RJ,-22.645304,-43.262034,N
7066,25264,duque de caxias,RJ,-22.645201,-43.237367,N
7067,25265,duque de caxias,RJ,-22.649551,-43.230341,N
7068,25266,duque de caxias,RJ,-22.638767,-43.221818,N
7069,25267,duque de caxias,RJ,-22.635171,-43.247353,N
7070,25268,duque de caxias,RJ,-22.652696,-43.276126,N
7071,25270,duque de caxias,RJ,-22.623875,-43.239815,N
7072,25271,duque de caxias,RJ,-22.637461,-43.226176,N
7073,25272,duque de caxias,RJ,-22.624259,-43.216521,N
7074,25275,duque de caxias,RJ,-22.638878,-43.226925,N
7075,25510,sao joao de meriti,RJ,-22.790647,-43.375643,N
7076,25515,sao joao de meriti,RJ,-22.797656,-43.364275,N
7077,25520,são joão de meriti,RJ,-22.80367,-43.375462,N
7078,25525,sao joao de meriti,RJ,-22.796129,-43.382752,N
7079,25530,sao joao de meriti,RJ,-22.805973,-43.390365,N
7080,25535,sao joao de meriti,RJ,-22.791159,-43.402611,N
7081,25540,sao joao de meriti,RJ,-22.784016,-43.397032,N
7082,25545,sao joao de meriti,RJ,-22.789653,-43.348172,N
7083,25550,sao joao de meriti,RJ,-22.775193,-43.38293,N
7084,25555,sao joao de meriti,RJ,-22.7813,-43.370408,N
7085,25560,sao joao de meriti,RJ,-22.770034,-43.369862,N
7086,25561,são joão de meriti,RJ,-22.768601,-43.376893,N
7087,25565,são joão de meriti,RJ,-22.783154,-43.35979,N
7088,25570,sao joao de meriti,RJ,-22.767755,-43.351649,N
7089,25571,sao joao de meriti,RJ,-22.764429,-43.34635,N
7090,25575,sao joao de meriti,RJ,-22.770525,-43.340871,N
7091,25576,sao joao de meriti,RJ,-22.778287,-43.352244,N
7092,25580,sao joao de meriti,RJ,-22.783351,-43.341241,N
7093,25581,sao joao de meriti,RJ,-22.788457,-43.347098,N
7094,25585,sao joao de meriti,RJ,-22.793674,-43.338168,N
7095,25586,sao joao de meriti,RJ,-22.798542,-43.337601,N
7096,25610,petropolis,RJ,-22.502184,-43.168435,N
7097,25615,petropolis,RJ,-22.496114,-43.156204,N
7098,25620,petropolis,RJ,-22.510231,-43.175444,N
7099,25625,petropolis,RJ,-22.515825,-43.171367,N
7100,25630,petropolis,RJ,-22.524248,-43.161617,N
7101,25635,petrópolis,RJ,-22.529027,-43.176611,N
7102,25638,petropolis,RJ,-22.527613,-43.172201,N
7103,25640,petropolis,RJ,-22.522799,-43.183566,N
7104,25645,petropolis,RJ,-22.540797,-43.201235,N
7105,25650,petrópolis,RJ,-22.531038,-43.212309,N
7106,25651,petropolis,RJ,-22.524744,-43.211604,N
7107,25655,petropolis,RJ,-22.52045,-43.191012,N
7108,25660,petropolis,RJ,-22.512038,-43.204726,N
7109,25665,petropolis,RJ,-22.509186,-43.219827,N
7110,25670,petropolis,RJ,-22.489507,-43.210414,N
7111,25675,petropolis,RJ,-22.496985,-43.200607,N
7112,25680,petropolis,RJ,-22.489637,-43.183763,N
7113,25684,petropolis,RJ,-22.50733,-43.192546,N
7114,25685,petropolis,RJ,-22.508132,-43.181415,N
7115,25689,petropolis,RJ,-22.509109,-43.187467,N
7116,25710,petrópolis,RJ,-22.475563,-43.14837,N
7117,25715,petropolis,RJ,-22.47151,-43.162028,N
7118,25716,petropolis,RJ,-22.480264,-43.155229,N
7119,25720,petrópolis,RJ,-22.432229,-43.14086,N
7120,25725,petropolis,RJ,-22.427894,-43.20139,N
7121,25730,petropolis,RJ,-22.408608,-43.131409,N
7122,25740,petropolis,RJ,-22.374645,-43.129094,N
7123,25745,petropolis,RJ,-22.391519,-43.108294,N
7124,25750,petrópolis,RJ,-22.338529,-43.128999,N
7125,25755,petropolis,RJ,-22.332413,-43.168021,N
7126,25770,petropolis,RJ,-22.268893,-43.076813,N
7127,25780,sao jose do vale do rio preto,RJ,-22.173974,-42.936789,N
7128,25802,tres rios,RJ,-22.117256,-43.20586,N
7129,25803,tres rios,RJ,-22.117082,-43.211925,N
7130,25804,tres rios,RJ,-22.117557,-43.211171,N
7131,25805,tres rios,RJ,-22.113966,-43.213762,N
7132,25806,tres rios,RJ,-22.116343,-43.222524,N
7133,25807,tres rios,RJ,-22.108495,-43.208753,N
7134,25808,tres rios,RJ,-22.103769,-43.208578,N
7135,25809,três rios,RJ,-22.100882,-43.215733,N
7136,25810,tres rios,RJ,-22.090278,-43.217411,N
7137,25811,tres rios,RJ,-22.105968,-43.186842,N
7138,25812,tres rios,RJ,-22.105343,-43.192217,N
7139,25815,tres rios,RJ,-22.110434,-43.196769,N
7140,25820,tres rios,RJ,-22.116065,-43.188635,N
7141,25821,tres rios,RJ,-22.121981,-43.173048,N
7142,25840,bemposta,RJ,,,N
7143,25845,areal,RJ,-22.243708,-43.098549,N
7144,25850,paraiba do sul,RJ,-22.16429,-43.29222,N
7145,25860,werneck,RJ,-22.217048,-43.315218,N
7146,25870,comendador levy gasparian,RJ,-22.033942,-43.212766,N
7147,25875,afonso arinos,RJ,-22.012224,-43.337123,N
7148,25880,sapucaia,RJ,-21.991298,-42.907704,N
7149,25882,anta,RJ,-22.184445,-43.024488,N
7150,25884,piao,RJ,-22.402149,-43.191834,N
7151,25886,nossa senhora da aparecida,RJ,-21.541963,-43.893588,N
7152,25887,sapucaia,RJ,-22.209677,-42.794767,N
7153,25900,mage,RJ,-22.65142,-43.066558,N
7154,25901,mage,RJ,-22.648339,-43.058344,N
7155,25902,mage,RJ,-22.659546,-43.116827,N
7156,25903,mage,RJ,-22.641866,-43.072452,N
7157,25904,mage,RJ,-22.651815,-43.053613,N
7158,25905,mage,RJ,-22.661391,-43.035251,N
7159,25907,magé,RJ,-22.638554,-43.160002,N
7160,25908,mage,RJ,-22.658156,-43.119027,N
7161,25911,mage,RJ,-22.559072,-43.044923,N
7162,25912,mage,RJ,-22.570194,-43.058745,N
7163,25914,mage,RJ,-22.593813,-43.069303,N
7164,25915,piabeta,RJ,-22.68974,-43.346395,N
7165,25916,mage,RJ,-22.615115,-43.124841,N
7166,25917,mage,RJ,-22.82757,-43.407391,N
7167,25919,mage,RJ,,,N
7168,25920,mage,RJ,-22.688148,-43.106679,N
7169,25921,mage,RJ,-22.652536,-43.126501,N
7170,25922,magé,RJ,-22.660039,-43.134789,N
7171,25924,mage,RJ,-22.679461,-43.167639,N
7172,25925,magé,RJ,-22.693683,-43.109793,N
7173,25926,mage,RJ,-22.701424,-43.159525,N
7174,25927,mage,RJ,-22.580859,-43.024005,N
7175,25928,mage,RJ,-22.636017,-43.025343,N
7176,25930,mage,RJ,-22.683585,-43.160535,N
7177,25931,mage,RJ,-22.615268,-43.171212,N
7178,25932,mage,RJ,-22.606415,-43.164799,N
7179,25933,mage,RJ,-22.589725,-43.183813,N
7180,25935,mage,RJ,-22.615933,-43.179757,N
7181,25936,mage,RJ,-22.620865,-43.192038,N
7182,25937,magé,RJ,-22.643738,-43.182944,N
7183,25938,magé,RJ,-22.654571,-43.203332,N
7184,25940,guapimirim,RJ,-22.617932,-43.004129,N
7185,25941,guapimirim,RJ,-22.625867,-43.010678,N
7186,25942,guapimirim,RJ,-22.589185,-43.008721,N
7187,25943,guapimirim,RJ,-22.551015,-42.98442,N
7188,25945,guapimirim,RJ,-22.528934,-42.985443,N
7189,25946,guapimirim,RJ,-22.527718,-42.978266,N
7190,25947,guapimirim,RJ,-22.521605,-42.967064,N
7191,25948,guapimirim,RJ,-22.516667,-42.977583,N
7192,25949,guapimirim,RJ,-22.514547,-42.969028,N
7193,25953,teresópolis,RJ,-22.411949,-42.966415,N
7194,25954,teresopolis,RJ,-22.432445,-42.948235,N
7195,25955,teresopolis,RJ,-22.42169,-42.967241,N
7196,25956,teresopolis,RJ,-22.428952,-42.965165,N
7197,25957,teresopolis,RJ,-22.431184,-42.970221,N
7198,25958,teresopolis,RJ,-22.447313,-42.97111,N
7199,25959,teresopolis,RJ,-22.451896,-42.980368,N
7200,25960,teresópolis,RJ,-22.443884,-42.981993,N
7201,25961,teresopolis,RJ,-22.436727,-42.980572,N
7202,25963,teresopolis,RJ,-22.417677,-42.976721,N
7203,25964,teresopolis,RJ,-22.427915,-42.981366,N
7204,25965,teresopolis,RJ,-22.402063,-42.975725,N
7205,25966,teresopolis,RJ,-22.401371,-42.991002,N
7206,25970,teresopolis,RJ,-22.391628,-42.995617,N
7207,25973,teresopolis,RJ,-22.379532,-42.972329,N
7208,25974,teresópolis,RJ,-22.382045,-42.980265,N
7209,25975,teresopolis,RJ,-22.413345,-42.94595,N
7210,25976,teresopolis,RJ,-22.393012,-42.948566,N
7211,25977,teresopolis,RJ,-22.362857,-42.899801,N
7212,25980,teresopolis,RJ,-22.305204,-42.888338,N
7213,25985,teresopolis,RJ,-22.133942,-42.779748,N
7214,25990,teresopolis,RJ,-22.412337,-42.983307,N
7215,25995,teresopolis,RJ,-22.388593,-42.91876,N
7216,26010,nova iguacu,RJ,-22.755106,-43.428583,N
7217,26011,nova iguacu,RJ,-22.748785,-43.431681,N
7218,26012,nova iguacu,RJ,-22.73912,-43.438924,N
7219,26013,nova iguacu,RJ,-22.745675,-43.443888,N
7220,26014,nova iguaçu,RJ,-22.70977,-43.462398,N
7221,26015,nova iguacu,RJ,-22.744987,-43.439115,N
7222,26020,nova iguacu,RJ,-22.733078,-43.449614,N
7223,26021,nova iguacu,RJ,-22.72652,-43.439635,N
7224,26022,nova iguacu,RJ,-22.732232,-43.460677,N
7225,26023,nova iguacu,RJ,-22.718454,-43.45333,N
7226,26025,nova iguacu,RJ,-22.730629,-43.441416,N
7227,26030,nova iguacu,RJ,-22.729278,-43.463225,N
7228,26031,nova iguacu,RJ,-22.733145,-43.475643,N
7229,26032,nova iguacu,RJ,-22.731168,-43.479697,N
7230,26033,nova iguacu,RJ,-22.722956,-43.461899,N
7231,26035,nova iguacu,RJ,-22.72278,-43.466455,N
7232,26040,nova iguacu,RJ,-22.715477,-43.454974,N
7233,26041,nova iguacu,RJ,-22.709789,-43.465658,N
7234,26042,nova iguacu,RJ,-22.708401,-43.47914,N
7235,26043,nova iguacu,RJ,-22.70101,-43.47762,N
7236,26050,nova iguacu,RJ,-22.692334,-43.467833,N
7237,26051,nova iguacu,RJ,-22.693709,-43.455694,N
7238,26052,nova iguacu,RJ,-22.682662,-43.447634,N
7239,26053,nova iguacu,RJ,-22.676425,-43.465148,N
7240,26055,nova iguacu,RJ,-22.670887,-43.446821,N
7241,26060,nova iguacu,RJ,-22.70596,-43.444261,N
7242,26061,nova iguacu,RJ,-22.695022,-43.441344,N
7243,26062,nova iguacu,RJ,-22.663299,-43.421906,N
7244,26063,nova iguacu,RJ,-22.718699,-43.477041,N
7245,26064,nova iguacu,RJ,-22.700178,-43.439119,N
7246,26065,nova iguaçu,RJ,-22.703657,-43.442162,N
7247,26070,nova iguacu,RJ,-22.712262,-43.433978,N
7248,26080,nova iguaçu,RJ,-22.725467,-43.511083,N
7249,26082,nova iguacu,RJ,-22.73085,-43.501629,N
7250,26083,nova iguacu,RJ,-22.739625,-43.511303,N
7251,26084,nova iguacu,RJ,-22.72883,-43.516629,N
7252,26085,nova iguacu,RJ,-22.737882,-43.540627,N
7253,26086,nova iguacu,RJ,-22.727495,-43.52335,N
7254,26087,nova iguacu,RJ,-22.716289,-43.515306,N
7255,26088,nova iguacu,RJ,-22.709995,-43.520814,N
7256,26089,nova iguacu,RJ,-22.716938,-43.511725,N
7257,26092,nova iguacu,RJ,-22.656661,-43.529929,N
7258,26099,nova iguacu,RJ,-22.690572,-43.439517,N
7259,26110,belford roxo,RJ,-22.755672,-43.369305,N
7260,26112,belford roxo,RJ,-22.748891,-43.402189,N
7261,26113,belford roxo,RJ,-22.7525,-43.394897,N
7262,26115,belford roxo,RJ,-22.741026,-43.390589,N
7263,26116,belford roxo,RJ,-22.74403,-43.386862,N
7264,26120,belford roxo,RJ,-22.740951,-43.407376,N
7265,26123,belford roxo,RJ,-22.737559,-43.407159,N
7266,26125,belford roxo,RJ,-22.733092,-43.401189,N
7267,26127,belford roxo,RJ,-22.724174,-43.415237,N
7268,26130,belford roxo,RJ,-22.76452,-43.403243,N
7269,26131,belford roxo,RJ,-22.768566,-43.398869,N
7270,26135,belford roxo,RJ,-22.748838,-43.411095,N
7271,26140,belford roxo,RJ,-22.738645,-43.417739,N
7272,26143,belford roxo,RJ,-22.727779,-43.41908,N
7273,26145,belford roxo,RJ,-22.701296,-43.394209,N
7274,26150,belford roxo,RJ,-22.71689,-43.411433,N
7275,26153,belford roxo,RJ,-22.713867,-43.425343,N
7276,26155,belford roxo,RJ,-22.721496,-43.402367,N
7277,26157,belford roxo,RJ,-22.71399,-43.404588,N
7278,26160,belford roxo,RJ,-22.730365,-43.390847,N
7279,26163,belford roxo,RJ,-22.718029,-43.388665,N
7280,26165,belford roxo,RJ,-22.730049,-43.384014,N
7281,26167,belford roxo,RJ,-22.733815,-43.378698,N
7282,26170,belford roxo,RJ,-22.735309,-43.368999,N
7283,26171,belford roxo,RJ,-22.732009,-43.363597,N
7284,26172,belford roxo,RJ,-22.727797,-43.369885,N
7285,26173,belford roxo,RJ,-22.729397,-43.356469,N
7286,26175,belford roxo,RJ,-22.723713,-43.342182,N
7287,26176,belford roxo,RJ,-22.728926,-43.370425,N
7288,26177,belford roxo,RJ,-22.716955,-43.359421,N
7289,26178,belford roxo,RJ,-22.71708,-43.376219,N
7290,26180,belford roxo,RJ,-22.70931,-43.340397,N
7291,26182,belford roxo,RJ,-22.707844,-43.338872,N
7292,26183,belford roxo,RJ,-22.718842,-43.33595,N
7293,26185,belford roxo,RJ,-22.712307,-43.334637,N
7294,26187,belford roxo,RJ,-22.731683,-43.349023,N
7295,26190,belford roxo,RJ,-22.738054,-43.337843,N
7296,26193,belford roxo,RJ,-22.743715,-43.341816,N
7297,26195,belford roxo,RJ,-22.755887,-43.356573,N
7298,26196,belford roxo,RJ,-22.74789,-43.365239,N
7299,26210,nova iguaçu,RJ,-22.755877,-43.450113,N
7300,26215,nova iguacu,RJ,-22.749384,-43.443732,N
7301,26216,nova iguacu,RJ,-22.751112,-43.460119,N
7302,26220,nova iguacu,RJ,-22.758406,-43.442958,N
7303,26221,nova iguacu,RJ,-22.761895,-43.441325,N
7304,26225,nova iguacu,RJ,-22.764975,-43.438672,N
7305,26230,nova iguacu,RJ,-22.754343,-43.428744,N
7306,26250,nova iguacu,RJ,-22.765806,-43.444134,N
7307,26255,nova iguacu,RJ,-22.760839,-43.456651,N
7308,26256,nova iguaçu,RJ,-22.756414,-43.468058,N
7309,26260,nova iguacu,RJ,-22.757515,-43.474184,N
7310,26261,nova iguacu,RJ,-22.759454,-43.48288,N
7311,26262,nova iguacu,RJ,-22.758659,-43.468655,N
7312,26263,nova iguacu,RJ,-22.751116,-43.480366,N
7313,26265,nova iguacu,RJ,-22.762402,-43.4919,N
7314,26266,nova iguaçu,RJ,-22.761491,-43.499837,N
7315,26270,nova iguacu,RJ,-22.771787,-43.513737,N
7316,26271,nova iguacu,RJ,-22.765388,-43.51374,N
7317,26272,nova iguacu,RJ,-22.761268,-43.504602,N
7318,26275,nova iguacu,RJ,-22.758522,-43.508127,N
7319,26276,nova iguacu,RJ,-22.747655,-43.500452,N
7320,26277,nova iguacu,RJ,-22.753659,-43.505682,N
7321,26278,nova iguacu,RJ,-22.75095,-43.510494,N
7322,26279,nova iguacu,RJ,-22.746341,-43.515999,N
7323,26280,nova iguacu,RJ,-22.743455,-43.482059,N
7324,26281,nova iguacu,RJ,-22.739052,-43.474697,N
7325,26282,nova iguacu,RJ,-22.743268,-43.470804,N
7326,26285,nova iguacu,RJ,-22.749261,-43.457435,N
7327,26286,nova iguacu,RJ,-22.749194,-43.469546,N
7328,26290,nova iguaçu,RJ,-22.769239,-43.525308,N
7329,26291,nova iguacu,RJ,-22.775922,-43.535525,N
7330,26292,nova iguaçu,RJ,-22.765112,-43.559026,N
7331,26293,nova iguaçu,RJ,-22.792491,-43.575247,N
7332,26294,nova iguacu,RJ,-22.789801,-43.541736,N
7333,26295,nova iguacu,RJ,-22.785646,-43.568789,N
7334,26296,nova iguacu,RJ,-22.800126,-43.593583,N
7335,26297,nova iguacu,RJ,-22.813152,-43.588841,N
7336,26298,nova iguacu,RJ,-22.82129,-43.583917,N
7337,26299,nova iguacu,RJ,-22.841036,-43.615158,N
7338,26310,queimados,RJ,-22.71769,-43.564066,N
7339,26311,queimados,RJ,-22.723067,-43.577531,N
7340,26313,queimados,RJ,-22.723987,-43.568592,N
7341,26315,queimados,RJ,-22.72675,-43.588426,N
7342,26316,queimados,RJ,-22.691703,-43.594666,N
7343,26317,queimados,RJ,-22.715053,-43.584965,N
7344,26320,queimados,RJ,-22.709507,-43.580279,N
7345,26321,queimados,RJ,-22.708192,-43.573518,N
7346,26323,queimados,RJ,-22.72188,-43.561201,N
7347,26325,queimados,RJ,-22.720466,-43.556797,N
7348,26327,queimados,RJ,-22.719617,-43.549014,N
7349,26330,queimados,RJ,-22.735694,-43.542197,N
7350,26343,queimados,RJ,-22.744183,-43.536273,N
7351,26357,queimados,RJ,-22.720923,-43.55006,N
7352,26373,queimados,RJ,-22.74654,-43.620766,N
7353,26375,queimados,RJ,-22.739315,-43.580682,N
7354,26376,queimados,RJ,-22.737764,-43.572112,N
7355,26377,queimados,RJ,-22.733846,-43.558918,N
7356,26379,queimados,RJ,-22.737015,-43.563619,N
7357,26380,queimados,RJ,-22.707476,-43.550711,N
7358,26381,queimados,RJ,-22.69691,-43.557416,N
7359,26382,queimados,RJ,-22.692331,-43.531817,N
7360,26383,queimados,RJ,-22.70787,-43.561316,N
7361,26385,queimados,RJ,-22.705744,-43.556562,N
7362,26387,queimados,RJ,-22.705396,-43.537369,N
7363,26393,queimados,RJ,-22.711649,-43.55825,N
7364,26410,japeri,RJ,-22.70322,-43.630617,N
7365,26413,japeri,RJ,-22.696333,-43.626641,N
7366,26415,japeri,RJ,-22.684386,-43.621857,N
7367,26420,japeri,RJ,-22.684508,-43.615323,N
7368,26423,japeri,RJ,-22.680978,-43.611357,N
7369,26425,japeri,RJ,-22.683208,-43.613651,N
7370,26430,japeri,RJ,-22.688172,-43.606459,N
7371,26433,japeri,RJ,-22.650251,-43.653551,N
7372,26435,japeri,RJ,-22.648997,-43.658131,N
7373,26440,japeri,RJ,-22.643896,-43.643008,N
7374,26443,japeri,RJ,-22.644807,-43.657946,N
7375,26445,japeri,RJ,-22.674494,-43.608132,N
7376,26450,japeri,RJ,-22.663208,-43.610776,N
7377,26453,japeri,RJ,-22.669511,-43.614525,N
7378,26455,japeri,RJ,-22.673732,-43.598046,N
7379,26460,japeri,RJ,-22.671643,-43.590882,N
7380,26463,japeri,RJ,-22.680726,-43.596704,N
7381,26465,japeri,RJ,-22.671966,-43.590472,N
7382,26470,japeri,RJ,-22.679545,-43.593041,N
7383,26473,japeri,RJ,-22.657532,-43.536846,N
7384,26475,japeri,RJ,-22.677779,-43.60222,N
7385,26480,japeri,RJ,-22.667917,-43.585773,N
7386,26510,nilopolis,RJ,-22.816628,-43.416325,N
7387,26511,nilopolis,RJ,-22.816705,-43.417173,N
7388,26515,nilopolis,RJ,-22.820277,-43.422709,N
7389,26520,rio de janeiro,RJ,-22.812492,-43.429096,N
7390,26521,nilopolis,RJ,-22.809501,-43.432501,N
7391,26525,nilopolis,RJ,-22.805707,-43.423079,N
7392,26526,nilopolis,RJ,-22.804257,-43.421091,N
7393,26530,nilopolis,RJ,-22.801642,-43.416018,N
7394,26535,nilopolis,RJ,-22.79976,-43.410474,N
7395,26540,nilopolis,RJ,-22.807948,-43.407731,N
7396,26545,nilópolis,RJ,-22.813821,-43.402353,N
7397,26550,mesquita,RJ,-22.770757,-43.431299,N
7398,26551,mesquita,RJ,-22.781707,-43.425522,N
7399,26553,mesquita,RJ,-22.786322,-43.431385,N
7400,26554,mesquita,RJ,-22.790892,-43.436922,N
7401,26556,mesquita,RJ,-22.777766,-43.436623,N
7402,26557,mesquita,RJ,-22.771106,-43.436389,N
7403,26560,mesquita,RJ,-22.772872,-43.424975,N
7404,26562,mesquita,RJ,-22.770065,-43.42234,N
7405,26564,mesquita,RJ,-22.773281,-43.417817,N
7406,26570,mesquita,RJ,-22.778147,-43.417134,N
7407,26572,mesquita,RJ,-22.78467,-43.411506,N
7408,26574,mesquita,RJ,-22.777677,-43.403867,N
7409,26580,mesquita,RJ,-22.787276,-43.421048,N
7410,26582,mesquita,RJ,-22.791786,-43.415894,N
7411,26584,mesquita,RJ,-22.797052,-43.426586,N
7412,26585,mesquita,RJ,-22.798351,-43.43475,N
7413,26587,mesquita,RJ,-22.804621,-43.435743,N
7414,26600,paracambi,RJ,-22.614834,-43.705683,N
7415,26650,engenheiro paulo de frontin,RJ,-22.537265,-43.665799,N
7416,26660,sacra familia do tingua,RJ,-22.484395,-43.602306,N
7417,26700,mendes,RJ,-22.526046,-43.733224,N
7418,26900,miguel pereira,RJ,-22.455517,-43.470083,N
7419,26910,governador portela,RJ,-22.476992,-43.499274,N
7420,26920,conrado,RJ,-22.546568,-43.578845,N
7421,26950,paty do alferes,RJ,-22.420957,-43.421068,N
7422,26980,avelar,RJ,-22.328394,-43.412792,N
7423,27110,barra do pirai,RJ,-22.47421,-43.835568,N
7424,27113,barra do pirai,RJ,-22.466469,-43.834757,N
7425,27115,barra do pirai,RJ,-22.45822,-43.820843,N
7426,27120,barra do pirai,RJ,-22.462749,-43.815351,N
7427,27123,barra do pirai,RJ,-22.474166,-43.830368,N
7428,27130,barra do pirai,RJ,-22.464089,-43.813945,N
7429,27135,barra do pirai,RJ,-22.471473,-43.821761,N
7430,27140,barra do pirai,RJ,-22.481575,-43.815655,N
7431,27143,barra do pirai,RJ,-22.508524,-43.808905,N
7432,27145,barra do pirai,RJ,-22.480037,-43.821157,N
7433,27150,barra do piraí,RJ,-22.485711,-43.829851,N
7434,27155,vargem alegre,RJ,-22.501276,-43.928279,N
7435,27160,dorandia,RJ,-22.527074,-43.847318,N
7436,27163,california da barra,RJ,-21.517655,-43.852463,N
7437,27165,são josé do turvo,RJ,-21.067757,-45.07344,N
7438,27170,ipiabas,RJ,-22.377026,-43.868292,N
7439,27175,pirai,RJ,-22.625001,-43.896663,N
7440,27185,arrozal,RJ,-22.59459,-44.030796,N
7441,27195,santanesia,RJ,-22.525616,-43.815591,N
7442,27197,pinheiral,RJ,-22.511992,-44.006817,N
7443,27210,volta redonda,RJ,-22.488555,-44.071911,N
7444,27211,volta redonda,RJ,-22.486863,-44.07922,N
7445,27212,volta redonda,RJ,-22.49728,-44.073918,N
7446,27213,volta redonda,RJ,-22.50604,-44.089839,N
7447,27214,volta redonda,RJ,-22.492588,-44.072279,N
7448,27215,volta redonda,RJ,-22.50604,-44.094691,N
7449,27220,volta redonda,RJ,-22.486779,-44.061111,N
7450,27230,volta redonda,RJ,-22.487162,-44.056824,N
7451,27240,volta redonda,RJ,-22.499628,-44.054507,N
7452,27250,volta redonda,RJ,-22.50775,-44.071836,N
7453,27251,volta redonda,RJ,-22.512976,-44.083734,N
7454,27253,volta redonda,RJ,-22.515856,-44.089756,N
7455,27255,volta redonda,RJ,-22.517098,-44.098034,N
7456,27256,volta redonda,RJ,-22.527442,-44.092638,N
7457,27257,volta redonda,RJ,-22.567226,-44.081857,N
7458,27258,volta redonda,RJ,-22.53698,-44.077062,N
7459,27259,volta redonda,RJ,-22.532264,-44.079458,N
7460,27260,volta redonda,RJ,-22.520478,-44.100626,N
7461,27261,volta redonda,RJ,-22.524331,-44.102125,N
7462,27262,volta redonda,RJ,-22.52173,-44.112763,N
7463,27263,volta redonda,RJ,-22.524805,-44.117692,N
7464,27264,volta redonda,RJ,-22.530402,-44.12015,N
7465,27265,volta redonda,RJ,-22.526987,-44.127476,N
7466,27267,volta redonda,RJ,-22.526397,-44.120024,N
7467,27273,volta redonda,RJ,-22.518974,-44.136149,N
7468,27274,volta redonda,RJ,-22.507733,-44.129543,N
7469,27275,volta redonda,RJ,-22.503611,-44.115459,N
7470,27276,volta redonda,RJ,-22.49559,-44.136032,N
7471,27277,volta redonda,RJ,-22.496953,-44.127492,N
7472,27278,volta redonda,RJ,-22.490182,-44.11689,N
7473,27279,volta redonda,RJ,-22.489621,-44.113702,N
7474,27280,volta redonda,RJ,-22.489802,-44.108914,N
7475,27281,volta redonda,RJ,-22.498802,-44.104907,N
7476,27283,volta redonda,RJ,-22.500233,-44.093189,N
7477,27285,volta redonda,RJ,-22.494822,-44.087766,N
7478,27286,volta redonda,RJ,-22.476425,-44.068335,N
7479,27288,volta redonda,RJ,-22.466143,-44.098733,N
7480,27310,barra mansa,RJ,-22.542813,-44.171722,N
7481,27313,barra mansa,RJ,-22.52187,-44.192,N
7482,27320,barra mansa,RJ,-22.51593,-44.192428,N
7483,27321,barra mansa,RJ,-22.524398,-44.184184,N
7484,27322,barra mansa,RJ,-22.464006,-44.132315,N
7485,27323,barra mansa,RJ,-22.537511,-44.168471,N
7486,27325,barra mansa,RJ,-22.534372,-44.152599,N
7487,27330,barra mansa,RJ,-22.548465,-44.167626,N
7488,27331,barra mansa,RJ,-22.552042,-44.154539,N
7489,27332,barra mansa,RJ,-22.546941,-44.131988,N
7490,27333,barra mansa,RJ,-22.543397,-44.12596,N
7491,27335,barra mansa,RJ,-22.542608,-44.115398,N
7492,27336,barra mansa,RJ,-22.552712,-44.122729,N
7493,27337,barra mansa,RJ,-22.558411,-44.170658,N
7494,27338,barra mansa,RJ,-22.564272,-44.161866,N
7495,27340,barra mansa,RJ,-22.582696,-44.174853,N
7496,27343,barra mansa,RJ,-22.562802,-44.17159,N
7497,27345,barra mansa,RJ,-22.544733,-44.176406,N
7498,27347,barra mansa,RJ,-22.555685,-44.181129,N
7499,27350,barra mansa,RJ,-22.539991,-44.190819,N
7500,27351,barra mansa,RJ,-22.531717,-44.2037,N
7501,27353,barra mansa,RJ,-22.54555,-44.232613,N
7502,27360,barra mansa,RJ,-22.577159,-44.217321,N
7503,27365,barra mansa,RJ,-22.452184,-44.304796,N
7504,27410,quatis,RJ,-22.413406,-44.26183,N
7505,27420,quatis,RJ,-22.412358,-44.26608,N
7506,27430,quatis,RJ,-22.40485,-44.254898,N
7507,27460,rio claro,RJ,-22.730729,-44.130454,N
7508,27465,getulândia,RJ,-22.661277,-44.102483,N
7509,27470,passa tres,RJ,-22.695804,-44.002907,N
7510,27475,lídice,RJ,-22.829787,-44.196809,N
7511,27510,resende,RJ,-22.465242,-44.458255,N
7512,27511,resende,RJ,-22.468765,-44.450278,N
7513,27512,resende,RJ,-22.473125,-44.434935,N
7514,27513,resende,RJ,-22.481353,-44.447383,N
7515,27514,resende,RJ,-22.474359,-44.451359,N
7516,27515,resende,RJ,-22.475126,-44.455986,N
7517,27516,resende,RJ,-22.478696,-44.455625,N
7518,27520,resende,RJ,-22.471672,-44.460567,N
7519,27521,resende,RJ,-22.474917,-44.475572,N
7520,27522,resende,RJ,-22.475,-44.47228,N
7521,27523,resende,RJ,-22.48892,-44.481776,N
7522,27524,resende,RJ,-22.479537,-44.486221,N
7523,27525,resende,RJ,-22.479458,-44.497006,N
7524,27532,resende,RJ,-22.460849,-44.480631,N
7525,27533,resende,RJ,-22.456596,-44.4554,N
7526,27534,resende,RJ,-22.456646,-44.446629,N
7527,27535,resende,RJ,-22.45676,-44.440279,N
7528,27536,resende,RJ,-22.455982,-44.432028,N
7529,27537,resende,RJ,-22.451665,-44.395688,N
7530,27540,resende,RJ,-22.458724,-44.405261,N
7531,27541,resende,RJ,-22.464447,-44.438401,N
7532,27542,resende,RJ,-22.463998,-44.448931,N
7533,27553,visconde de maua,RJ,-22.330801,-44.528227,N
7534,27555,resende,RJ,-22.056619,-44.99225,N
7535,27570,porto real,RJ,-22.427802,-44.306273,N
7536,27580,itatiaia,RJ,-22.479297,-44.557141,N
7537,27598,penedo,RJ,-22.434487,-44.532011,N
7538,27600,valenca,RJ,-22.245906,-43.707111,N
7539,27640,barao de juparana,RJ,-22.344358,-43.681639,N
7540,27650,valenca,RJ,-22.16358,-43.767143,N
7541,27655,conservatoria,RJ,-22.286402,-43.920368,N
7542,27657,santa isabel do rio preto,RJ,-22.228423,-44.066557,N
7543,27660,rio das flores,RJ,-22.167451,-43.583791,N
7544,27665,taboas,RJ,-22.209937,-43.622793,N
7545,27690,manuel duarte,RJ,-22.086053,-43.559314,N
7546,27700,vassouras,RJ,-22.407673,-43.66769,N
7547,27770,andrade pinto,RJ,-22.239139,-43.423531,N
7548,27900,macae,RJ,-22.383132,-41.778408,N
7549,27910,macae,RJ,-22.373835,-41.780674,N
7550,27913,macae,RJ,-22.380992,-41.774334,N
7551,27915,macae,RJ,-22.385756,-41.775707,N
7552,27916,macae,RJ,-22.381728,-41.778301,N
7553,27920,macae,RJ,-22.395197,-41.792224,N
7554,27923,macae,RJ,-22.391358,-41.781443,N
7555,27925,macae,RJ,-22.407366,-41.839613,N
7556,27930,macae,RJ,-22.400214,-41.815553,N
7557,27933,macae,RJ,-22.399781,-41.803437,N
7558,27935,macae,RJ,-22.39078,-41.791111,N
7559,27936,macae,RJ,-22.384664,-41.788702,N
7560,27937,macaé,RJ,-22.39531,-41.794577,N
7561,27940,macae,RJ,-22.386865,-41.784754,N
7562,27943,macae,RJ,-22.378083,-41.785028,N
7563,27944,macae,RJ,-22.354258,-41.766986,N
7564,27945,macae,RJ,-22.372457,-41.794318,N
7565,27946,macae,RJ,-22.366786,-41.793413,N
7566,27947,macae,RJ,-22.363033,-41.796992,N
7567,27948,macae,RJ,-22.340796,-41.867876,N
7568,27950,macae,RJ,-22.342373,-41.759782,N
7569,27953,macae,RJ,-22.33847,-41.755436,N
7570,27955,macae,RJ,-22.33461,-41.752711,N
7571,27960,macae,RJ,-22.3512,-41.773312,N
7572,27961,macae,RJ,-22.35899,-41.771876,N
7573,27963,macae,RJ,-22.339398,-41.756304,N
7574,27964,macae,RJ,-22.328859,-41.747519,N
7575,27965,macae,RJ,-22.326591,-41.731635,N
7576,27966,macae,RJ,-22.317164,-41.725906,N
7577,27970,macae,RJ,-22.310072,-41.723961,N
7578,27971,macae,RJ,-22.32774,-41.740699,N
7579,27972,macae,RJ,-22.328102,-41.764394,N
7580,27973,macae,RJ,-22.360722,-41.772201,N
7581,27975,macae,RJ,-22.352765,-41.769816,N
7582,27979,macae,RJ,-22.254723,-41.792672,N
7583,27980,corrego do ouro,RJ,,,N
7584,27985,glicerio,RJ,-22.236929,-42.062327,N
7585,27987,frade,RJ,-22.561037,-43.564825,N
7586,27995,sana,RJ,-22.270729,-42.158986,N
7587,27998,carapebus,RJ,-22.190684,-41.657447,N
7588,28010,campos dos goytacazes,RJ,-21.76175,-41.322672,N
7589,28013,campos dos goytacazes,RJ,-21.762775,-41.309633,N
7590,28015,campos dos goytacazes,RJ,-21.770418,-41.305652,N
7591,28016,campos dos goytacazes,RJ,-21.765592,-41.282021,N
7592,28020,campos dos goytacazes,RJ,-21.778649,-41.297014,N
7593,28021,campos dos goytacazes,RJ,-21.794903,-41.288085,N
7594,28022,campos dos goytacazes,RJ,-21.803762,-41.302089,N
7595,28024,campos dos goytacazes,RJ,-21.776692,-41.312779,N
7596,28025,campos dos goytacazes,RJ,-21.7831,-41.324124,N
7597,28026,campos dos goytacazes,RJ,-21.780357,-41.327268,N
7598,28027,campos dos goytacazes,RJ,-21.774566,-41.323269,N
7599,28030,campos dos goytacazes,RJ,-21.762287,-41.33988,N
7600,28035,campos dos goytacazes,RJ,-21.756506,-41.332045,N
7601,28040,campos dos goytacazes,RJ,-21.83453,-41.4138,N
7602,28050,campos dos goytacazes,RJ,-21.712594,-41.278944,N
7603,28051,campos dos goytacazes,RJ,-21.749563,-41.340302,N
7604,28053,campos dos goytacazes,RJ,-21.747612,-41.345121,N
7605,28055,campos dos goytacazes,RJ,-21.742311,-41.356585,N
7606,28057,campos dos goytacazes,RJ,-21.744076,-41.349582,N
7607,28060,campos dos goytacazes,RJ,-21.728137,-41.331954,N
7608,28070,campos dos goytacazes,RJ,-21.721527,-41.322143,N
7609,28073,campos dos goytacazes,RJ,-21.721402,-41.315899,N
7610,28080,campos dos goytacazes,RJ,-21.742668,-41.313141,N
7611,28083,campos dos goytacazes,RJ,-21.733998,-41.315666,N
7612,28085,campos dos goytacazes,RJ,-21.7276,-41.305912,N
7613,28090,campos dos goytacazes,RJ,-21.716203,-41.307228,N
7614,28093,campos dos goytacazes,RJ,-21.705047,-41.305774,N
7615,28095,campos dos goytacazes,RJ,-21.741072,-41.355445,N
7616,28110,goitacazes,RJ,-21.967806,-41.548489,N
7617,28120,ibitioca,RJ,,,N
7618,28140,santo amaro de campos,RJ,-18.126059,-42.98823,N
7619,28143,campos dos goytacazes,RJ,-21.842513,-41.253416,N
7620,28145,sao sebastiao de campos,RJ,-20.757345,-49.881846,N
7621,28148,tocos,RJ,-22.90346,-43.787664,N
7622,28155,santa maria,RJ,-11.314698,-34.72513,N
7623,28160,santo eduardo,RJ,,,N
7624,28165,vila nova de campos,RJ,-9.096036,-40.177949,N
7625,28175,travessao,RJ,-22.336614,-42.462203,N
7626,28178,morro do coco,RJ,-21.37528,-41.34667,N
7627,28180,cardoso moreira,RJ,-21.492932,-41.615142,N
7628,28200,sao joao da barra,RJ,-21.670061,-41.056872,N
7629,28220,barcelos,RJ,-21.721196,-41.161705,N
7630,28230,sao francisco de itabapoana,RJ,-21.541975,-41.175996,N
7631,28250,italva,RJ,-21.423866,-41.691953,N
7632,28300,itaperuna,RJ,-21.203428,-41.893468,N
7633,28330,retiro do muriae,RJ,-21.442549,-42.423503,N
7634,28333,raposo,RJ,-12.602148,-37.000854,N
7635,28340,boa ventura,RJ,-21.207949,-41.889774,N
7636,28348,comendador venancio,RJ,-21.180438,-42.104771,N
7637,28350,laje do muriaé,RJ,-21.210893,-42.118541,N
7638,28360,bom jesus do itabapoana,RJ,-21.134261,-41.676563,N
7639,28368,calheiros,RJ,-21.016087,-41.716914,N
7640,28372,carabucu,RJ,-21.216201,-41.591651,N
7641,28375,varre-sai,RJ,-20.928433,-41.86769,N
7642,28380,natividade,RJ,-21.044518,-41.975048,N
7643,28388,bom jesus do querendo,RJ,,,N
7644,28390,porciuncula,RJ,-20.966706,-42.041497,N
7645,28396,purilandia,RJ,-20.930129,-41.955755,N
7646,28398,santa clara,RJ,-20.821558,-41.907946,N
7647,28400,sao fidelis,RJ,-21.646291,-41.751335,N
7648,28405,ipuca,RJ,-21.641614,-41.737971,N
7649,28415,pureza,RJ,-21.589666,-41.841311,N
7650,28420,colonia,RJ,-21.676272,-41.877663,N
7651,28425,cambiasca,RJ,-21.71472,-41.925,N
7652,28430,cambuci,RJ,-21.574417,-41.911664,N
7653,28435,tres irmaos,RJ,-21.625645,-41.985196,N
7654,28450,sao joao do paraiso,RJ,-22.281556,-45.103493,N
7655,28455,sao jose de uba,RJ,-21.360194,-41.939935,N
7656,28460,miracema,RJ,-21.411451,-42.196386,N
7657,28463,paraiso do tobias,RJ,-21.429918,-42.101091,N
7658,28470,santo antonio de padua,RJ,-21.55286,-42.196189,N
7659,28490,monte alegre,RJ,-17.618121,-40.360911,N
7660,28495,aperibe,RJ,-21.62583,-42.104891,N
7661,28500,cantagalo,RJ,-21.974364,-42.354218,N
7662,28510,santa rita da floresta,RJ,-15.632864,-43.072636,N
7663,28525,boa sorte,RJ,-21.846855,-42.268627,N
7664,28530,sao sebastiao do paraiba,RJ,,,N
7665,28540,cordeiro,RJ,-22.027257,-42.366261,N
7666,28545,macuco,RJ,-21.984767,-42.252448,N
7667,28550,sao sebastiao do alto,RJ,-21.951503,-42.132038,N
7668,28555,valao do barro,RJ,-22.345767,-41.757679,N
7669,28557,ipituna,RJ,-20.143301,-41.811194,N
7670,28570,itaocara,RJ,-21.678812,-42.085751,N
7671,28575,jaguarembe,RJ,,,N
7672,28580,laranjais,RJ,-22.684215,-43.576811,N
7673,28595,portela,RJ,-15.307156,-38.850531,N
7674,28605,nova friburgo,RJ,-22.269904,-42.519719,N
7675,28610,nova friburgo,RJ,-22.284797,-42.531654,N
7676,28611,nova friburgo,RJ,-22.285311,-42.524152,N
7677,28613,nova friburgo,RJ,-22.288207,-42.531245,N
7678,28614,nova friburgo,RJ,-22.292929,-42.521277,N
7679,28615,nova friburgo,RJ,-22.323795,-42.519731,N
7680,28616,nova friburgo,RJ,-22.315764,-42.421195,N
7681,28617,nova friburgo,RJ,,,N
7682,28620,nova friburgo,RJ,-22.308359,-42.540743,N
7683,28621,nova friburgo,RJ,-22.323429,-42.547614,N
7684,28623,nova friburgo,RJ,-22.301981,-42.537654,N
7685,28625,nova friburgo,RJ,-22.283038,-42.538119,N
7686,28630,nova friburgo,RJ,-22.251294,-42.540627,N
7687,28633,nova friburgo,RJ,-22.238025,-42.525864,N
7688,28634,nova friburgo,RJ,-22.214815,-42.516953,N
7689,28635,nova friburgo,RJ,-22.237701,-42.518754,N
7690,28637,sumidouro,RJ,-22.055331,-42.673564,N
7691,28640,carmo,RJ,-21.932343,-42.607432,N
7692,28644,porto velho do cunha,RJ,-21.824896,-42.548693,N
7693,28650,duas barras,RJ,-22.053061,-42.518798,N
7694,28655,monnerat,RJ,,,N
7695,28660,bom jardim,RJ,-22.159688,-42.416865,N
7696,28662,banquete,RJ,-22.174558,-42.472577,N
7697,28664,sao jose do ribeirao,RJ,-22.205,-42.39806,N
7698,28680,cachoeiras de macacu,RJ,-22.470849,-42.657121,N
7699,28685,japuiba,RJ,-22.562825,-42.694574,N
7700,28695,papucaia,RJ,-22.602307,-42.761426,N
7701,28735,quissama,RJ,-22.109157,-41.470024,N
7702,28740,conceicao de macabu,RJ,-22.088071,-41.867321,N
7703,28750,trajano de moraes,RJ,-22.065708,-42.069759,N
7704,28755,visconde de imbe,RJ,-22.070284,-42.160019,N
7705,28770,santa maria madalena,RJ,-21.959438,-41.999961,N
7706,28779,santa maria madalena,RJ,-21.95588,-42.00791,N
7707,28800,rio bonito,RJ,-22.711928,-42.630041,N
7708,28810,boa esperança,RJ,-22.751923,-42.533557,N
7709,28820,silva jardim,RJ,-22.64305,-42.409444,N
7710,28860,casimiro de abreu,RJ,-22.486125,-42.193171,N
7711,28880,barra de sao joao,RJ,-22.57596,-41.988649,N
7712,28890,rio das ostras,RJ,-22.536354,-41.966577,N
7713,28891,rio das ostras,RJ,-22.530168,-41.983874,N
7714,28892,rio das ostras,RJ,-22.430659,-41.990133,N
7715,28893,rio das ostras,RJ,-22.523467,-41.945625,N
7716,28894,rio das ostras,RJ,-22.514343,-41.948844,N
7717,28895,rio das ostras,RJ,-22.507679,-41.924925,N
7718,28896,rio das ostras,RJ,-22.507588,-41.931427,N
7719,28897,rio das ostras,RJ,-22.493271,-41.912841,N
7720,28898,rio das ostras,RJ,-22.449136,-41.869546,N
7721,28899,rio das ostras,RJ,-22.476724,-41.90805,N
7722,28900,cabo frio,RJ,-22.672249,-42.006488,N
7723,28905,cabo frio,RJ,-22.883918,-42.025568,N
7724,28906,cabo frio,RJ,-22.877917,-42.01063,N
7725,28907,cabo frio,RJ,-22.880501,-42.019624,N
7726,28908,cabo frio,RJ,-22.893977,-42.0333,N
7727,28909,cabo frio,RJ,-22.893975,-42.044476,N
7728,28910,cabo frio,RJ,-22.880928,-42.03732,N
7729,28911,cabo frio,RJ,-22.878735,-42.044686,N
7730,28912,cabo frio,RJ,-22.848422,-42.042697,N
7731,28913,cabo frio,RJ,-22.844165,-42.031414,N
7732,28915,cabo frio,RJ,-22.864303,-42.026913,N
7733,28920,cabo frio,RJ,-22.833161,-42.024833,N
7734,28921,cabo frio,RJ,-22.833505,-42.009656,N
7735,28922,cabo frio,RJ,-22.858355,-42.007889,N
7736,28923,cabo frio,RJ,-22.82126,-41.995753,N
7737,28924,cabo frio,RJ,-22.850699,-42.005001,N
7738,28925,cabo frio,RJ,-22.652414,-42.006006,N
7739,28926,cabo frio,RJ,-22.640053,-42.005474,N
7740,28927,cabo frio,RJ,-22.626446,-42.006449,N
7741,28928,cabo frio,RJ,-22.680241,-42.008265,N
7742,28929,cabo frio,RJ,-22.750238,-42.011591,N
7743,28930,arraial do cabo,RJ,-22.963566,-42.050651,N
7744,28940,são pedro da aldeia,RJ,-22.837045,-42.112126,N
7745,28941,sao pedro da aldeia,RJ,-22.80981,-42.164405,N
7746,28942,sao pedro da aldeia,RJ,-22.841539,-42.11698,N
7747,28943,sao pedro da aldeia,RJ,-22.853851,-42.060538,N
7748,28944,sao pedro da aldeia,RJ,-22.809317,-42.141311,N
7749,28945,sao pedro da aldeia,RJ,-19.943343,-43.935855,N
7750,28948,sao pedro da aldeia,RJ,-22.815356,-42.111726,N
7751,28949,sao pedro da aldeia,RJ,-22.832225,-42.142327,N
7752,28950,armacao dos buzios,RJ,-22.766572,-41.908675,N
7753,28960,iguaba grande,RJ,-22.839227,-42.222069,N
7754,28970,araruama,RJ,-22.869657,-42.321415,N
7755,28980,araruama,RJ,-22.726613,-42.292037,N
7756,28990,saquarema,RJ,-22.923757,-42.50448,N
7757,28991,saquarema,RJ,-22.912694,-42.476505,N
7758,28992,saquarema,RJ,-22.904269,-42.420472,N
7759,28993,bacaxa,RJ,-22.893316,-42.470007,N
7760,28994,saquarema,RJ,-22.896109,-42.469198,N
7761,28995,saquarema,RJ,-22.879979,-42.473921,N
7762,28997,sampaio correia,RJ,-22.85991,-42.596001,N
7763,28998,saquarema,RJ,-22.882719,-42.599654,N
7764,28999,saquarema,RJ,-22.926639,-42.602315,N
7765,29001,vitoria,ES,-20.321807,-40.338612,N
7766,29010,vitoria,ES,-20.320039,-40.332922,N
7767,29014,vitoria,ES,-20.318701,-40.330562,N
7768,29015,vitoria,ES,-20.317872,-40.33755,N
7769,29016,vitoria,ES,-20.317915,-40.33626,N
7770,29017,vitoria,ES,-20.317164,-40.32407,N
7771,29018,vitoria,ES,-20.318843,-40.341566,N
7772,29020,vitoria,ES,-20.320846,-40.346208,N
7773,29023,vitoria,ES,-20.297021,-40.347271,N
7774,29024,vitoria,ES,-20.290342,-40.341254,N
7775,29025,vitoria,ES,-20.316142,-40.352222,N
7776,29026,vitoria,ES,-20.309797,-40.352024,N
7777,29027,vitoria,ES,-20.308507,-40.346335,N
7778,29030,vitória,ES,-20.283,-40.336418,N
7779,29031,vitoria,ES,-20.282583,-40.3306,N
7780,29032,vitoria,ES,-20.252615,-40.319583,N
7781,29033,vitória,ES,-20.278734,-40.329834,N
7782,29040,vitoria,ES,-20.309547,-40.319158,N
7783,29041,vitoria,ES,-20.311775,-40.320027,N
7784,29042,vitoria,ES,-20.304593,-40.320575,N
7785,29043,vitoria,ES,-20.296207,-40.320835,N
7786,29045,vitoria,ES,-20.297501,-40.306392,N
7787,29046,vitoria,ES,-20.295308,-40.308437,N
7788,29047,vitoria,ES,-20.29852,-40.309656,N
7789,29048,vitória,ES,-20.289863,-40.315662,N
7790,29050,vitoria,ES,-20.313961,-40.298745,N
7791,29051,vitoria,ES,-20.312716,-40.31899,N
7792,29052,vitoria,ES,-20.312687,-40.297621,N
7793,29053,vitoria,ES,-20.313996,-40.314102,N
7794,29055,vitoria,ES,-20.300615,-40.295028,N
7795,29056,vitoria,ES,-20.304516,-40.299576,N
7796,29057,vitoria,ES,-20.294772,-40.296482,N
7797,29060,vitoria,ES,-20.284593,-40.295405,N
7798,29062,vitoria,ES,-20.277655,-40.29633,N
7799,29065,vitoria,ES,-20.277033,-40.292469,N
7800,29066,vitoria,ES,-20.27579,-40.289206,N
7801,29070,vitória,ES,-20.264137,-40.296286,N
7802,29072,vitoria,ES,-20.25931,-40.294469,N
7803,29075,vitoria,ES,-20.268706,-40.301174,N
7804,29090,vitoria,ES,-20.258921,-40.267568,N
7805,29092,vitoria,ES,-20.247693,-40.271588,N
7806,29100,vila velha,ES,-20.339596,-40.295493,N
7807,29101,vila velha,ES,-20.34503,-40.287904,N
7808,29102,vila velha,ES,-20.37128,-40.307218,N
7809,29103,vila velha,ES,-20.384654,-40.323728,N
7810,29104,vila velha,ES,-20.366702,-40.317189,N
7811,29105,vila velha,ES,-20.378658,-40.319501,N
7812,29106,vila velha,ES,-20.349804,-40.306736,N
7813,29107,vila velha,ES,-20.354059,-40.301289,N
7814,29108,vila velha,ES,-20.35546,-40.314147,N
7815,29109,vila velha,ES,-20.355242,-40.314332,N
7816,29110,vila velha,ES,-20.351004,-40.321209,N
7817,29111,vila velha,ES,-20.350965,-40.353536,N
7818,29112,vila velha,ES,-20.362258,-40.354059,N
7819,29113,vila velha,ES,-20.377732,-40.350479,N
7820,29114,vila velha,ES,-20.331616,-40.342523,N
7821,29115,vila velha,ES,-20.335473,-40.331228,N
7822,29116,vila velha,ES,-20.342512,-40.337662,N
7823,29117,vila velha,ES,-20.343795,-40.345119,N
7824,29118,vila velha,ES,-20.348019,-40.33732,N
7825,29119,vila velha,ES,-20.350384,-40.323163,N
7826,29120,vila velha,ES,-20.351464,-40.319965,N
7827,29121,vila velha,ES,-20.338207,-40.319029,N
7828,29122,vila velha,ES,-20.339044,-40.309098,N
7829,29124,vila velha,ES,-20.440678,-40.342596,N
7830,29125,vila velha,ES,-20.426917,-40.327218,N
7831,29126,vila velha,ES,-20.411801,-40.337562,N
7832,29127,vila velha,ES,-20.444426,-40.357302,N
7833,29128,vila velha,ES,-20.509578,-40.373631,N
7834,29129,vila velha,ES,-20.507554,-40.361117,N
7835,29130,viana,ES,-20.389281,-40.490187,N
7836,29131,viana,ES,-20.421385,-40.460393,N
7837,29132,vila velha,ES,-20.390537,-40.474482,N
7838,29134,viana,ES,-20.355163,-40.431232,N
7839,29135,viana,ES,-20.351385,-40.428428,N
7840,29136,viana,ES,-20.36426,-40.421065,N
7841,29137,viana,ES,-20.36891,-40.424591,N
7842,29138,viana,ES,-20.370296,-40.416449,N
7843,29140,cariacica,ES,-20.341071,-40.364442,N
7844,29141,cariacica,ES,-20.353042,-40.372988,N
7845,29142,cariacica,ES,-20.363602,-40.374625,N
7846,29143,cariacica,ES,-20.349877,-40.384016,N
7847,29144,cariacica,ES,-20.347322,-40.395442,N
7848,29145,cariacica,ES,-20.348482,-40.394248,N
7849,29146,cariacica,ES,-20.340521,-40.384898,N
7850,29147,cariacica,ES,-20.335926,-40.389954,N
7851,29148,cariacica,ES,-20.334679,-40.400491,N
7852,29149,cariacica,ES,-20.330133,-40.390431,N
7853,29150,cariacica,ES,-20.322476,-40.377628,N
7854,29151,cariacica,ES,-20.328602,-40.369416,N
7855,29152,cariacica,ES,-20.317001,-40.37232,N
7856,29153,cariacica,ES,-20.306453,-40.370936,N
7857,29154,cariacica,ES,-20.309417,-40.391153,N
7858,29155,cariacica,ES,-20.292481,-40.384031,N
7859,29156,cariacica,ES,-20.278513,-40.411675,N
7860,29157,cariacica,ES,-20.26441,-40.389538,N
7861,29158,cariacica,ES,-20.31255,-40.400001,N
7862,29160,serra,ES,-20.236215,-40.272037,N
7863,29161,serra,ES,-20.22398,-40.275819,N
7864,29162,serra,ES,-20.19698,-40.271118,N
7865,29163,serra,ES,-20.218138,-40.242972,N
7866,29164,serra,ES,-20.211685,-40.239619,N
7867,29165,serra,ES,-20.199186,-40.25774,N
7868,29166,serra,ES,-20.18808,-40.241698,N
7869,29167,serra,ES,-20.179524,-40.258322,N
7870,29168,serra,ES,-20.158473,-40.246096,N
7871,29169,serra,ES,-20.15016,-40.265068,N
7872,29170,serra,ES,-20.154331,-40.26898,N
7873,29171,serra,ES,-20.138476,-40.247794,N
7874,29172,serra,ES,-20.171285,-40.204567,N
7875,29173,serra,ES,-20.158689,-40.192149,N
7876,29174,serra,ES,-20.06421,-40.182974,N
7877,29175,serra,ES,-20.140216,-40.193582,N
7878,29176,serra,ES,-20.135144,-40.29982,N
7879,29177,serra,ES,-20.121546,-40.305979,N
7880,29178,serra,ES,-20.135904,-40.298375,N
7881,29179,serra,ES,-20.117365,-40.293098,N
7882,29180,serra,ES,-20.072018,-40.362168,N
7883,29182,serra,ES,-20.064542,-40.202262,N
7884,29185,fundao,ES,-19.94416,-40.384499,N
7885,29187,praia grande,ES,-20.039269,-40.187137,N
7886,29190,aracruz,ES,-19.822569,-40.271083,N
7887,29192,aracruz,ES,-19.83526,-40.26155,N
7888,29193,aracruz,ES,-19.831754,-40.272475,N
7889,29194,aracruz,ES,-19.824159,-40.264299,N
7890,29195,coqueiral,ES,-19.93011,-40.153651,N
7891,29196,aracruz,ES,,,N
7892,29197,aracruz,ES,-19.822251,-40.063034,N
7893,29198,aracruz,ES,-19.895311,-40.099101,N
7894,29199,aracruz,ES,-19.92701,-40.143464,N
7895,29200,guarapari,ES,-20.672233,-40.500025,N
7896,29201,guarapari,ES,-20.681936,-40.509124,N
7897,29202,guarapari,ES,-20.672116,-40.517005,N
7898,29203,guarapari,ES,-20.676391,-40.517395,N
7899,29206,guarapari,ES,-20.717238,-40.524274,N
7900,29208,guarapari,ES,-20.682437,-40.519201,N
7901,29209,guarapari,ES,-20.731312,-40.552749,N
7902,29210,guarapari,ES,-20.665295,-40.507247,N
7903,29211,guarapari,ES,-20.644046,-40.512755,N
7904,29212,guarapari,ES,-20.641716,-40.515124,N
7905,29213,guarapari,ES,-20.640761,-40.508994,N
7906,29214,guarapari,ES,-20.656696,-40.505744,N
7907,29215,guarapari,ES,-20.660217,-40.498563,N
7908,29216,guarapari,ES,-20.652999,-40.487078,N
7909,29217,guarapari,ES,-20.654321,-40.490212,N
7910,29220,guarapari,ES,-20.62807,-40.476216,N
7911,29221,guarapari,ES,-20.618916,-40.456451,N
7912,29222,guarapari,ES,-20.642419,-40.500067,N
7913,29227,guarapari,ES,-20.648084,-40.490802,N
7914,29230,anchieta,ES,-20.800378,-40.64885,N
7915,29240,alfredo chaves,ES,-20.627032,-40.749311,N
7916,29255,marechal floriano,ES,-20.415509,-40.689013,N
7917,29258,araguaia,ES,-20.415509,-40.644118,N
7918,29260,domingos martins,ES,-20.354207,-40.703285,N
7919,29263,isabel,ES,-20.373783,-40.563102,N
7920,29273,domingos martins,ES,-20.340183,-40.73168,N
7921,29278,arace,ES,-20.010857,-40.798465,N
7922,29280,iconha,ES,-20.789299,-40.813398,N
7923,29285,piuma,ES,-20.839949,-40.734411,N
7924,29290,rio novo do sul,ES,-20.860485,-40.93526,N
7925,29295,vargem alta,ES,-20.644843,-41.00717,N
7926,29297,jacigua,ES,-20.706822,-41.017128,N
7927,29300,cachoeiro de itapemirim,ES,-20.84746,-41.120058,N
7928,29301,cachoeiro de itapemirim,ES,-20.841776,-41.129024,N
7929,29302,cachoeiro de itapemirim,ES,-20.849378,-41.129327,N
7930,29303,cachoeiro de itapemirim,ES,-20.852955,-41.118207,N
7931,29304,cachoeiro de itapemirim,ES,-20.85865,-41.116882,N
7932,29305,cachoeiro de itapemirim,ES,-20.855269,-41.10871,N
7933,29306,cachoeiro de itapemirim,ES,-20.850773,-41.105805,N
7934,29307,cachoeiro de itapemirim,ES,-20.84473,-41.11075,N
7935,29308,cachoeiro de itapemirim,ES,-20.842527,-41.118888,N
7936,29309,cachoeiro de itapemirim,ES,-20.83724,-41.117138,N
7937,29310,cachoeiro de itapemirim,ES,-20.844051,-41.139718,N
7938,29311,cachoeiro de itapemirim,ES,-20.845737,-41.144435,N
7939,29312,cachoeiro de itapemirim,ES,-20.848884,-41.153055,N
7940,29313,cachoeiro de itapemirim,ES,-20.832321,-41.15726,N
7941,29314,cachoeiro de itapemirim,ES,-20.844072,-41.15351,N
7942,29315,cachoeiro de itapemirim,ES,-20.847164,-41.154846,N
7943,29316,cachoeiro de itapemirim,ES,-20.847149,-41.112946,N
7944,29317,cachoeiro de itapemirim,ES,-20.847118,-41.139747,N
7945,29321,vargem grande do soturno,ES,-20.988488,-42.237273,N
7946,29323,pacotuba,ES,-20.762729,-41.271606,N
7947,29325,itaoca,ES,-20.725831,-41.134005,N
7948,29327,burarama,ES,-20.102757,-40.562649,N
7949,29328,corrego dos monos,ES,-20.88333,-41.2,N
7950,29329,conduru,ES,-20.687704,-41.201952,N
7951,29330,itapemirim,ES,-20.94925,-40.807787,N
7952,29338,itaipava,ES,-20.898324,-40.780249,N
7953,29345,marataizes,ES,-21.032318,-40.822697,N
7954,29350,presidente kennedy,ES,-21.122931,-41.04061,N
7955,29360,castelo,ES,-20.605356,-41.205196,N
7956,29370,conceicao do castelo,ES,-20.361225,-41.249834,N
7957,29375,venda nova do imigrante,ES,-20.338853,-41.132931,N
7958,29378,sao joao de vicosa,ES,-20.336688,-41.185111,N
7959,29380,muniz freire,ES,-20.462509,-41.414686,N
7960,29386,muniz freire,ES,-20.335973,-41.390488,N
7961,29390,iuna,ES,-20.349112,-41.53373,N
7962,29395,ibatiba,ES,-20.233855,-41.506818,N
7963,29398,irupi,ES,-20.345804,-41.640942,N
7964,29400,mimoso do sul,ES,-21.061571,-41.362964,N
7965,29420,sao jose das torres,ES,-19.900436,-43.99903,N
7966,29450,apiaca,ES,-21.153323,-41.567431,N
7967,29460,bom jesus do norte,ES,-21.126568,-41.672806,N
7968,29470,sao jose do calcado,ES,-21.020279,-41.653128,N
7969,29475,alto calcado,ES,-20.94611,-41.62,N
7970,29480,muqui,ES,-20.952065,-41.342187,N
7971,29490,atilio vivacqua,ES,-20.925148,-41.196494,N
7972,29500,alegre,ES,-20.760206,-41.535163,N
7973,29510,celina,ES,-19.851582,-40.570722,N
7974,29515,cafe,ES,-20.771506,-41.535607,N
7975,29520,rive,ES,-20.756742,-41.459312,N
7976,29540,ibitirama,ES,-20.537112,-41.665258,N
7977,29550,jeronimo monteiro,ES,-20.791387,-41.392079,N
7978,29560,guacui,ES,-20.772595,-41.675034,N
7979,29564,são pedro de rates,ES,-20.78111,-41.80056,N
7980,29580,dores do rio preto,ES,-20.682767,-41.842746,N
7981,29590,divino de sao lourenco,ES,-20.611674,-41.694665,N
7982,29600,afonso cláudio,ES,-20.076822,-41.123711,N
7983,29609,afonso claudio,ES,-20.078934,-41.124294,N
7984,29615,laranja da terra,ES,-19.893031,-41.057974,N
7985,29619,laranja da terra,ES,-19.82528,-41.11111,N
7986,29620,itarana,ES,-19.877318,-40.874205,N
7987,29630,brejetuba,ES,-20.147687,-41.291586,N
7988,29640,santa leopoldina,ES,-20.100361,-40.532089,N
7989,29645,santa maria de jetiba,ES,-20.031391,-40.751169,N
7990,29650,santa teresa,ES,-19.942771,-40.60647,N
7991,29654,santo antonio do canaa,ES,2.85453,-70.3152,N
7992,29660,santa teresa,ES,-19.879861,-40.62674,N
7993,29665,sao roque do canaa,ES,-19.739304,-40.663229,N
7994,29670,ibiracu,ES,-19.831593,-40.370126,N
7995,29680,joao neiva,ES,-19.751007,-40.386673,N
7996,29687,acioli,ES,-19.655909,-40.463365,N
7997,29690,itaguacu,ES,-19.792992,-40.853919,N
7998,29695,itaimbe,ES,-19.664696,-40.836506,N
7999,29700,colatina,ES,-19.539302,-40.625951,N
8000,29701,colatina,ES,-19.540749,-40.628838,N
8001,29702,colatina,ES,-19.545517,-40.634134,N
8002,29703,colatina,ES,-19.52371,-40.639323,N
8003,29704,colatina,ES,-19.526644,-40.662432,N
8004,29705,colatina,ES,-19.510822,-40.633102,N
8005,29706,colatina,ES,-19.521178,-40.646884,N
8006,29707,colatina,ES,-19.541957,-40.643277,N
8007,29708,colatina,ES,-19.546341,-40.623146,N
8008,29709,colatina,ES,-19.520242,-40.684737,N
8009,29712,colatina,ES,-19.525671,-40.5701,N
8010,29714,colatina,ES,-19.545996,-40.633042,N
8011,29718,angelo frechiani,ES,,,N
8012,29720,governador lindenberg,ES,-19.252721,-40.460991,N
8013,29724,novo brasil,ES,-19.249397,-40.518293,N
8014,29725,marilândia,ES,-19.412026,-40.542939,N
8015,29730,baixo guandu,ES,-19.512569,-41.012926,N
8016,29735,quilometro 14 do mutum,ES,-19.39859,-40.905291,N
8017,29737,alto mutum preto,ES,-19.275,-40.9075,N
8018,29745,são domingos do norte,ES,-19.138753,-40.615545,N
8019,29750,pancas,ES,-19.195901,-40.846166,N
8020,29752,vila verde,ES,-18.972757,-40.873195,N
8021,29755,lajinha,ES,-19.444549,-41.015225,N
8022,29760,alto rio novo,ES,-19.058222,-41.018798,N
8023,29770,mantenopolis,ES,-18.863693,-41.118759,N
8024,29772,santa luzia de mantenopolis,ES,-18.884935,-41.01555,N
8025,29780,sao gabriel da palha,ES,-19.017539,-40.537255,N
8026,29785,vila valério,ES,-18.994924,-40.383087,N
8027,29795,aguia branca,ES,-18.985716,-40.742271,N
8028,29800,barra de sao francisco,ES,-18.748314,-40.885886,N
8029,29807,monte sinai,ES,-18.586568,-40.887041,N
8030,29815,paulista,ES,-18.66481,-40.794957,N
8031,29820,água doce do norte,ES,-18.543085,-40.984977,N
8032,29822,vila nelita,ES,-18.476714,-41.018778,N
8033,29824,santo agostinho,ES,-18.41278,-41.03667,N
8034,29826,governador lacerda de aguiar,ES,-18.63361,-40.94278,N
8035,29830,nova venecia,ES,-18.706581,-40.406384,N
8036,29843,vila pavao,ES,-18.619934,-40.604154,N
8037,29845,boa esperanca,ES,-18.535837,-40.301313,N
8038,29850,ecoporanga,ES,-18.368816,-40.825974,N
8039,29880,mucurici,ES,-18.08497,-40.521051,N
8040,29884,itabaiana,ES,-12.638524,-37.947255,N
8041,29885,ponto belo,ES,-18.129889,-40.538331,N
8042,29890,montanha,ES,-18.131133,-40.357112,N
8043,29894,vinhatico,ES,-18.198594,-40.263793,N
8044,29900,linhares,ES,-19.394303,-40.067448,N
8045,29901,linhares,ES,-19.398462,-40.057546,N
8046,29902,linhares,ES,-19.380586,-40.062143,N
8047,29903,linhares,ES,-19.392474,-40.048084,N
8048,29904,linhares,ES,-19.375548,-40.057646,N
8049,29905,linhares,ES,-19.364681,-40.052614,N
8050,29906,linhares,ES,-19.355413,-40.053738,N
8051,29907,linhares,ES,-19.375336,-40.071496,N
8052,29908,linhares,ES,-19.349623,-40.050018,N
8053,29909,linhares,ES,-19.299555,-40.066206,N
8054,29913,linhares,ES,-19.408266,-40.0646,N
8055,29918,linhares,ES,-19.391727,-40.061085,N
8056,29920,rio bananal,ES,-19.262419,-40.325325,N
8057,29925,sao jorge do tiradentes,ES,-8.445857,-53.478908,N
8058,29927,sooretama,ES,-19.189128,-40.100861,N
8059,29930,sao mateus,ES,-18.718212,-39.854863,N
8060,29931,são mateus,ES,-18.717483,-39.866028,N
8061,29932,sao mateus,ES,-18.711847,-39.872479,N
8062,29933,sao mateus,ES,-18.719212,-39.847888,N
8063,29934,sao mateus,ES,-18.718329,-39.838595,N
8064,29936,sao mateus,ES,-18.72977,-39.847884,N
8065,29937,sao mateus,ES,-18.732788,-39.842359,N
8066,29938,sao mateus,ES,-18.726016,-39.855779,N
8067,29940,sao mateus,ES,-18.719149,-39.874049,N
8068,29941,sao mateus,ES,-18.717774,-39.874246,N
8069,29942,sao mateus,ES,-18.726388,-39.86738,N
8070,29943,sao mateus,ES,-18.722186,-39.917745,N
8071,29944,sao mateus,ES,-18.773464,-39.755005,N
8072,29945,sao mateus,ES,-18.740364,-39.754691,N
8073,29946,sao mateus,ES,-18.733587,-39.77299,N
8074,29949,sao mateus,ES,,,N
8075,29950,jaguare,ES,-18.908355,-40.075867,N
8076,29960,conceição da barra,ES,-18.576966,-39.737575,N
8077,29965,itaunas,ES,-18.418738,-39.708064,N
8078,29967,braco do rio,ES,-19.245934,-40.091153,N
8079,29970,pedro canario,ES,-18.293164,-39.958585,N
8080,29978,cristal do norte,ES,-18.089158,-40.109599,N
8081,29980,pinheiros,ES,-18.410899,-40.219402,N
8082,29985,sao joao do sobrado,ES,-18.320978,-40.405721,N
8083,30001,belo horizonte,MG,-19.923989,-43.935706,N
8084,30035,belo horizonte,MG,-19.901155,-43.918429,N
8085,30108,belo horizonte,MG,-18.99191,-49.450676,N
8086,30110,belo horizonte,MG,-19.929476,-43.936924,N
8087,30111,belo horizonte,MG,-19.917826,-43.942418,N
8088,30112,belo horizonte,MG,-19.937177,-43.935649,N
8089,30120,belo horizonte,MG,-19.918527,-43.93989,N
8090,30130,belo horizonte,MG,-19.931856,-43.932647,N
8091,30140,belo horizonte,MG,-19.931049,-43.936033,N
8092,30150,belo horizonte,MG,-19.925953,-43.927001,N
8093,30160,belo horizonte,MG,-19.9275,-43.939575,N
8094,30166,belo horizonte,MG,-19.926232,-43.937793,N
8095,30170,belo horizonte,MG,-19.927104,-43.944964,N
8096,30171,belo horizonte,MG,-19.923999,-43.94436,N
8097,30180,belo horizonte,MG,-19.92641,-43.945864,N
8098,30186,belo horizonte,MG,-19.908058,-43.883818,N
8099,30190,belo horizonte,MG,-19.92464,-43.946122,N
8100,30210,belo horizonte,MG,-19.950788,-43.918388,N
8101,30220,belo horizonte,MG,-19.940115,-43.91958,N
8102,30230,belo horizonte,MG,-19.928757,-43.911598,N
8103,30240,belo horizonte,MG,-19.929634,-43.917779,N
8104,30250,belo horizonte,MG,-19.927922,-43.921733,N
8105,30260,belo horizonte,MG,-19.924397,-43.911783,N
8106,30270,belo horizonte,MG,-19.921343,-43.906158,N
8107,30280,belo horizonte,MG,-19.908088,-43.904395,N
8108,30285,belo horizonte,MG,-19.916749,-43.90183,N
8109,30286,belo horizonte,MG,-19.92656,-43.925785,N
8110,30290,belo horizonte,MG,-19.919022,-43.883152,N
8111,30295,belo horizonte,MG,-19.913677,-43.883483,N
8112,30310,belo horizonte,MG,-19.946634,-43.928523,N
8113,30315,belo horizonte,MG,-19.953803,-43.930904,N
8114,30320,belo horizonte,MG,-19.967129,-43.939936,N
8115,30328,belo horizonte,MG,-19.969886,-43.942399,N
8116,30330,belo horizonte,MG,-19.944898,-43.939585,N
8117,30335,belo horizonte,MG,-19.925068,-43.938429,N
8118,30350,belo horizonte,MG,-19.948076,-43.947618,N
8119,30360,belo horizonte,MG,-19.964443,-43.948558,N
8120,30380,belo horizonte,MG,-19.945831,-43.952596,N
8121,30390,belo horizonte,MG,-19.992762,-43.96636,N
8122,30410,belo horizonte,MG,-19.923928,-43.968207,N
8123,30411,belo horizonte,MG,-19.926104,-43.966235,N
8124,30420,belo horizonte,MG,-19.930813,-43.998936,N
8125,30421,belo horizonte,MG,-19.937106,-43.97631,N
8126,30430,belo horizonte,MG,-19.933505,-43.962289,N
8127,30431,belo horizonte,MG,-19.935487,-43.96685,N
8128,30441,belo horizonte,MG,-19.937128,-43.957722,N
8129,30451,belo horizonte,MG,-19.932594,-43.962658,N
8130,30455,belo horizonte,MG,-19.969341,-43.961468,N
8131,30460,belo horizonte,MG,-19.942315,-43.972362,N
8132,30480,belo horizonte,MG,-19.928284,-43.975169,N
8133,30490,belo horizonte,MG,-19.951509,-43.9749,N
8134,30492,belo horizonte,MG,-19.969152,-43.96739,N
8135,30493,belo horizonte,MG,-19.973204,-43.964839,N
8136,30494,belo horizonte,MG,-19.96006,-43.961648,N
8137,30510,belo horizonte,MG,-19.938244,-43.992257,N
8138,30512,belo horizonte,MG,-19.94314,-44.000122,N
8139,30514,belo horizonte,MG,-19.952266,-43.992365,N
8140,30516,belo horizonte,MG,-19.95164,-43.990147,N
8141,30518,belo horizonte,MG,-19.95245,-44.003255,N
8142,30520,belo horizonte,MG,-19.940411,-44.018452,N
8143,30525,belo horizonte,MG,-19.934237,-44.013983,N
8144,30530,belo horizonte,MG,-19.929317,-44.000125,N
8145,30532,belo horizonte,MG,-19.939031,-44.004111,N
8146,30535,belo horizonte,MG,-19.923885,-43.991459,N
8147,30540,belo horizonte,MG,-19.962974,-43.995197,N
8148,30550,belo horizonte,MG,-19.943615,-43.981847,N
8149,30555,belo horizonte,MG,-19.953865,-43.977657,N
8150,30570,belo horizonte,MG,-19.958061,-43.978911,N
8151,30575,belo horizonte,MG,-19.973801,-43.97264,N
8152,30580,belo horizonte,MG,-19.962205,-43.987191,N
8153,30590,belo horizonte,MG,-19.962329,-43.993601,N
8154,30610,belo horizonte,MG,-19.962987,-44.003135,N
8155,30620,belo horizonte,MG,-19.983319,-44.001374,N
8156,30622,belo horizonte,MG,-19.987746,-43.991493,N
8157,30624,belo horizonte,MG,-19.995833,-43.996783,N
8158,30626,belo horizonte,MG,-20.001771,-44.0102,N
8159,30627,belo horizonte,MG,-19.995354,-44.020444,N
8160,30628,belo horizonte,MG,-20.000018,-43.995099,N
8161,30640,belo horizonte,MG,-19.977377,-44.020641,N
8162,30642,belo horizonte,MG,-19.983132,-44.012224,N
8163,30644,belo horizonte,MG,-19.989981,-44.013182,N
8164,30660,belo horizonte,MG,-19.985952,-44.024958,N
8165,30662,belo horizonte,MG,-19.985612,-44.041192,N
8166,30664,belo horizonte,MG,-20.001275,-44.036829,N
8167,30666,belo horizonte,MG,-20.010274,-44.030732,N
8168,30668,belo horizonte,MG,-20.000857,-44.028907,N
8169,30670,belo horizonte,MG,-20.002546,-44.021351,N
8170,30672,belo horizonte,MG,-20.025058,-44.069057,N
8171,30686,belo horizonte,MG,-19.996132,-44.033213,N
8172,30690,belo horizonte,MG,-19.977665,-44.049697,N
8173,30692,belo horizonte,MG,-19.986748,-44.048598,N
8174,30710,belo horizonte,MG,-19.91338,-43.958702,N
8175,30720,belo horizonte,MG,-19.914323,-43.975703,N
8176,30730,belo horizonte,MG,-19.915305,-43.986883,N
8177,30750,belo horizonte,MG,-19.900091,-43.978118,N
8178,30760,belo horizonte,MG,-19.908098,-43.961818,N
8179,30770,belo horizonte,MG,-19.906487,-43.970785,N
8180,30775,belo horizonte,MG,-19.896491,-43.968757,N
8181,30810,belo horizonte,MG,-19.897717,-43.985176,N
8182,30820,belo horizonte,MG,-19.905928,-43.996784,N
8183,30830,belo horizonte,MG,-19.902539,-44.003285,N
8184,30840,belo horizonte,MG,-19.890278,-43.999366,N
8185,30850,belo horizonte,MG,-19.920046,-44.004051,N
8186,30855,belo horizonte,MG,-19.922115,-44.013582,N
8187,30860,belo horizonte,MG,-19.919124,-44.009741,N
8188,30865,belo horizonte,MG,-19.913434,-44.021664,N
8189,30870,belo horizonte,MG,-19.906858,-44.008973,N
8190,30880,belo horizonte,MG,-19.902438,-44.01672,N
8191,30881,belo horizonte,MG,-19.895534,-44.015475,N
8192,30882,belo horizonte,MG,-19.88162,-44.009341,N
8193,31010,belo horizonte,MG,-19.915081,-43.917558,N
8194,31015,belo horizonte,MG,-19.911128,-43.925737,N
8195,31030,belo horizonte,MG,-19.906121,-43.923704,N
8196,31035,belo horizonte,MG,-19.898269,-43.92057,N
8197,31050,belo horizonte,MG,-19.89857,-43.895245,N
8198,31060,belo horizonte,MG,-19.893941,-43.903856,N
8199,31070,belo horizonte,MG,-19.88861,-43.898059,N
8200,31080,belo horizonte,MG,-19.884867,-43.909297,N
8201,31110,belo horizonte,MG,-19.904918,-43.936892,N
8202,31130,belo horizonte,MG,-19.891962,-43.942381,N
8203,31140,belo horizonte,MG,-19.894574,-43.931235,N
8204,31150,belo horizonte,MG,-19.879678,-43.943732,N
8205,31155,belo horizonte,MG,-19.873055,-43.937866,N
8206,31160,belo horizonte,MG,-19.878923,-43.931505,N
8207,31170,belo horizonte,MG,-19.886507,-43.923857,N
8208,31210,belo horizonte,MG,-19.906712,-43.948897,N
8209,31230,belo horizonte,MG,-19.89744,-43.957178,N
8210,31235,belo horizonte,MG,-19.89218,-43.954599,N
8211,31250,belo horizonte,MG,-19.88662,-43.959004,N
8212,31255,belo horizonte,MG,-19.869495,-43.950944,N
8213,31260,belo horizonte,MG,-19.860207,-43.940735,N
8214,31270,belo horizonte,MG,-19.859624,-43.955602,N
8215,31275,belo horizonte,MG,-19.858656,-43.96707,N
8216,31310,belo horizonte,MG,-19.8734,-43.982326,N
8217,31320,belo horizonte,MG,-19.885361,-43.983905,N
8218,31330,belo horizonte,MG,-19.877827,-43.995421,N
8219,31340,belo horizonte,MG,-19.864774,-43.989622,N
8220,31360,belo horizonte,MG,-19.872869,-44.010366,N
8221,31365,belo horizonte,MG,-19.866057,-44.000745,N
8222,31370,belo horizonte,MG,-19.846612,-44.006361,N
8223,31510,belo horizonte,MG,-19.814336,-43.965577,N
8224,31515,belo horizonte,MG,-19.823295,-43.961246,N
8225,31520,belo horizonte,MG,-19.819517,-43.968826,N
8226,31525,belo horizonte,MG,-19.825924,-43.972411,N
8227,31530,belo horizonte,MG,-19.826399,-43.979838,N
8228,31535,belo horizonte,MG,-19.814724,-43.981023,N
8229,31540,belo horizonte,MG,-19.828701,-43.989077,N
8230,31545,belo horizonte,MG,-19.835328,-44.004145,N
8231,31550,belo horizonte,MG,-19.839839,-43.985937,N
8232,31555,belo horizonte,MG,-19.841601,-43.980222,N
8233,31560,belo horizonte,MG,-19.8385,-43.974412,N
8234,31565,belo horizonte,MG,-19.8339,-43.96679,N
8235,31570,belo horizonte,MG,-19.807681,-43.980427,N
8236,31573,belo horizonte,MG,-19.810952,-43.989987,N
8237,31575,belo horizonte,MG,-19.805736,-43.996402,N
8238,31578,belo horizonte,MG,-19.813581,-44.002086,N
8239,31580,belo horizonta,MG,-19.822347,-43.997808,N
8240,31585,belo horizonte,MG,-19.824128,-44.006644,N
8241,31610,belo horizonte,MG,-19.812834,-43.95415,N
8242,31615,belo horizonte,MG,-19.80724,-43.962213,N
8243,31620,belo horizonte,MG,-19.802374,-43.967066,N
8244,31630,belo horizonte,MG,-19.80111,-43.956534,N
8245,31640,belo horizonte,MG,-19.805298,-43.973799,N
8246,31650,belo horizonte,MG,-19.815881,-43.965469,N
8247,31652,belo horizonte,MG,-19.798264,-43.977048,N
8248,31655,belo horizonte,MG,-19.789356,-43.984638,N
8249,31660,belo horizonte,MG,-19.807439,-43.98486,N
8250,31680,belo horizonte,MG,-19.800417,-43.994699,N
8251,31710,belo horizonte,MG,-19.840042,-43.959339,N
8252,31720,belo horizonte,MG,-19.832231,-43.952956,N
8253,31725,belo horizonte,MG,-19.83982,-43.944875,N
8254,31730,belo horizonte,MG,-19.836058,-43.945382,N
8255,31741,belo horizonte,MG,-19.845203,-43.941653,N
8256,31742,belo horizonte,MG,-19.83036,-43.936951,N
8257,31744,belo horizonte,MG,-19.832786,-43.949572,N
8258,31746,belo horizonte,MG,-19.810346,-43.93557,N
8259,31748,belo horizonte,MG,-19.80379,-43.939528,N
8260,31749,belo horizonte,MG,-19.840833,-43.972983,N
8261,31760,belo horizonte,MG,-19.835798,-43.939785,N
8262,31765,belo horizonte,MG,-19.831085,-43.935658,N
8263,31785,belo horizonte,MG,-19.80527,-43.940679,N
8264,31810,belo horizonte,MG,-19.860066,-43.93074,N
8265,31812,belo horizonte,MG,-19.853541,-43.931851,N
8266,31814,belo horizonte,MG,-19.850843,-43.925248,N
8267,31820,belo horizonte,MG,-19.899635,-44.002399,N
8268,31840,belo horizonte,MG,-19.841081,-43.927197,N
8269,31842,belo horizonte,MG,-19.837682,-43.924053,N
8270,31844,belo horizonte,MG,-19.838414,-43.915671,N
8271,31845,belo horizonte,MG,-19.850146,-43.916875,N
8272,31846,belo horizonte,MG,-19.833513,-43.911325,N
8273,31870,belo horizonte,MG,-19.843643,-43.904064,N
8274,31872,belo horizonte,MG,-19.825436,-43.897923,N
8275,31910,belo horizonte,MG,-19.869928,-43.919706,N
8276,31920,belo horizonte,MG,-19.870855,-43.912558,N
8277,31930,belo horizonte,MG,-19.864279,-43.908424,N
8278,31950,belo horizonte,MG,-19.867541,-43.899484,N
8279,31960,belo horizonte,MG,-19.862009,-43.902436,N
8280,31970,belo horizonte,MG,-19.857592,-43.885869,N
8281,31975,belo horizonte,MG,-19.851103,-43.885838,N
8282,31980,belo horizonte,MG,-19.854615,-43.91474,N
8283,31985,belo horizonte,MG,-19.854065,-43.905256,N
8284,31990,belo horizonte,MG,-19.854312,-43.898331,N
8285,31995,belo horizonte,MG,-19.840811,-43.894426,N
8286,31998,belo horizonte,MG,-19.843208,-43.875287,N
8287,32010,contagem,MG,-19.933045,-44.077644,N
8288,32013,contagem,MG,-19.92548,-44.085708,N
8289,32015,contagem,MG,-19.923582,-44.091846,N
8290,32016,contagem,MG,-19.926389,-44.094038,N
8291,32017,contagem,MG,-19.91131,-44.084824,N
8292,32020,contagem,MG,-19.911367,-44.0742,N
8293,32025,contagem,MG,-19.913115,-44.098967,N
8294,32040,contagem,MG,-19.915129,-44.071825,N
8295,32041,contagem,MG,-19.911496,-44.074163,N
8296,32042,contagem,MG,-19.901614,-44.07655,N
8297,32043,contagem,MG,-19.899167,-44.085844,N
8298,32044,contagem,MG,-19.892232,-44.095542,N
8299,32046,contagem,MG,-19.878211,-44.089158,N
8300,32050,contagem,MG,-19.831906,-44.144968,N
8301,32051,contagem,MG,-19.840035,-44.127865,N
8302,32052,contagem,MG,-19.896514,-44.086838,N
8303,32055,contagem,MG,-19.857691,-44.144611,N
8304,32060,contagem,MG,-19.864315,-44.116921,N
8305,32062,contagem,MG,-19.860815,-44.109005,N
8306,32065,contagem,MG,-19.897487,-44.130798,N
8307,32070,contagem,MG,-19.914058,-44.10375,N
8308,32071,contagem,MG,-19.908046,-44.09702,N
8309,32072,contagem,MG,-19.928464,-44.112134,N
8310,32073,contagem,MG,-19.928042,-44.116449,N
8311,32110,contagem,MG,-19.884069,-44.022421,N
8312,32113,contagem,MG,-19.882788,-44.03565,N
8313,32115,contagem,MG,-19.893181,-44.027523,N
8314,32140,contagem,MG,-19.89403,-44.042244,N
8315,32141,contagem,MG,-19.892777,-44.0665,N
8316,32143,contagem,MG,-19.911519,-44.042854,N
8317,32145,contagem,MG,-19.885369,-44.047441,N
8318,32146,contagem,MG,-19.881292,-44.056708,N
8319,32150,contagem,MG,-19.89127,-44.055546,N
8320,32152,contagem,MG,-19.888568,-44.081768,N
8321,32180,contagem,MG,-19.867252,-44.029978,N
8322,32181,contagem,MG,-19.897201,-44.034914,N
8323,32183,contagem,MG,-19.863284,-44.039195,N
8324,32185,contagem,MG,-19.847573,-44.02943,N
8325,32186,contagem,MG,-19.852039,-44.020843,N
8326,32187,contagem,MG,-19.848732,-44.038417,N
8327,32210,contagem,MG,-19.950609,-44.028217,N
8328,32215,contagem,MG,-19.962197,-44.017283,N
8329,32220,contagem,MG,-19.965568,-44.024251,N
8330,32223,contagem,MG,-19.962644,-44.037409,N
8331,32230,contagem,MG,-19.970341,-44.035814,N
8332,32235,contagem,MG,-19.976606,-44.036677,N
8333,32240,contagem,MG,-19.956086,-44.052121,N
8334,32241,contagem,MG,-19.967879,-44.054696,N
8335,32242,contagem,MG,-19.971406,-44.063926,N
8336,32250,contagem,MG,-19.921701,-44.090281,N
8337,32260,contagem,MG,-19.954716,-44.038964,N
8338,32265,contagem,MG,-19.952074,-44.044926,N
8339,32280,contagem,MG,-19.947328,-44.057829,N
8340,32285,contagem,MG,-19.93043,-44.070712,N
8341,32310,contagem,MG,-19.938769,-44.038342,N
8342,32315,contagem,MG,-19.941628,-44.041859,N
8343,32340,contagem,MG,-19.939284,-44.051449,N
8344,32341,contagem,MG,-19.9321,-44.053376,N
8345,32342,contagem,MG,-19.9194,-44.052994,N
8346,32370,contagem,MG,-19.928562,-44.035623,N
8347,32371,contagem,MG,-19.926279,-44.035436,N
8348,32372,contagem,MG,-19.920569,-44.02641,N
8349,32400,ibirite,MG,-20.018449,-44.067803,N
8350,32404,ibirite,MG,-20.006971,-44.048958,N
8351,32405,ibirité,MG,-20.024203,-44.040674,N
8352,32407,ibirité,MG,-20.024469,-44.063331,N
8353,32410,ibirite,MG,-20.03833,-44.05872,N
8354,32412,ibirite,MG,-20.029091,-44.065413,N
8355,32415,ibirité,MG,-20.018094,-44.091476,N
8356,32417,ibirite,MG,-20.02075,-44.117785,N
8357,32419,ibirite,MG,-20.013646,-44.070109,N
8358,32420,ibirite,MG,-19.980579,-44.064109,N
8359,32421,ibirité,MG,-20.016042,-44.077869,N
8360,32422,ibirite,MG,-20.005217,-44.075853,N
8361,32423,ibirité,MG,-19.993407,-44.065152,N
8362,32424,ibirite,MG,-19.989347,-44.058955,N
8363,32425,ibirite,MG,-20.003944,-44.062973,N
8364,32430,ibirite,MG,-19.99658,-44.07259,N
8365,32431,ibirite,MG,-20.009974,-44.088777,N
8366,32432,ibirite,MG,-20.000674,-44.086677,N
8367,32440,ibirite,MG,-19.989221,-44.058017,N
8368,32450,sarzedo,MG,-20.038321,-44.13892,N
8369,32470,mario campos,MG,-20.058159,-44.178587,N
8370,32553,betim,MG,-19.969714,-44.175587,N
8371,32600,betim,MG,-19.966638,-44.202666,N
8372,32602,betim,MG,-19.956432,-44.196566,N
8373,32603,betim,MG,-19.964331,-44.208444,N
8374,32604,betim,MG,-19.951799,-44.196037,N
8375,32605,betim,MG,-19.933597,-44.183641,N
8376,32606,betim,MG,-19.936286,-44.198774,N
8377,32610,betim,MG,-19.959066,-44.188417,N
8378,32611,betim,MG,-19.861428,-44.156008,N
8379,32616,betim,MG,-19.934274,-44.239338,N
8380,32623,betim,MG,-19.92511,-44.259942,N
8381,32625,betim,MG,-19.951656,-44.223794,N
8382,32628,betim,MG,-19.946739,-44.271489,N
8383,32630,betim,MG,-19.955761,-44.204699,N
8384,32634,betim,MG,-20.010079,-44.250304,N
8385,32635,betim,MG,-20.006568,-44.225867,N
8386,32639,betim,MG,-20.024951,-44.235254,N
8387,32640,betim,MG,-19.988547,-44.215992,N
8388,32641,betim,MG,-20.02189,-44.223177,N
8389,32642,betim,MG,-20.019877,-44.221732,N
8390,32649,betim,MG,-19.983339,-44.196134,N
8391,32652,betim,MG,-19.94937,-44.179732,N
8392,32653,betim,MG,-19.95196,-44.171595,N
8393,32654,betim,MG,-19.988022,-44.172575,N
8394,32655,betim,MG,-19.970787,-44.170453,N
8395,32656,betim,MG,-19.978702,-44.18697,N
8396,32657,betim,MG,-20.00332,-44.170799,N
8397,32659,betim,MG,-19.996507,-44.136742,N
8398,32660,betim,MG,-19.948891,-44.161206,N
8399,32661,betim,MG,-19.981892,-44.147446,N
8400,32662,betim,MG,-19.952271,-44.143023,N
8401,32664,betim,MG,-19.950674,-44.112527,N
8402,32665,betim,MG,-19.976596,-44.148665,N
8403,32666,betim,MG,-19.94106,-44.128192,N
8404,32667,betim,MG,-19.965626,-44.138683,N
8405,32668,betim,MG,-19.989493,-44.121238,N
8406,32669,betim,MG,-19.96089,-44.109036,N
8407,32670,betim,MG,-19.959986,-44.171244,N
8408,32671,betim,MG,-19.950184,-44.177522,N
8409,32672,betim,MG,-19.939121,-44.173017,N
8410,32673,betim,MG,-19.940783,-44.163305,N
8411,32675,betim,MG,-19.936413,-44.138454,N
8412,32676,betim,MG,-19.944597,-44.129526,N
8413,32677,betim,MG,-19.943004,-44.113624,N
8414,32678,betim,MG,-19.934888,-44.108811,N
8415,32681,betim,MG,-19.950706,-44.123649,N
8416,32682,betim,MG,-19.939883,-44.10275,N
8417,32684,betim,MG,-19.950466,-44.107828,N
8418,32685,betim,MG,-19.946929,-44.10147,N
8419,32687,betim,MG,-19.941208,-44.097282,N
8420,32688,betim,MG,-19.930265,-44.098969,N
8421,32689,betim,MG,-19.951099,-44.072242,N
8422,32690,betim,MG,-19.942894,-44.114647,N
8423,32900,igarape,MG,-20.066757,-44.306196,N
8424,32920,sao joaquim de bicas,MG,-20.053366,-44.260977,N
8425,33010,santa luzia,MG,-19.765681,-43.854081,N
8426,33015,santa luzia,MG,-19.756546,-43.844128,N
8427,33016,santa luzia,MG,-19.756794,-43.853966,N
8428,33020,santa luzia,MG,-19.756767,-43.837054,N
8429,33022,santa luzia,MG,-19.754716,-43.838174,N
8430,33025,santa luzia,MG,-19.776647,-43.850925,N
8431,33030,santa luzia,MG,-19.775876,-43.872971,N
8432,33035,santa luzia,MG,-19.764893,-43.866223,N
8433,33040,santa luzia,MG,-19.788184,-43.87594,N
8434,33045,santa luzia,MG,-19.81483,-43.867344,N
8435,33048,santa luzia,MG,-20.708904,-46.616701,N
8436,33054,santa luzia,MG,-19.751987,-43.834044,N
8437,33060,santa luzia,MG,-21.090258,-43.418307,N
8438,33065,santa luzia,MG,-19.840702,-43.795972,N
8439,33080,santa luzia,MG,-19.740384,-44.215517,N
8440,33082,santa luzia,MG,-19.805047,-43.849313,N
8441,33084,santa luzia,MG,-20.395116,-43.492176,N
8442,33105,santa luzia,MG,-19.783267,-43.930381,N
8443,33110,santa luzia,MG,-19.781987,-43.918483,N
8444,33113,santa luzia,MG,-19.807243,-43.867737,N
8445,33115,santa luzia,MG,-19.796232,-43.915719,N
8446,33120,santa luzia,MG,-19.787174,-43.917513,N
8447,33125,santa luzia,MG,-19.788688,-43.939696,N
8448,33130,santa luzia,MG,-19.779691,-43.938953,N
8449,33140,santa luzia,MG,-19.77064,-43.934259,N
8450,33145,santa luzia,MG,-19.775753,-43.929285,N
8451,33146,santa luzia,MG,-19.815879,-43.861933,N
8452,33147,santa luzia,MG,-19.394984,-44.765064,N
8453,33170,santa luzia,MG,-19.782026,-43.890952,N
8454,33171,santa luzia,MG,-19.763417,-43.867764,N
8455,33172,santa luzia,MG,-19.779748,-43.892504,N
8456,33200,vespasiano,MG,-19.731097,-43.941466,N
8457,33350,sao jose da lapa,MG,-19.707823,-43.973127,N
8458,33400,lagoa santa,MG,-19.63652,-43.899651,N
8459,33500,confins,MG,-19.633566,-43.98543,N
8460,33600,pedro leopoldo,MG,-19.613118,-44.039892,N
8461,33680,vera cruz de minas,MG,-19.699756,-44.045317,N
8462,33805,ribeirao das neves,MG,-19.768628,-44.086653,N
8463,33808,ribeirao das neves,MG,-19.778024,-44.106368,N
8464,33809,ribeirao das neves,MG,-19.78348,-44.107564,N
8465,33820,ribeirao das neves,MG,-19.769652,-44.134819,N
8466,33821,ribeirao das neves,MG,-19.770123,-44.138307,N
8467,33822,ribeirao das neves,MG,-19.808455,-44.090468,N
8468,33823,ribeirao das neves,MG,-19.762834,-44.138676,N
8469,33825,ribeirao das neves,MG,-19.762492,-44.128164,N
8470,33826,ribeirão das neves,MG,-19.758332,-44.1006,N
8471,33830,ribeirao das neves,MG,-19.744596,-44.137822,N
8472,33833,ribeirao das neves,MG,-19.763749,-44.125107,N
8473,33836,ribeirao das neves,MG,-19.784801,-44.120289,N
8474,33840,ribeirão das neves,MG,-19.746823,-44.081545,N
8475,33841,ribeirao das neves,MG,-19.761153,-44.098213,N
8476,33855,ribeirao das neves,MG,-19.752503,-44.07117,N
8477,33858,ribeirao das neves,MG,-19.75713,-44.084955,N
8478,33860,ribeirao das neves,MG,-19.769423,-44.073941,N
8479,33861,ribeirao das neves,MG,-19.772616,-44.071429,N
8480,33863,ribeirao das neves,MG,-19.782267,-44.068462,N
8481,33880,ribeirao das neves,MG,-19.776124,-44.082945,N
8482,33882,ribeirao das neves,MG,-19.786942,-44.120552,N
8483,33900,ribeirao das neves,MG,-19.797808,-44.018776,N
8484,33902,ribeirao das neves,MG,-19.793318,-44.01821,N
8485,33903,ribeirao das neves,MG,-19.793865,-44.036924,N
8486,33910,ribeirão das neves,MG,-19.785872,-44.084297,N
8487,33913,ribeirao das neves,MG,-19.777774,-44.023705,N
8488,33914,ribeirao das neves,MG,-19.779883,-44.132578,N
8489,33915,ribeirão das neves,MG,-19.777199,-44.032975,N
8490,33920,ribeirao das neves,MG,-19.773888,-44.050119,N
8491,33921,ribeirao das neves,MG,-19.783939,-44.081012,N
8492,33925,ribeirao das neves,MG,-19.777903,-43.990488,N
8493,33927,ribeirão das neves,MG,-19.782028,-44.082537,N
8494,33930,ribeirao das neves,MG,-19.789872,-44.007845,N
8495,33933,ribeirao das neves,MG,-19.788775,-44.017385,N
8496,33934,ribeirao das neves,MG,-19.782524,-43.982886,N
8497,33935,ribeirao das neves,MG,-19.80526,-44.027822,N
8498,33936,ribeirao das neves,MG,-19.805005,-44.013321,N
8499,33937,ribeirão das neves,MG,-19.804753,-44.064541,N
8500,33938,ribeirao das neves,MG,-19.819056,-44.051209,N
8501,33939,ribeirao das neves,MG,-19.782584,-44.071871,N
8502,33940,ribeirao das neves,MG,-19.814427,-44.026273,N
8503,33943,ribeirao das neves,MG,-19.805563,-44.024486,N
8504,33944,ribeirao das neves,MG,-19.811737,-44.028026,N
8505,33980,taquaracu de minas,MG,-19.662559,-43.689301,N
8506,34000,nova lima,MG,-20.001543,-43.888103,N
8507,34001,nova lima,MG,-19.993191,-43.851834,N
8508,34002,nova lima,MG,-19.999193,-43.84783,N
8509,34003,nova lima,MG,-19.986616,-43.86168,N
8510,34004,nova lima,MG,-19.994094,-43.887058,N
8511,34006,nova lima,MG,-19.980486,-43.939815,N
8512,34007,nova lima,MG,-20.034335,-43.96643,N
8513,34008,nova lima,MG,-20.000101,-43.928369,N
8514,34009,nova lima,MG,-20.057348,-43.928953,N
8515,34010,nova lima,MG,-20.074271,-43.912829,N
8516,34011,nova lima,MG,-20.090295,-43.957505,N
8517,34012,nova lima,MG,-20.005325,-43.850981,N
8518,34015,nova lima,MG,-20.037114,-43.926542,N
8519,34018,nova lima,MG,-20.111627,-43.934369,N
8520,34300,rio acima,MG,-20.089911,-43.789123,N
8521,34400,raposos,MG,-19.966156,-43.80532,N
8522,34505,sabará,MG,-19.889137,-43.807999,N
8523,34515,sabara,MG,-19.8887,-43.796998,N
8524,34525,sabara,MG,-19.896739,-43.807903,N
8525,34535,sabara,MG,-19.905166,-43.82399,N
8526,34545,sabara,MG,-19.89237,-43.835097,N
8527,34555,sabara,MG,-19.890085,-43.826218,N
8528,34565,sabara,MG,-19.880455,-43.830397,N
8529,34575,sabara,MG,-19.883415,-43.838316,N
8530,34576,sabara,MG,-19.858147,-43.861067,N
8531,34580,sabara,MG,-19.882345,-43.850016,N
8532,34585,sabara,MG,-19.884082,-43.85373,N
8533,34590,sabará,MG,-19.880943,-43.865016,N
8534,34600,sabara,MG,-19.862879,-43.86067,N
8535,34650,sabara,MG,-19.869491,-43.895159,N
8536,34700,sabara,MG,-19.878087,-43.896,N
8537,34710,sabara,MG,-19.880489,-43.903377,N
8538,34720,sabara,MG,-19.841898,-43.864581,N
8539,34725,sabara,MG,-19.862474,-43.845543,N
8540,34730,sabara,MG,-19.833284,-43.843318,N
8541,34735,sabará,MG,-19.833094,-43.862105,N
8542,34740,sabará,MG,-19.784616,-43.754345,N
8543,34800,caeté,MG,-19.8849,-43.664953,N
8544,34940,morro vermelho,MG,-19.95826,-43.696818,N
8545,34950,rocas novas,MG,-19.759286,-43.633467,N
8546,34990,nova uniao,MG,-19.702628,-43.582978,N
8547,35001,governador valadares,MG,-18.855939,-41.948744,N
8548,35010,governador valadares,MG,-18.85535,-41.946521,N
8549,35012,governador valadares,MG,-18.858111,-41.95706,N
8550,35020,governador valadares,MG,-18.859976,-41.938101,N
8551,35022,governador valadares,MG,-18.842565,-41.911253,N
8552,35023,governador valadares,MG,-18.878008,-41.9695,N
8553,35024,governador valadares,MG,-18.839627,-41.911645,N
8554,35030,governador valadares,MG,-18.87031,-41.956164,N
8555,35032,governador valadares,MG,-18.867255,-41.961041,N
8556,35039,governador valadares,MG,-18.878725,-41.975308,N
8557,35040,governador valadares,MG,-18.896743,-41.978874,N
8558,35041,governador valadares,MG,-18.898725,-41.956556,N
8559,35042,governador valadares,MG,-18.900232,-41.950661,N
8560,35043,governador valadares,MG,-18.896227,-41.949526,N
8561,35044,governador valadares,MG,-18.885476,-41.947322,N
8562,35045,governador valadares,MG,-18.883191,-41.963941,N
8563,35046,governador valadares,MG,-18.889177,-41.968295,N
8564,35047,governador valadares,MG,-18.857709,-41.97316,N
8565,35050,governador valadares,MG,-18.877789,-41.967686,N
8566,35051,governador valadares,MG,-18.872641,-41.973422,N
8567,35052,governador valadares,MG,-18.85892,-41.971969,N
8568,35053,governador valadares,MG,-18.861292,-41.965824,N
8569,35054,governador valadares,MG,-18.845659,-41.976693,N
8570,35055,governador valadares,MG,-18.85018,-41.991626,N
8571,35057,governador valadares,MG,-18.843506,-41.958474,N
8572,35058,governador valadares,MG,-18.846571,-41.95391,N
8573,35059,governador valadares,MG,-18.842317,-41.952967,N
8574,35060,governador valadares,MG,-18.854563,-41.950021,N
8575,35062,governador valadares,MG,-18.837489,-41.963112,N
8576,35063,governador valadares,MG,-18.840033,-41.97076,N
8577,35064,governador valadares,MG,-18.841478,-41.932709,N
8578,35065,governador valadares,MG,-18.847346,-41.961577,N
8579,35104,sao vitor,MG,,,N
8580,35105,baguari,MG,-18.871945,-41.963082,N
8581,35108,goiabal,MG,-19.495459,-42.443546,N
8582,35109,chonim,MG,-18.978562,-44.046792,N
8583,35110,mathias lobato,MG,-18.58036,-41.919088,N
8584,35112,frei inocencio,MG,-18.55714,-41.908659,N
8585,35113,nova modica,MG,-18.441261,-41.499976,N
8586,35114,pescador,MG,-18.356557,-41.596497,N
8587,35115,marilac,MG,-18.508115,-42.08211,N
8588,35116,mesquita,MG,-20.01617,-42.791108,N
8589,35117,naque,MG,-19.225196,-42.329499,N
8590,35118,periquito,MG,-19.327853,-42.288583,N
8591,35120,itanhomi,MG,-19.17032,-41.861591,N
8592,35123,capitao andrade,MG,-19.071183,-41.863245,N
8593,35125,tumiritinga,MG,-19.004846,-41.65184,N
8594,35130,engenheiro caldas,MG,-19.193588,-42.043101,N
8595,35133,sao jose do acacio,MG,-19.05301,-42.022362,N
8596,35135,fernandes tourinho,MG,-19.153636,-42.079645,N
8597,35138,alpercata,MG,-18.978826,-41.979683,N
8598,35140,tarumirim,MG,-19.285073,-42.003889,N
8599,35143,sao vicente do rio doce,MG,-19.266117,-41.814269,N
8600,35145,sobralia,MG,-19.229638,-42.101887,N
8601,35146,sao joao do oriente,MG,-19.344357,-42.15909,N
8602,35147,acucena,MG,-19.131912,-42.614516,N
8603,35148,dom cavati,MG,-19.378012,-42.108459,N
8604,35150,acucena,MG,-19.076274,-42.54788,N
8605,35156,periquito,MG,-19.136762,-42.224112,N
8606,35157,naque,MG,-19.227372,-42.330592,N
8607,35160,ipatinga,MG,-19.49929,-42.547175,N
8608,35161,ipatinga,MG,-19.440183,-42.56736,N
8609,35162,ipatinga,MG,-19.468787,-42.563895,N
8610,35163,ipatinga,MG,-19.442364,-42.560324,N
8611,35164,ipatinga,MG,-19.453668,-42.543942,N
8612,35166,mesquita,MG,-19.225872,-42.614249,N
8613,35167,santana do paraiso,MG,-19.390926,-42.546909,N
8614,35168,joanesia,MG,-19.169042,-42.677893,N
8615,35170,coronel fabriciano,MG,-19.506713,-42.628614,N
8616,35171,coronel fabriciano,MG,-19.512079,-42.610086,N
8617,35172,coronel fabriciano,MG,-19.476416,-42.642259,N
8618,35177,antonio dias,MG,-19.646188,-42.86646,N
8619,35179,santana do paraiso,MG,-17.930858,-44.956594,N
8620,35180,timoteo,MG,-19.545341,-42.643849,N
8621,35181,timoteo,MG,-19.548006,-42.598834,N
8622,35182,timoteo,MG,-19.576072,-42.643168,N
8623,35183,timoteo,MG,-19.557642,-42.668622,N
8624,35184,timoteo,MG,-19.53481,-42.667284,N
8625,35185,marliéria,MG,-19.708415,-42.708911,N
8626,35188,jaguaracu,MG,-19.629369,-42.744054,N
8627,35189,braúnas,MG,-19.208697,-42.976415,N
8628,35190,iapu,MG,-19.437655,-42.213517,N
8629,35192,sao sebastiao da barra,MG,-19.243884,-42.212996,N
8630,35193,bugre,MG,-19.429538,-42.257357,N
8631,35194,joanesia,MG,-19.175148,-42.679076,N
8632,35195,belo oriente,MG,-19.234384,-42.479922,N
8633,35196,perpétuo socorro,MG,-19.312148,-42.37319,N
8634,35197,sao sebastiao de braunas,MG,-20.772468,-43.449226,N
8635,35198,ipaba,MG,-19.415826,-42.410825,N
8636,35199,vargem alegre,MG,-19.605031,-42.298615,N
8637,35200,aimores,MG,-19.500415,-41.072861,N
8638,35202,conceição do capim,MG,-19.510089,-41.11253,N
8639,35212,penha do capim,MG,-19.666709,-41.252079,N
8640,35215,são sebastião da vala,MG,-18.469274,-43.441301,N
8641,35220,itueta,MG,-19.398248,-41.227476,N
8642,35222,quatituba,MG,-19.413304,-41.247786,N
8643,35225,santa rita do itueto,MG,-19.360651,-41.383748,N
8644,35228,são josé do itueto,MG,-17.665242,-40.673842,N
8645,35230,resplendor,MG,-19.324885,-41.249235,N
8646,35232,calixto,MG,-19.255386,-41.152229,N
8647,35236,independencia,MG,-20.007581,-44.041163,N
8648,35238,campo alegre de minas,MG,-19.099163,-41.033805,N
8649,35240,conselheiro pena,MG,-19.167555,-41.471802,N
8650,35242,cuite velho,MG,,,N
8651,35243,barra do cuiete,MG,-19.068794,-41.530271,N
8652,35245,ferruginha,MG,-19.120201,-41.378267,N
8653,35246,cuparaque,MG,-18.976104,-41.100821,N
8654,35248,goiabeira,MG,-18.98284,-41.223903,N
8655,35249,alvarenga,MG,-19.417558,-41.727564,N
8656,35250,galileia,MG,-18.999054,-41.539173,N
8657,35255,sapucaia do norte,MG,-18.841226,-41.513854,N
8658,35258,sao geraldo do baixio,MG,-18.918304,-41.3593,N
8659,35260,central de minas,MG,-18.765923,-41.30244,N
8660,35263,floresta,MG,-13.799986,-50.805436,N
8661,35265,divino das laranjeiras,MG,-18.862879,-41.516575,N
8662,35267,central de santa helena,MG,-18.276242,-42.997849,N
8663,35270,mendes pimentel,MG,-18.659971,-41.404371,N
8664,35275,sao felix de minas,MG,-18.591014,-41.488017,N
8665,35277,sao joao do manteninha,MG,-18.714278,-41.170763,N
8666,35280,itabirinha de mantena,MG,-18.56578,-41.235641,N
8667,35285,boa uniao de itabirinha,MG,-18.496551,-41.300369,N
8668,35290,mantena,MG,-18.777955,-40.983361,N
8669,35295,barra do ariranha,MG,-18.665435,-41.100477,N
8670,35296,limeira de mantena,MG,-18.580177,-41.145196,N
8671,35298,nova belem,MG,-18.494467,-41.103182,N
8672,35300,caratinga,MG,-19.787036,-42.137886,N
8673,35301,caratinga,MG,-19.79468,-42.146009,N
8674,35302,caratinga,MG,-19.782151,-42.12934,N
8675,35303,caratinga,MG,-19.781321,-42.151975,N
8676,35304,caratinga,MG,-19.774231,-42.136796,N
8677,35305,caratinga,MG,-19.791031,-42.14472,N
8678,35311,sapucaia,MG,-19.852156,-42.20717,N
8679,35315,santa luzia,MG,-19.701546,-43.424241,N
8680,35319,santa efigenia,MG,-20.089808,-43.859559,N
8681,35321,santo antonio do manhuacu,MG,-20.241361,-42.03417,N
8682,35322,sao joao do jacutinga,MG,-18.908387,-42.829791,N
8683,35323,imbe de minas,MG,-19.605726,-41.967592,N
8684,35324,entre folhas,MG,-19.62498,-42.230217,N
8685,35325,piedade de caratinga,MG,-19.760165,-42.075565,N
8686,35326,santa rita de minas,MG,-19.872948,-42.132588,N
8687,35328,santa bárbara do leste,MG,-20.022092,-42.178349,N
8688,35330,inhapim,MG,-19.546636,-42.112671,N
8689,35334,sao sebastiao do anta,MG,-19.498079,-41.981129,N
8690,35335,são domingos das dores,MG,-19.540845,-42.045411,N
8691,35338,ubaporanga,MG,-19.634173,-42.103494,N
8692,35340,bom jesus do galho,MG,-19.723407,-42.523412,N
8693,35345,corrego novo,MG,-19.834958,-42.402869,N
8694,35348,pingo-d'agua,MG,-19.726987,-42.41216,N
8695,35350,raul soares,MG,-20.095875,-42.442913,N
8696,35352,bicuiba,MG,-20.081785,-42.34352,N
8697,35354,vermelho velho,MG,-20.016644,-42.303504,N
8698,35355,sao vicente da estrela,MG,-19.960533,-42.442479,N
8699,35358,santana do tabuleiro,MG,-19.929914,-42.198793,N
8700,35359,vermelho novo,MG,-20.036727,-42.267116,N
8701,35360,sao pedro dos ferros,MG,-20.171095,-42.524746,N
8702,35362,aguas ferreas,MG,-20.093409,-42.625692,N
8703,35364,pedra bonita,MG,-20.520963,-42.329979,N
8704,35365,abre campo,MG,-20.294281,-42.473721,N
8705,35367,padre fialho,MG,-20.295231,-42.344497,N
8706,35368,sericita,MG,-20.473672,-42.483498,N
8707,35370,rio casca,MG,-20.222521,-42.649171,N
8708,35380,urucania,MG,-20.352192,-42.747352,N
8709,35382,piedade de ponte nova,MG,-20.246093,-42.736136,N
8710,35384,santa cruz do escalvado,MG,-20.237002,-42.813766,N
8711,35388,santo antonio do grama,MG,-20.316764,-42.608725,N
8712,35390,jequeri,MG,-20.457497,-42.660051,N
8713,35395,grota,MG,-20.409131,-42.555284,N
8714,35398,sao vicente do grama,MG,-20.509924,-42.526244,N
8715,35400,ouro preto,MG,-20.391011,-43.507047,N
8716,35406,sao bartolomeu,MG,-20.309998,-43.577924,N
8717,35407,rodrigo silva,MG,-20.419688,-43.614545,N
8718,35408,glaura,MG,,,N
8719,35409,santa rita de ouro preto,MG,-20.413037,-43.641128,N
8720,35410,cachoeira do campo,MG,-20.339074,-43.681674,N
8721,35411,antonio pereira,MG,-20.28759,-43.481232,N
8722,35412,amarantina,MG,-20.312715,-43.699848,N
8723,35413,ouro preto,MG,-20.318173,-43.939316,N
8724,35418,lavras novas,MG,-20.470616,-43.516642,N
8725,35420,mariana,MG,-20.374972,-43.418085,N
8726,35421,passagem de mariana,MG,-20.393779,-43.445823,N
8727,35423,bandeirantes,MG,-23.132896,-50.374805,N
8728,35424,cachoeira do brumado,MG,-20.394763,-43.277929,N
8729,35425,monsenhor horta,MG,-20.345949,-43.297422,N
8730,35426,furquim,MG,-20.359104,-43.211505,N
8731,35428,santa rita durao,MG,-20.191861,-43.469371,N
8732,35429,claudio manuel,MG,-20.213344,-43.199841,N
8733,35430,ponte nova,MG,-20.41006,-42.898817,N
8734,35431,ponte nova,MG,-20.422131,-42.918597,N
8735,35435,vau-acu,MG,-20.462663,-42.904135,N
8736,35436,guaraciaba,MG,-20.571781,-43.00972,N
8737,35437,diogo de vasconcelos,MG,-20.486371,-43.19857,N
8738,35438,acaiaca,MG,-20.362914,-43.144022,N
8739,35439,oratórios,MG,-20.431373,-42.803807,N
8740,35440,dom silverio,MG,-20.164252,-42.968428,N
8741,35441,sem peixe,MG,-20.102011,-42.840999,N
8742,35442,rio doce,MG,-20.245229,-42.897279,N
8743,35444,amparo da serra,MG,-20.508739,-42.800916,N
8744,35447,barra longa,MG,-20.283314,-43.039345,N
8745,35450,itabirito,MG,-20.253062,-43.800969,N
8746,35460,brumadinho,MG,-20.139441,-44.176861,N
8747,35464,brumadinho,MG,-20.142774,-44.037378,N
8748,35470,moeda,MG,-20.331596,-44.051358,N
8749,35473,belo vale,MG,-20.410875,-44.025758,N
8750,35475,santana do paraopeba,MG,-12.979554,-44.05292,N
8751,35476,piedade dos gerais,MG,-20.466776,-44.337936,N
8752,35478,crucilandia,MG,-20.393238,-44.338343,N
8753,35480,bonfim,MG,-20.304407,-44.047547,N
8754,35485,rio manso,MG,-20.421059,-44.440277,N
8755,35488,itaguara,MG,-20.363831,-44.431129,N
8756,35490,entre rios de minas,MG,-20.671105,-44.065872,N
8757,35494,desterro de entre rios,MG,-20.658746,-44.32897,N
8758,35495,sao bras do suacui,MG,-20.625969,-43.949935,N
8759,35498,jeceaba,MG,-20.537866,-43.982793,N
8760,35500,divinopolis,MG,-20.14036,-44.88408,N
8761,35501,divinopolis,MG,-20.162109,-44.901916,N
8762,35502,divinopolis,MG,-20.129695,-44.891072,N
8763,35503,divinopolis,MG,-20.151715,-44.875041,N
8764,35504,divinopolis,MG,-20.159307,-44.88572,N
8765,35505,santo antonio dos campos,MG,-20.100346,-44.97276,N
8766,35506,são sebastião do oeste,MG,-20.274836,-45.004981,N
8767,35510,carmo do cajuru,MG,-20.18904,-44.769463,N
8768,35514,itaguara,MG,-20.385881,-44.481288,N
8769,35515,perdigao,MG,-19.952925,-45.083207,N
8770,35516,sao goncalo do para,MG,-19.983959,-44.857536,N
8771,35517,boa vista de minas,MG,-18.842657,-43.247095,N
8772,35519,nova serrana,MG,-19.87406,-44.987013,N
8773,35520,crucilandia,MG,-20.395858,-44.339222,N
8774,35521,bonfim,MG,-20.328024,-44.24059,N
8775,35525,rio manso,MG,-20.267741,-44.307696,N
8776,35526,piedade dos gerais,MG,-20.469227,-44.223169,N
8777,35530,cláudio,MG,-20.437205,-44.762034,N
8778,35532,monsenhor joao alexandre,MG,-20.368479,-44.687418,N
8779,35534,carmopolis de minas,MG,-20.53919,-44.636223,N
8780,35536,piracema,MG,-20.50986,-44.47613,N
8781,35537,passa tempo,MG,-20.652362,-44.491856,N
8782,35540,oliveira,MG,-20.698564,-44.82676,N
8783,35541,morro do ferro,MG,-20.768047,-44.57978,N
8784,35543,sao francisco de paula,MG,-20.469963,-44.979808,N
8785,35544,sao goncalo do para,MG,-19.9851,-44.8541,N
8786,35545,perdigao,MG,-20.044103,-45.01624,N
8787,35547,carmo da mata,MG,-20.559668,-44.869173,N
8788,35550,itapecerica,MG,-20.469754,-45.123242,N
8789,35551,lamounier,MG,-20.472854,-45.054076,N
8790,35552,neolândia,MG,-20.432254,-45.130922,N
8791,35555,camacho,MG,-20.626744,-45.155811,N
8792,35557,carmo do cajuru,MG,-20.282777,-44.831468,N
8793,35558,sao jose dos salgados,MG,-20.251465,-43.787706,N
8794,35560,santo antônio do monte,MG,-20.071522,-45.28715,N
8795,35565,pedra do indaia,MG,-20.26053,-45.209277,N
8796,35567,sao sebastiao do oeste,MG,-18.761464,-43.892797,N
8797,35568,corrego fundo,MG,-20.44818,-45.557144,N
8798,35570,formiga,MG,-20.462536,-45.433059,N
8799,35578,corrego fundo,MG,-20.449847,-45.553592,N
8800,35580,japaraiba,MG,-20.140374,-45.506257,N
8801,35582,pains,MG,-20.37058,-45.66312,N
8802,35585,pimenta,MG,-20.481597,-45.802932,N
8803,35588,arcos,MG,-20.288302,-45.541301,N
8804,35590,lagoa da prata,MG,-20.024065,-45.53719,N
8805,35593,martins guimaraes,MG,-28.467526,-52.820346,N
8806,35595,luz,MG,-19.793981,-45.681716,N
8807,35596,esteios,MG,-19.924807,-45.702716,N
8808,35600,bom despacho,MG,-19.740337,-45.258634,N
8809,35602,engenho do ribeiro,MG,-19.573864,-45.304802,N
8810,35603,araujos,MG,-19.944574,-45.166342,N
8811,35604,moema,MG,-19.842862,-45.412312,N
8812,35606,martinho campos,MG,-19.338557,-45.227487,N
8813,35607,ibitira,MG,-19.45724,-45.060751,N
8814,35608,alberto isaacson,MG,-19.692468,-45.135662,N
8815,35610,dores do indaia,MG,-19.466535,-45.60052,N
8816,35613,estrela do indaiá,MG,-19.532003,-45.787813,N
8817,35617,serra da saudade,MG,-19.440237,-45.79374,N
8818,35620,abaete,MG,-19.158206,-45.4463,N
8819,35621,biquinhas,MG,-18.781398,-45.505246,N
8820,35622,paineiras,MG,-18.904551,-45.533649,N
8821,35623,pocoes de paineiras,MG,-18.877926,-45.41273,N
8822,35624,cedro do abaete,MG,-19.147111,-45.71454,N
8823,35625,quartel geral,MG,-19.27123,-45.555444,N
8824,35628,morada nova de minas,MG,-18.60523,-45.353299,N
8825,35640,pompeu,MG,-19.224024,-45.000237,N
8826,35650,pitangui,MG,-19.684235,-44.891758,N
8827,35655,onca de pitangui,MG,-19.734882,-44.807615,N
8828,35657,leandro ferreira,MG,-19.717602,-45.024838,N
8829,35660,para de minas,MG,-19.853541,-44.608822,N
8830,35661,para de minas,MG,-19.870305,-44.593326,N
8831,35662,para de minas,MG,-19.88163,-44.742436,N
8832,35663,para de minas,MG,-19.827216,-44.577545,N
8833,35665,torneiros,MG,-19.880812,-44.743807,N
8834,35666,maravilhas,MG,-19.515018,-44.676739,N
8835,35667,pequi,MG,-19.630023,-44.660839,N
8836,35668,conceicao do para,MG,-19.750694,-44.896929,N
8837,35669,papagaios,MG,-19.446964,-44.747435,N
8838,35670,mateus leme,MG,-19.991238,-44.428729,N
8839,35672,azurita,MG,-20.007877,-44.471417,N
8840,35674,serra azul,MG,-20.094176,-44.433648,N
8841,35675,juatuba,MG,-19.959208,-44.33825,N
8842,35680,itauna,MG,-20.077863,-44.576134,N
8843,35681,itauna,MG,-20.079591,-44.594344,N
8844,35685,itatiaiucu,MG,-20.199345,-44.426726,N
8845,35688,santa terezinha de minas,MG,-20.22824,-44.400777,N
8846,35690,florestal,MG,-19.890082,-44.431181,N
8847,35694,sao jose da varginha,MG,-19.786939,-44.444836,N
8848,35695,igaratinga,MG,-19.954899,-44.707698,N
8849,35698,antunes (igaratinga),MG,-19.919079,-44.700123,N
8850,35700,sete lagoas,MG,-19.457995,-44.248128,N
8851,35701,sete lagoas,MG,-19.460508,-44.23146,N
8852,35702,sete lagoas,MG,-19.448814,-44.230422,N
8853,35703,sete lagoas,MG,-19.436003,-44.205254,N
8854,35706,baldim,MG,-19.288796,-43.953614,N
8855,35707,são vicente,MG,-19.325264,-43.934706,N
8856,35709,funilandia,MG,-19.387426,-44.056023,N
8857,35710,inhauma,MG,-19.493733,-44.386808,N
8858,35715,prudente de morais,MG,-19.47727,-44.158009,N
8859,35720,matozinhos,MG,-19.560833,-44.075581,N
8860,35725,mocambeiro,MG,-19.541638,-44.030415,N
8861,35730,capim branco,MG,-19.550047,-44.133736,N
8862,35732,baldim,MG,-19.367805,-43.961129,N
8863,35733,são vicente,MG,-20.363171,-44.442731,N
8864,35736,funilandia,MG,-19.357877,-44.070639,N
8865,35738,prudente de morais,MG,-19.479338,-44.15764,N
8866,35740,esmeraldas,MG,-19.781928,-44.260614,N
8867,35750,melo viana,MG,-19.697918,-44.176758,N
8868,35760,fortuna de minas,MG,-19.569172,-44.449693,N
8869,35763,inhauma,MG,-19.492582,-44.388462,N
8870,35765,cachoeira da prata,MG,-19.524249,-44.451858,N
8871,35767,jequitibá,MG,-19.232471,-44.023831,N
8872,35770,caetanopolis,MG,-19.303656,-44.409527,N
8873,35774,paraopeba,MG,-19.278579,-44.400885,N
8874,35777,aracai,MG,-19.201953,-44.247753,N
8875,35780,cordisburgo,MG,-19.127109,-44.320278,N
8876,35785,santana de pirapama,MG,-19.133516,-44.111987,N
8877,35790,curvelo,MG,-18.763418,-44.433157,N
8878,35791,santa rita do cedro,MG,-18.806533,-44.154015,N
8879,35793,anguereta,MG,-19.140459,-44.656344,N
8880,35794,felixlandia,MG,-18.75685,-44.899508,N
8881,35796,inimutaba,MG,-18.729288,-44.361343,N
8882,35798,morro da garca,MG,-18.543771,-44.603337,N
8883,35800,ferros,MG,-19.247824,-42.957791,N
8884,35804,esmeraldas de ferros,MG,-19.33056,-42.87806,N
8885,35810,passabem,MG,-19.352513,-43.140593,N
8886,35815,sao sebastiao do rio preto,MG,-19.292562,-43.175065,N
8887,35820,itambe do mato dentro,MG,-19.416584,-43.321725,N
8888,35830,jaboticatubas,MG,-19.501667,-43.767247,N
8889,35845,santana do riacho,MG,-19.517291,-43.953398,N
8890,35850,congonhas do norte,MG,-18.813849,-43.674727,N
8891,35860,conceição do mato dentro,MG,-19.023707,-43.423731,N
8892,35863,santo antonio do norte,MG,-18.807586,-43.512086,N
8893,35865,dom joaquim,MG,-18.959716,-43.255163,N
8894,35868,gororos,MG,-18.808202,-43.23471,N
8895,35875,morro do pilar,MG,-19.219599,-43.381939,N
8896,35878,carmesia,MG,-19.086576,-43.140983,N
8897,35880,santo antonio do rio abaixo,MG,-19.22842,-43.253211,N
8898,35894,dores de guanhaes,MG,-19.054281,-42.924551,N
8899,35900,itabira,MG,-19.630799,-43.222254,N
8900,35901,itabira,MG,-19.655066,-43.233958,N
8901,35902,itabira,MG,-19.651727,-43.205122,N
8902,35903,itabira,MG,-19.65605,-43.22082,N
8903,35904,itabira,MG,-19.594292,-43.198118,N
8904,35905,itabira,MG,-19.619847,-43.436056,N
8905,35907,senhora do carmo,MG,-19.510484,-43.367349,N
8906,35908,bom jesus do amparo,MG,-19.707708,-43.47525,N
8907,35910,santa maria de itabira,MG,-19.410969,-43.651694,N
8908,35920,nova era,MG,-19.764914,-43.02994,N
8909,35930,joao monlevade,MG,-19.814704,-43.170409,N
8910,35931,joao monlevade,MG,-19.836539,-43.179065,N
8911,35932,joão monlevade,MG,-19.850208,-43.176996,N
8912,35935,sao goncalo do rio abaixo,MG,-19.805113,-43.441243,N
8913,35938,bela vista de minas,MG,-19.828029,-43.090625,N
8914,35940,rio piracicaba,MG,-19.928424,-43.163541,N
8915,35950,alvinopolis,MG,-20.109473,-43.063615,N
8916,35955,fonseca,MG,-20.161593,-43.300653,N
8917,35960,santa barbara,MG,-19.961678,-43.410349,N
8918,35963,barra feliz,MG,-19.963798,-43.458102,N
8919,35969,catas altas,MG,-20.075593,-43.407567,N
8920,35970,barao de cocais,MG,-19.934738,-43.480556,N
8921,35975,barão de cocais,MG,-19.859866,-43.450748,N
8922,35984,dionisio,MG,-19.83796,-42.765148,N
8923,35986,sao jose do goiabal,MG,-19.925388,-42.709205,N
8924,35995,sao domingos do prata,MG,-19.870438,-42.963477,N
8925,36010,juiz de fora,MG,-21.764571,-43.345973,N
8926,36011,juiz de fora,MG,-21.762869,-43.343235,N
8927,36013,juiz de fora,MG,-21.758186,-43.349683,N
8928,36015,juiz de fora,MG,-21.757348,-43.35406,N
8929,36016,juiz de fora,MG,-21.76802,-43.35316,N
8930,36020,juiz de fora,MG,-21.771189,-43.333566,N
8931,36021,juiz de fora,MG,-21.774551,-43.341344,N
8932,36025,juiz de fora,MG,-21.775368,-43.353965,N
8933,36026,juiz de fora,MG,-21.779223,-43.348542,N
8934,36030,juiz de fora,MG,-21.789242,-43.346775,N
8935,36031,juiz de fora,MG,-21.79635,-43.347739,N
8936,36032,juiz de fora,MG,-21.799663,-43.357711,N
8937,36033,juiz de fora,MG,-21.788043,-43.364417,N
8938,36035,juiz de fora,MG,-21.752507,-43.367536,N
8939,36036,juiz de fora,MG,-21.761076,-43.366956,N
8940,36037,juiz de fora,MG,-21.772062,-43.383411,N
8941,36038,juiz de fora,MG,-21.786428,-43.383956,N
8942,36039,juiz de fora,MG,-21.793703,-43.400339,N
8943,36045,juiz de fora,MG,-21.741465,-43.359622,N
8944,36046,juiz de fora,MG,-21.731856,-43.359548,N
8945,36047,juiz de fora,MG,-21.719548,-43.354373,N
8946,36048,juiz de fora,MG,-21.688864,-43.341823,N
8947,36050,juiz de fora,MG,-21.734493,-43.348831,N
8948,36051,juiz de fora,MG,-21.737567,-43.344278,N
8949,36052,juiz de fora,MG,-21.746969,-43.346232,N
8950,36060,juiz de fora,MG,-21.741553,-43.335326,N
8951,36061,juiz de fora,MG,-21.750479,-43.332503,N
8952,36062,juiz de fora,MG,-21.75641,-43.338386,N
8953,36070,juiz de fora,MG,-21.765785,-43.330555,N
8954,36071,juiz de fora,MG,-21.772902,-43.316193,N
8955,36072,juiz de fora,MG,-21.769291,-43.295033,N
8956,36073,juiz de fora,MG,-21.786707,-43.304963,N
8957,36080,juiz de fora,MG,-21.742843,-43.373021,N
8958,36081,juiz de fora,MG,-21.740035,-43.388597,N
8959,36083,juiz de fora,MG,-21.736531,-43.40216,N
8960,36084,juiz de fora,MG,-21.742571,-43.410927,N
8961,36085,juiz de fora,MG,-21.715041,-43.405915,N
8962,36087,juiz de fora,MG,-21.706931,-43.425286,N
8963,36088,juiz de fora,MG,-21.711754,-43.436448,N
8964,36090,juiz de fora,MG,-21.692373,-43.433393,N
8965,36091,juiz de fora,MG,-21.705502,-43.471455,N
8966,36092,juiz de fora,MG,-21.666021,-43.433867,N
8967,36094,juiz de fora,MG,-21.582146,-43.486734,N
8968,36104,sarandira,MG,-21.829142,-43.188144,N
8969,36106,rosario de minas,MG,-21.714028,-43.608445,N
8970,36108,ewbank da camara,MG,-21.55107,-43.512101,N
8971,36110,chácara,MG,-21.677324,-43.220196,N
8972,36120,matias barbosa,MG,-21.869485,-43.319771,N
8973,36123,simao pereira,MG,-21.963452,-43.314453,N
8974,36126,belmiro braga,MG,-21.949206,-43.41388,N
8975,36130,rio preto,MG,-22.085422,-43.827168,N
8976,36132,santa barbara do monte verde,MG,-21.957972,-43.703397,N
8977,36135,santa rita de jacutinga,MG,-22.149054,-44.094119,N
8978,36140,lima duarte,MG,-21.841835,-43.801816,N
8979,36144,conceicao da ibitipoca,MG,-16.975563,-41.429956,N
8980,36145,olaria,MG,-21.860843,-43.935408,N
8981,36146,santana do garambeu,MG,-21.608747,-44.089569,N
8982,36148,pedro teixeira,MG,-21.706196,-43.745021,N
8983,36150,rio novo,MG,-21.475098,-43.127253,N
8984,36152,goiana,MG,-21.535835,-43.198942,N
8985,36155,coronel pacheco,MG,-21.593699,-43.273746,N
8986,36157,piau,MG,-21.507168,-43.321559,N
8987,36160,guarani,MG,-21.356152,-43.048692,N
8988,36165,tabuleiro,MG,-21.360075,-43.247844,N
8989,36170,pirauba,MG,-21.273009,-43.028353,N
8990,36180,rio pomba,MG,-21.271417,-43.178671,N
8991,36185,silveirania,MG,-21.160417,-43.216272,N
8992,36190,merces,MG,-21.197009,-43.343188,N
8993,36195,paiva,MG,-21.290954,-43.418476,N
8994,36200,barbacena,MG,-21.227355,-43.772685,N
8995,36201,barbacena,MG,-21.225722,-43.788917,N
8996,36202,barbacena,MG,-21.21067,-43.778959,N
8997,36204,barbacena,MG,-21.208466,-43.75933,N
8998,36205,barbacena,MG,-21.222644,-43.756091,N
8999,36206,mantiqueira do palmital,MG,-21.260522,-43.672924,N
9000,36207,pinheiro grosso,MG,-21.19508,-43.650218,N
9001,36208,correia de almeida,MG,-21.300565,-43.627995,N
9002,36210,desterro do melo,MG,-21.148927,-43.513641,N
9003,36212,barroso,MG,-21.191207,-43.975106,N
9004,36213,dores de campos,MG,-21.109898,-44.023368,N
9005,36215,santa barbara do tugurio,MG,-21.244916,-43.559535,N
9006,36220,antonio carlos,MG,-21.32114,-43.752065,N
9007,36225,ibertioga,MG,-21.433481,-43.963206,N
9008,36227,piedade do rio grande,MG,-21.470429,-44.192406,N
9009,36230,bias fortes,MG,-21.607145,-43.757133,N
9010,36235,santa rita do ibitipoca,MG,-21.562744,-43.916019,N
9011,36240,santos dumont,MG,-21.459831,-43.552261,N
9012,36243,dores do paraibuna,MG,-21.515056,-43.618048,N
9013,36245,sao joao da serra,MG,-23.405413,-46.455047,N
9014,36248,conceicao do formoso,MG,,,N
9015,36250,oliveira fortes,MG,-21.339466,-43.458809,N
9016,36255,aracitaba,MG,-21.341162,-43.377558,N
9017,36260,alto rio doce,MG,-21.023159,-43.412635,N
9018,36263,abreus,MG,-18.977746,-48.269238,N
9019,36264,vitorinos - alto rio doce,MG,-19.638548,-43.759652,N
9020,36265,cipotânea,MG,-20.90604,-43.365436,N
9021,36270,ressaquinha,MG,-21.063551,-43.763274,N
9022,36272,alfredo vasconcelos,MG,-21.149444,-43.767193,N
9023,36275,senhora dos remedios,MG,-21.030363,-43.584261,N
9024,36280,carandaí,MG,-20.949994,-43.80441,N
9025,36290,capela nova,MG,-20.925626,-43.620798,N
9026,36300,sao joao del rei,MG,-21.134455,-44.262165,N
9027,36301,sao joao del rei,MG,-21.123139,-44.250224,N
9028,36302,sao joao del rei,MG,-21.106422,-44.228904,N
9029,36303,sao joao del rei,MG,-21.103974,-44.220953,N
9030,36305,sao joao del rei,MG,-21.132599,-44.238868,N
9031,36307,sao joao del rei,MG,-21.139914,-44.257833,N
9032,36309,sao joao del rei,MG,-21.145593,-44.276571,N
9033,36315,sao joao del rei,MG,-21.225802,-44.324589,N
9034,36316,são sebastião da vitória,MG,-21.243836,-44.412185,N
9035,36318,sao joao del rei,MG,-21.305707,-44.315464,N
9036,36320,prados,MG,-21.059067,-44.083412,N
9037,36325,tiradentes,MG,-21.109808,-44.174779,N
9038,36328,santa cruz de minas,MG,-21.13328,-44.20808,N
9039,36330,coronel xavier chaves,MG,-21.023963,-44.221604,N
9040,36335,ritapolis,MG,-21.026098,-44.323586,N
9041,36340,resende costa,MG,-20.916446,-44.241965,N
9042,36345,lagoa dourada,MG,-20.919288,-44.067792,N
9043,36350,são tiago,MG,-20.913176,-44.511151,N
9044,36352,merces de agua limpa,MG,-21.078368,-44.287068,N
9045,36360,conceicao da barra de minas,MG,-21.129647,-44.476357,N
9046,36370,nazareno,MG,-21.218426,-44.615821,N
9047,36390,itutinga,MG,-21.297686,-44.657642,N
9048,36400,conselheiro lafaiete,MG,-20.655804,-43.777859,N
9049,36401,conselheiro lafaiete,MG,-20.657842,-43.776595,N
9050,36402,conselheiro lafaiete,MG,-20.663232,-43.775935,N
9051,36404,conselheiro lafaiete,MG,-20.673537,-43.777591,N
9052,36405,conselheiro lafaiete,MG,-20.676186,-43.788032,N
9053,36406,conselheiro lafaiete,MG,-20.670472,-43.79741,N
9054,36407,conselheiro lafaiete,MG,-20.659212,-43.806927,N
9055,36408,conselheiro lafaiete,MG,-20.653421,-43.797692,N
9056,36415,congonhas,MG,-20.509895,-43.861688,N
9057,36417,alto maranhao,MG,-20.562229,-43.856807,N
9058,36419,congonhas,MG,-20.521406,-43.801376,N
9059,36420,ouro branco,MG,-20.520692,-43.704435,N
9060,36422,casa grande,MG,-20.793551,-43.93137,N
9061,36424,queluzito,MG,-20.743394,-43.880951,N
9062,36426,cristiano otoni,MG,-20.827198,-43.808881,N
9063,36428,caranaiba,MG,-20.873907,-43.737531,N
9064,36430,santana dos montes,MG,-20.787874,-43.685651,N
9065,36440,itaverava,MG,-20.67775,-43.609819,N
9066,36450,catas altas da noruega,MG,-20.691445,-43.498126,N
9067,36455,lamim,MG,-20.788029,-43.473403,N
9068,36460,rio espera,MG,-20.856316,-43.482657,N
9069,36465,rio melo,MG,-20.840978,-43.548536,N
9070,36470,senhora de oliveira,MG,-20.795372,-43.3449,N
9071,36475,presidente bernardes,MG,-20.769223,-43.183118,N
9072,36480,piranga,MG,-20.662434,-43.299706,N
9073,36485,santo antonio do pirapetinga,MG,-20.608124,-43.332793,N
9074,36490,piranga,MG,-20.626791,-43.286658,N
9075,36500,uba,MG,-21.117761,-42.942871,N
9076,36501,uba,MG,-21.022795,-43.024773,N
9077,36502,uba,MG,-21.124877,-42.92678,N
9078,36503,ubá,MG,-21.118768,-42.91947,N
9079,36504,uba,MG,-21.113687,-42.937331,N
9080,36505,ubá,MG,-21.108294,-42.94764,N
9081,36506,ubá,MG,-21.110229,-42.959382,N
9082,36507,ubá,MG,-21.116377,-42.956218,N
9083,36510,rodeiro,MG,-21.200183,-42.866033,N
9084,36512,tocantins,MG,-21.172625,-43.021933,N
9085,36513,dores do turvo,MG,-20.976452,-43.188633,N
9086,36515,guidoval,MG,-21.151155,-42.797897,N
9087,36520,visconde do rio branco,MG,-21.010359,-42.838484,N
9088,36525,guiricema,MG,-21.004635,-42.720346,N
9089,36530,sao geraldo,MG,-20.923194,-42.833193,N
9090,36532,sao geraldo,MG,-20.91576,-42.836931,N
9091,36540,senador firmino,MG,-20.913865,-43.100996,N
9092,36542,bras pires,MG,-20.853479,-43.242398,N
9093,36544,paula candido,MG,-20.873017,-42.981266,N
9094,36546,divinesia,MG,-20.989541,-43.005235,N
9095,36550,coimbra,MG,-20.858009,-42.801684,N
9096,36555,ervalia,MG,-20.840594,-42.655599,N
9097,36560,cajuri,MG,-20.788629,-42.796028,N
9098,36568,porto firme,MG,-20.626594,-43.138124,N
9099,36570,vicosa,MG,-20.754735,-42.87752,N
9100,36572,vicosa,MG,-20.761083,-42.885623,N
9101,36574,cachoeira de santa cruz,MG,-20.812972,-42.925334,N
9102,36576,vicosa,MG,-20.699029,-42.999469,N
9103,36580,teixeiras,MG,-20.653805,-42.855155,N
9104,36585,pedra do anta,MG,-20.596465,-42.716424,N
9105,36590,sao miguel do anta,MG,-20.719422,-42.715781,N
9106,36592,canaã,MG,-20.687087,-42.620214,N
9107,36594,araponga,MG,-20.667171,-42.521107,N
9108,36596,estevao de araujo,MG,,,N
9109,36600,bicas,MG,-21.718907,-43.065124,N
9110,36604,rochedo de minas,MG,-21.624179,-43.017639,N
9111,36606,guarara,MG,-21.728991,-43.041787,N
9112,36608,maripa de minas,MG,-21.696933,-42.961173,N
9113,36610,pequeri,MG,-21.839768,-43.122307,N
9114,36620,santana do deserto,MG,-21.950323,-43.166764,N
9115,36630,chiador,MG,-22.05702,-43.090084,N
9116,36640,mar de espanha,MG,-21.865811,-43.007508,N
9117,36649,mar de espanha,MG,-21.865659,-42.998749,N
9118,36650,senador cortes,MG,-21.804296,-42.945877,N
9119,36660,alem paraiba,MG,-21.872728,-42.693795,N
9120,36664,angustura,MG,-21.868314,-42.69874,N
9121,36666,alem paraiba,MG,-21.841518,-42.619433,N
9122,36670,santo antonio do aventureiro,MG,-21.355222,-43.03375,N
9123,36675,sao domingos,MG,-21.227571,-42.826825,N
9124,36680,sao joao nepomuceno,MG,-21.537774,-43.011788,N
9125,36688,sao joao nepomuceno,MG,-30.005202,-51.190992,N
9126,36690,descoberto,MG,-21.46046,-42.963669,N
9127,36700,leopoldina,MG,-21.530164,-42.640899,N
9128,36702,tebas,MG,-21.552094,-42.685025,N
9129,36707,ribeiro junqueira,MG,-19.821904,-44.009953,N
9130,36708,piacatuba,MG,-20.676797,-43.351605,N
9131,36710,argirita,MG,-21.61399,-42.837217,N
9132,36720,volta grande,MG,-21.772533,-42.537598,N
9133,36725,estrela dalva,MG,-21.742975,-42.460396,N
9134,36730,pirapetinga,MG,-21.661382,-42.349693,N
9135,36740,recreio,MG,-21.524158,-42.464125,N
9136,36750,palma,MG,-21.375866,-42.315674,N
9137,36753,cisneiros,MG,-21.440712,-42.360001,N
9138,36756,itapirucu,MG,-21.923455,-46.392846,N
9139,36760,laranjal,MG,-21.360767,-42.475672,N
9140,36770,cataguases,MG,-21.388054,-42.690505,N
9141,36771,cataguases,MG,-21.411572,-42.679764,N
9142,36772,cataguases,MG,-21.397502,-42.700844,N
9143,36773,cataguases,MG,-21.382655,-42.703585,N
9144,36774,cataguases,MG,-21.37774,-42.69008,N
9145,36777,sereno,MG,-21.2816,-43.689003,N
9146,36778,vista alegre,MG,-18.957459,-49.449254,N
9147,36779,cataguarino,MG,-21.294357,-42.728765,N
9148,36780,astolfo dutra,MG,-21.314031,-42.864234,N
9149,36784,dona euzebia,MG,-21.316714,-42.813063,N
9150,36787,sao manoel do guaiacu,MG,-21.344652,-42.831871,N
9151,36788,itamarati de minas,MG,-21.416554,-42.816616,N
9152,36790,mirai,MG,-21.193428,-42.61445,N
9153,36793,sao sebastiao da vargem alegre,MG,-20.876075,-42.555301,N
9154,36795,santana de cataguases,MG,-21.287636,-42.555397,N
9155,36800,carangola,MG,-20.732516,-42.029944,N
9156,36803,alvorada,MG,-19.888967,-45.149237,N
9157,36805,ponte alta de minas,MG,-20.700898,-42.215782,N
9158,36810,sao francisco do gloria,MG,-20.784948,-42.498123,N
9159,36815,fervedouro,MG,-20.724876,-42.305273,N
9160,36820,divino,MG,-20.610109,-42.146371,N
9161,36828,orizania,MG,-20.506176,-42.205849,N
9162,36830,espera feliz,MG,-20.648235,-41.90925,N
9163,36832,caiana,MG,-20.697899,-41.922451,N
9164,36834,caparaó,MG,-20.523925,-41.906308,N
9165,36840,faria lemos,MG,-20.805519,-42.012504,N
9166,36844,tombos,MG,-20.909663,-42.035181,N
9167,36846,catune,MG,-20.033951,-44.140308,N
9168,36847,pedra dourada,MG,-20.83219,-42.155292,N
9169,36850,antônio prado de minas,MG,-21.013832,-42.119718,N
9170,36855,eugenópolis,MG,-21.097885,-42.183852,N
9171,36857,pinhotiba,MG,,,N
9172,36860,patrocínio do muriaé,MG,-21.151982,-42.210901,N
9173,36870,barao de monte alto,MG,-21.242933,-42.235728,N
9174,36873,silveira carvalho,MG,-23.543366,-46.889442,N
9175,36876,cachoeira alegre,MG,-21.237017,-42.306857,N
9176,36878,rosario da limeira,MG,-20.979016,-42.509732,N
9177,36880,muriaé,MG,-21.130016,-42.368145,N
9178,36881,muriae,MG,-21.136625,-42.360129,N
9179,36883,muriae,MG,-21.139142,-42.373322,N
9180,36884,muriae,MG,-21.130296,-42.381132,N
9181,36886,muriae,MG,-21.136388,-42.399283,N
9182,36887,muriae,MG,-21.128014,-42.397348,N
9183,36888,muriae,MG,-21.125167,-42.385932,N
9184,36889,muriae,MG,-21.129053,-42.357051,N
9185,36891,macuco,MG,-21.581898,-42.741376,N
9186,36892,vermelho,MG,-19.955069,-43.943872,N
9187,36893,miradouro,MG,-20.890677,-42.343912,N
9188,36895,vieiras,MG,-20.864867,-42.244509,N
9189,36900,manhuacu,MG,-20.252688,-42.040599,N
9190,36905,realeza,MG,-20.240691,-42.146604,N
9191,36906,sao pedro do avai,MG,-20.192137,-42.187348,N
9192,36908,são sebastião do sacramento,MG,-20.097532,-42.157639,N
9193,36910,santa margarida,MG,-20.383256,-42.251706,N
9194,36913,santa margarida,MG,-20.384336,-42.250975,N
9195,36915,ribeirão de são domingos,MG,-15.33267,-40.267541,N
9196,36918,sao joao do manhuacu,MG,-20.392417,-42.152244,N
9197,36920,reduto,MG,-20.24506,-41.982938,N
9198,36923,luisburgo,MG,-20.439608,-42.103923,N
9199,36925,caputira,MG,-20.172671,-42.271084,N
9200,36930,simonesia,MG,-20.110674,-41.99973,N
9201,36935,alegria,MG,-19.923198,-41.921171,N
9202,36940,santana do manhuacu,MG,-20.09553,-41.921653,N
9203,36947,conceicao de ipanema,MG,-19.933002,-41.693445,N
9204,36950,ipanema,MG,-19.800223,-41.715306,N
9205,36953,taparuba,MG,-19.763488,-41.613997,N
9206,36955,mutum,MG,-19.826182,-41.438554,N
9207,36956,sao francisco do humaita,MG,,,N
9208,36958,roseiral,MG,-19.892641,-41.369244,N
9209,36960,pocrane,MG,-19.618046,-41.629736,N
9210,36970,manhumirim,MG,-20.355841,-41.95617,N
9211,36972,martins soares,MG,-20.257312,-41.873107,N
9212,36974,durande,MG,-20.201719,-41.799704,N
9213,36976,alto jequitiba,MG,-20.426509,-41.964222,N
9214,36979,alto caparao,MG,-20.444053,-41.870324,N
9215,36980,lajinha,MG,-20.143957,-41.611698,N
9216,36985,chale,MG,-20.044838,-41.691546,N
9217,36990,sao jose do mantimento,MG,-20.006625,-41.748563,N
9218,37002,varginha,MG,-21.555579,-45.437424,N
9219,37004,varginha,MG,-21.560541,-45.431818,N
9220,37005,varginha,MG,,,N
9221,37006,varginha,MG,-21.565443,-45.438245,N
9222,37007,varginha,MG,-21.037931,-45.000859,N
9223,37010,varginha,MG,-21.559049,-45.445603,N
9224,37011,varginha,MG,-21.58145,-45.433789,N
9225,37012,varginha,MG,-21.567528,-45.448991,N
9226,37014,varginha,MG,-21.550179,-45.446394,N
9227,37018,varginha,MG,-21.548099,-45.437321,N
9228,37022,varginha,MG,-21.595022,-45.427988,N
9229,37026,varginha,MG,-21.5733,-45.441497,N
9230,37030,varginha,MG,-21.543954,-45.450156,N
9231,37031,varginha,MG,-21.558309,-45.462389,N
9232,37034,varginha,MG,-21.545259,-45.455746,N
9233,37036,varginha,MG,-21.531546,-45.453077,N
9234,37038,varginha,MG,-21.538614,-45.446587,N
9235,37044,varginha,MG,-21.557446,-45.422409,N
9236,37045,varginha,MG,-21.555867,-45.41721,N
9237,37048,varginha,MG,-21.570497,-45.417847,N
9238,37056,varginha,MG,-21.574258,-45.423661,N
9239,37060,varginha,MG,-21.581149,-45.420486,N
9240,37062,varginha,MG,-21.58573,-45.440438,N
9241,37064,varginha,MG,-21.587456,-45.432408,N
9242,37066,varginha,MG,-21.59838,-45.430924,N
9243,37068,varginha,MG,-21.583209,-45.436135,N
9244,37070,varginha,MG,-21.591044,-45.447333,N
9245,37072,varginha,MG,-21.590374,-45.452448,N
9246,37074,varginha,MG,-21.589521,-45.448637,N
9247,37077,varginha,MG,-21.58275,-45.454932,N
9248,37110,eloi mendes,MG,-21.608503,-45.566467,N
9249,37115,monte belo,MG,-21.325337,-46.368039,N
9250,37120,paraguacu,MG,-21.550148,-45.735009,N
9251,37130,alfenas,MG,-21.427359,-45.946513,N
9252,37131,alfenas,MG,-21.436459,-45.942422,N
9253,37132,alfenas,MG,-21.437775,-45.952215,N
9254,37133,alfenas,MG,-21.428799,-45.965963,N
9255,37134,divisa nova,MG,-21.508799,-46.198246,N
9256,37135,alfenas,MG,-21.422173,-45.964344,N
9257,37136,serrania,MG,-21.418495,-45.962313,N
9258,37137,alfenas,MG,-21.410648,-45.948697,N
9259,37138,fama,MG,-21.409021,-45.829367,N
9260,37140,areado,MG,-21.358712,-46.144967,N
9261,37142,divisa nova,MG,-21.509981,-46.195791,N
9262,37143,serrania,MG,-21.531642,-46.11951,N
9263,37144,fama,MG,-21.294129,-45.561929,N
9264,37145,alterosa,MG,-21.255834,-46.144879,N
9265,37147,divino espirito santo,MG,-20.548204,-45.11935,N
9266,37148,conceicao da aparecida,MG,-21.096474,-46.204433,N
9267,37150,carmo do rio claro,MG,-20.971611,-46.12133,N
9268,37160,campos gerais,MG,-21.236789,-45.759985,N
9269,37163,corrego do ouro,MG,-21.372006,-45.775397,N
9270,37165,campo do meio,MG,-21.109499,-45.829834,N
9271,37170,boa esperança,MG,-21.09513,-45.561505,N
9272,37175,ilicinea,MG,-20.940578,-45.827237,N
9273,37177,guape,MG,-20.761896,-45.925609,N
9274,37190,tres pontas,MG,-21.37056,-45.51293,N
9275,37195,santana da vargem,MG,-21.250563,-45.506256,N
9276,37200,lavras,MG,-21.244709,-44.999202,N
9277,37205,ijaci,MG,-21.175418,-44.927725,N
9278,37210,itumirim,MG,-21.317439,-44.869979,N
9279,37212,macuco de minas,MG,-21.062991,-44.633522,N
9280,37215,ingai,MG,-21.40247,-44.920812,N
9281,37218,ijaci,MG,-20.79911,-45.140687,N
9282,37220,bom sucesso,MG,-21.032901,-44.756859,N
9283,37223,ibituruna,MG,-21.154414,-44.753823,N
9284,37225,carmo da cachoeira,MG,-21.461009,-45.220544,N
9285,37235,coqueiral,MG,-21.189715,-45.439529,N
9286,37240,luminarias,MG,-21.511614,-44.902975,N
9287,37245,carrancas,MG,-21.489135,-44.642578,N
9288,37250,nepomuceno,MG,-21.236352,-45.236269,N
9289,37260,perdoes,MG,-21.096166,-45.088236,N
9290,37262,santo antonio do amparo,MG,-20.902677,-44.896899,N
9291,37264,ribeirao vermelho,MG,-21.185458,-45.059929,N
9292,37267,cana verde,MG,-21.020265,-45.182479,N
9293,37270,campo belo,MG,-20.893765,-45.275613,N
9294,37273,aguanil,MG,-20.942183,-45.387432,N
9295,37275,cristais,MG,-20.875297,-45.516237,N
9296,37278,santana do jacare,MG,-20.932862,-45.143014,N
9297,37280,candeias,MG,-20.771279,-45.274279,N
9298,37300,andrelandia,MG,-21.73975,-44.310036,N
9299,37305,madre de deus de minas,MG,-21.484312,-44.331643,N
9300,37310,bom jardim de minas,MG,-21.948555,-44.186546,N
9301,37315,tabuao,MG,-21.987068,-44.032598,N
9302,37330,passa vinte,MG,-22.208164,-44.234843,N
9303,37340,bocaina de minas,MG,-22.176542,-44.422895,N
9304,37350,liberdade,MG,-22.026227,-44.320009,N
9305,37360,arantina,MG,-21.915159,-44.2536,N
9306,37370,sao vicente de minas,MG,-21.701127,-44.445858,N
9307,37400,campanha,MG,-21.834794,-45.40188,N
9308,37405,monsenhor paulo,MG,-21.756928,-45.54212,N
9309,37407,sao bento abade,MG,-21.584695,-45.071543,N
9310,37408,são thomé das letras,MG,-21.722373,-44.983564,N
9311,37410,tres coracoes,MG,-21.693371,-45.259769,N
9312,37411,tres coracoes,MG,-21.695053,-45.258793,N
9313,37412,três corações,MG,-21.678667,-45.252943,N
9314,37413,três corações,MG,-21.687516,-45.237144,N
9315,37414,tres coracoes,MG,-21.698348,-45.2527,N
9316,37415,tres coracoes,MG,-21.706707,-45.2636,N
9317,37416,três corações,MG,-21.720208,-45.265494,N
9318,37417,três corações,MG,-21.684561,-45.264271,N
9319,37418,tres coracoes,MG,-21.665947,-45.281046,N
9320,37420,cambuquira,MG,-21.854321,-45.297227,N
9321,37430,conceicao do rio verde,MG,-21.882471,-45.087378,N
9322,37440,caxambu,MG,-21.980805,-44.931696,N
9323,37443,baependi,MG,-21.961661,-44.889036,N
9324,37445,cruzilia,MG,-21.839319,-44.810596,N
9325,37447,minduri,MG,-21.681809,-44.601162,N
9326,37450,aiuruoca,MG,-21.978848,-44.605769,N
9327,37452,serranos,MG,-21.889813,-44.512242,N
9328,37454,seritinga,MG,-21.908933,-44.519542,N
9329,37456,carvalhos,MG,-22.001572,-44.4619,N
9330,37458,alagoa,MG,-22.171831,-44.642599,N
9331,37460,passa quatro,MG,-22.387189,-44.967286,N
9332,37464,itanhandu,MG,-22.296793,-44.936763,N
9333,37465,virginia,MG,-22.332031,-45.092255,N
9334,37466,itamonte,MG,-22.285426,-44.867087,N
9335,37467,sao sebastiao do rio verde,MG,-22.218792,-44.977776,N
9336,37468,pouso alto,MG,-22.184387,-44.971277,N
9337,37469,santana do capivari,MG,-22.248039,-44.934898,N
9338,37470,sao lourenco,MG,-22.11818,-45.054595,N
9339,37472,carmo de minas,MG,-22.121243,-45.124734,N
9340,37474,dom vicoso,MG,-22.250871,-45.157269,N
9341,37476,cristina,MG,-22.21043,-45.264651,N
9342,37478,soledade de minas,MG,-22.056337,-45.044086,N
9343,37480,lambari,MG,-21.974224,-45.349168,N
9344,37484,heliodora,MG,-22.06702,-45.541932,N
9345,37485,jesuania,MG,-22.001201,-45.288464,N
9346,37488,olimpio noronha,MG,-22.069143,-45.262372,N
9347,37490,sao goncalo do sapucai,MG,-21.812596,-45.547727,N
9348,37496,turvolandia,MG,-21.875627,-45.788586,N
9349,37498,cordislandia,MG,-21.791918,-45.700923,N
9350,37500,itajuba,MG,-22.420453,-45.453007,N
9351,37501,itajuba,MG,-22.431704,-45.440524,N
9352,37502,itajuba,MG,-22.434827,-45.451271,N
9353,37503,itajuba,MG,-22.440064,-45.471425,N
9354,37504,itajuba,MG,-22.429259,-45.476201,N
9355,37505,itajubá,MG,-22.419785,-45.467526,N
9356,37508,piranguinho,MG,-22.394479,-45.541336,N
9357,37510,sao jose do alegre,MG,-22.328611,-45.526348,N
9358,37511,pirangucu,MG,-22.529538,-45.496254,N
9359,37512,wenceslau braz,MG,-22.534258,-45.361193,N
9360,37514,delfim moreira,MG,-22.506466,-45.277048,N
9361,37516,marmelopolis,MG,-22.44895,-45.163451,N
9362,37517,maria da fe,MG,-22.308914,-45.373347,N
9363,37520,pedralva,MG,-22.245885,-45.465815,N
9364,37524,natercia,MG,-22.118282,-45.511564,N
9365,37527,conceicao das pedras,MG,-22.157943,-45.452064,N
9366,37530,brasopolis,MG,-22.478536,-45.617941,N
9367,37535,luminosa,MG,-22.58186,-45.635039,N
9368,37540,santa rita do sapucai,MG,-22.247211,-45.707521,N
9369,37542,estiva,MG,-22.463444,-46.017184,N
9370,37545,cachoeira de minas,MG,-22.355814,-45.782335,N
9371,37546,itaim,MG,-22.38684,-45.885313,N
9372,37548,conceicao dos ouros,MG,-22.413908,-45.79647,N
9373,37550,pouso alegre,MG,-22.235083,-45.933922,N
9374,37551,pouso alegre,MG,-22.228476,-45.944983,N
9375,37552,pouso alegre,MG,-22.220259,-45.937812,N
9376,37553,pouso alegre,MG,-22.222116,-45.929007,N
9377,37554,pouso alegre,MG,-22.225087,-45.923353,N
9378,37555,pouso alegre,MG,-22.215331,-45.912476,N
9379,37556,pouso alegre,MG,-22.20916,-45.855144,N
9380,37557,pouso alegre,MG,-22.242434,-45.94228,N
9381,37558,pouso alegre,MG,-22.248544,-45.935594,N
9382,37559,pouso alegre,MG,-22.186037,-46.063109,N
9383,37560,pouso alegre,MG,-22.268696,-45.917148,N
9384,37561,pouso alegre,MG,-22.266557,-45.916357,N
9385,37563,tocos do moji,MG,-22.369754,-46.096744,N
9386,37564,borda da mata,MG,-22.262584,-46.171124,N
9387,37566,espírito santo do dourado,MG,-22.038071,-45.9551,N
9388,37567,sao sebastiao da bela vista,MG,-22.16152,-45.760796,N
9389,37568,sao joao da mata,MG,-21.933973,-45.924144,N
9390,37570,ouro fino,MG,-22.278485,-46.371302,N
9391,37572,crisolia,MG,-20.590934,-44.636994,N
9392,37576,inconfidentes,MG,-22.31946,-46.32591,N
9393,37578,bueno brandao,MG,-22.442654,-46.348776,N
9394,37580,monte siao,MG,-22.430218,-46.573405,N
9395,37582,careacu,MG,-21.879894,-45.85648,N
9396,37584,congonhal,MG,-21.865404,-45.650823,N
9397,37586,senador jose bento,MG,-22.159587,-46.175455,N
9398,37588,ipuiuna,MG,-21.934313,-46.126337,N
9399,37589,silvianopolis,MG,-21.094881,-45.831976,N
9400,37590,jacutinga,MG,-22.288147,-46.611901,N
9401,37596,albertina,MG,-22.201228,-46.615457,N
9402,37600,cambui,MG,-22.611874,-46.058157,N
9403,37605,corrego do bom jesus,MG,-22.631162,-46.019255,N
9404,37610,bom repouso,MG,-22.470052,-46.147092,N
9405,37615,senador amaral,MG,-22.587245,-46.177097,N
9406,37620,munhoz,MG,-22.613849,-46.362558,N
9407,37630,toledo,MG,-22.743251,-46.373797,N
9408,37640,extrema,MG,-22.855478,-46.319501,N
9409,37650,camanducaia,MG,-22.7555,-46.140013,N
9410,37652,sao mateus de minas,MG,-22.70741,-46.035262,N
9411,37653,monte verde,MG,-22.860174,-46.03257,N
9412,37655,itapeva,MG,-22.768385,-46.222571,N
9413,37660,paraisopolis,MG,-22.551534,-45.778573,N
9414,37670,consolacao,MG,-22.550441,-45.92132,N
9415,37680,gonçalves,MG,-22.659688,-45.854588,N
9416,37690,sapucai-mirim,MG,-22.750242,-45.747921,N
9417,37701,pocos de caldas,MG,-21.789131,-46.567571,N
9418,37702,pocos de caldas,MG,-21.787567,-46.539207,N
9419,37703,pocos de caldas,MG,-21.790281,-46.537615,N
9420,37704,pocos de caldas,MG,-21.792839,-46.567365,N
9421,37705,pocos de caldas,MG,-21.807384,-46.544046,N
9422,37706,pocos de caldas,MG,-21.83041,-46.549391,N
9423,37708,pocos de caldas,MG,,,N
9424,37709,pocos de caldas,MG,-21.800274,-46.51558,N
9425,37710,pocos de caldas,MG,-21.806976,-46.509997,N
9426,37713,pocos de caldas,MG,-21.832048,-46.559142,N
9427,37714,pocos de caldas,MG,-21.798884,-46.600933,N
9428,37716,pocos de caldas,MG,-21.795934,-46.590196,N
9429,37718,pocos de caldas,MG,-21.88129,-46.616255,N
9430,37720,botelhos,MG,-21.648002,-46.399786,N
9431,37723,botelhos,MG,-21.595473,-46.319495,N
9432,37725,palmeiral,MG,-21.638177,-46.51675,N
9433,37730,campestre,MG,-21.711111,-46.246609,N
9434,37740,bandeira do sul,MG,-21.730125,-46.386468,N
9435,37750,machado,MG,-21.680409,-45.92053,N
9436,37757,poco fundo,MG,-21.780151,-45.967468,N
9437,37760,carvalhopolis,MG,-21.778502,-45.842825,N
9438,37775,santa rita de caldas,MG,-22.049997,-46.329107,N
9439,37780,caldas,MG,-21.913853,-46.392412,N
9440,37785,santana de caldas,MG,-23.4897,-46.637426,N
9441,37790,ibitiura de minas,MG,-22.063368,-46.440569,N
9442,37795,andradas,MG,-22.070471,-46.573548,N
9443,37800,guaxupe,MG,-21.305958,-46.714078,N
9444,37805,juruaia,MG,-21.252994,-46.578965,N
9445,37810,guaranesia,MG,-21.301969,-46.793443,N
9446,37815,santa cruz do prata,MG,-19.321725,-48.922008,N
9447,37820,arceburgo,MG,-21.364133,-46.939895,N
9448,37855,sao pedro da uniao,MG,-21.126744,-46.627162,N
9449,37860,nova resende,MG,-21.111411,-46.420563,N
9450,37865,petunia,MG,-21.011184,-46.401662,N
9451,37880,cabo verde,MG,-21.473823,-46.396092,N
9452,37890,muzambinho,MG,-21.368981,-46.523157,N
9453,37900,passos,MG,-20.719638,-46.604849,N
9454,37901,passos,MG,-20.735847,-46.599069,N
9455,37902,passos,MG,-20.729284,-46.613837,N
9456,37903,passos,MG,-20.714893,-46.627743,N
9457,37904,passos,MG,-20.709131,-46.617916,N
9458,37905,fortaleza de minas,MG,-20.85618,-46.720159,N
9459,37910,delfinópolis,MG,-20.353147,-46.842941,N
9460,37920,sao joao batista do gloria,MG,-20.554439,-46.548194,N
9461,37922,vargem bonita,MG,-20.329635,-46.371113,N
9462,37925,piumhi,MG,-20.469107,-45.9608,N
9463,37926,doresopolis,MG,-20.290345,-45.901364,N
9464,37927,são josé do barreiro,MG,-20.345744,-46.483877,N
9465,37928,sao roque de minas,MG,-20.240557,-46.382097,N
9466,37930,capitolio,MG,-20.616557,-46.04625,N
9467,37940,alpinopolis,MG,-20.85867,-46.386896,N
9468,37945,sao jose da barra,MG,-20.71553,-46.3166,N
9469,37948,bom jesus da penha,MG,-21.018142,-46.518656,N
9470,37950,sao sebastiao do paraiso,MG,-20.913952,-46.986296,N
9471,37952,guardinha,MG,-20.915764,-47.156198,N
9472,37955,itamogi,MG,-21.081593,-47.044528,N
9473,37958,monte santo de minas,MG,-21.187054,-46.976226,N
9474,37960,sao tomas de aquino,MG,-20.780638,-47.098617,N
9475,37965,jacui,MG,-21.018175,-46.743209,N
9476,37968,monte santo de minas,MG,-21.011086,-46.811733,N
9477,37970,pratapolis,MG,-20.744387,-46.861213,N
9478,37973,itamogi,MG,-20.840859,-46.799006,N
9479,37975,itaú de minas,MG,-20.744288,-46.751381,N
9480,37980,cassia,MG,-20.582931,-46.922136,N
9481,37990,ibiraci,MG,-20.463919,-47.12569,N
9482,37993,capetinga,MG,-20.6211,-47.055166,N
9483,37997,claraval,MG,-20.401547,-47.285609,N
9484,38010,uberaba,MG,-19.748433,-47.936245,N
9485,38015,uberaba,MG,-19.74792,-47.926175,N
9486,38017,uberaba,MG,-19.740199,-47.924793,N
9487,38020,uberaba,MG,-19.760689,-47.946871,N
9488,38022,uberaba,MG,-19.760189,-47.939145,N
9489,38025,uberaba,MG,-19.756853,-47.930173,N
9490,38026,uberaba,MG,-19.761707,-47.921103,N
9491,38030,uberaba,MG,-19.767552,-47.933006,N
9492,38031,uberaba,MG,-19.772458,-47.928978,N
9493,38035,uberaba,MG,-19.762906,-47.90069,N
9494,38036,uberaba,MG,-19.768423,-47.914134,N
9495,38037,uberaba,MG,-19.779972,-47.913605,N
9496,38038,uberaba,MG,-19.777982,-47.89397,N
9497,38040,uberaba,MG,-19.786422,-47.937727,N
9498,38041,uberaba,MG,-19.783169,-47.921703,N
9499,38045,uberaba,MG,-19.774047,-47.955265,N
9500,38046,uberaba,MG,-19.77377,-47.996636,N
9501,38048,uberaba,MG,-19.770179,-47.944846,N
9502,38050,uberaba,MG,-19.758313,-47.955525,N
9503,38051,uberaba,MG,-19.757618,-47.983369,N
9504,38055,uberaba,MG,-19.750887,-47.968495,N
9505,38056,uberaba,MG,-19.735074,-47.987042,N
9506,38057,uberaba,MG,-19.737145,-47.965923,N
9507,38060,uberaba,MG,-19.745546,-47.945086,N
9508,38061,uberaba,MG,-19.744256,-47.955339,N
9509,38064,uberaba,MG,-19.70723,-47.968184,N
9510,38065,uberaba,MG,-19.739646,-47.935552,N
9511,38066,uberaba,MG,-19.734254,-47.943095,N
9512,38067,uberaba,MG,-19.728707,-47.935534,N
9513,38070,uberaba,MG,-19.731005,-47.922916,N
9514,38071,uberaba,MG,-19.723677,-47.916395,N
9515,38072,uberaba,MG,-19.731858,-47.912519,N
9516,38073,uberaba,MG,-19.735005,-47.89334,N
9517,38080,uberaba,MG,-19.742466,-47.914612,N
9518,38081,uberaba,MG,-19.752809,-47.912704,N
9519,38082,uberaba,MG,-19.749367,-47.898261,N
9520,38106,uberaba,MG,-19.391106,-46.728066,N
9521,38108,delta,MG,-19.975219,-47.776659,N
9522,38110,água comprida,MG,-20.057792,-48.108118,N
9523,38120,conceicao das alagoas,MG,-19.92124,-48.375494,N
9524,38130,campo florido,MG,-19.762537,-48.574698,N
9525,38140,prata,MG,-19.306827,-48.922801,N
9526,38150,veríssimo,MG,-19.668568,-48.309399,N
9527,38160,nova ponte,MG,-19.336437,-47.113222,N
9528,38170,perdizes,MG,-19.360655,-47.285626,N
9529,38175,santa juliana,MG,-19.316004,-47.528293,N
9530,38178,pedrinopolis,MG,-19.228386,-47.464489,N
9531,38180,araxa,MG,-19.582399,-46.953796,N
9532,38181,araxá,MG,-19.575739,-46.931728,N
9533,38182,araxa,MG,-19.605228,-46.925875,N
9534,38183,araxa,MG,-19.596562,-46.937488,N
9535,38184,araxa,MG,-19.601856,-46.944782,N
9536,38185,tapira,MG,-19.925283,-46.827852,N
9537,38190,sacramento,MG,-19.870011,-47.444114,N
9538,38195,conquista,MG,-19.932895,-47.552061,N
9539,38198,guaxima,MG,-19.858528,-47.58342,N
9540,38200,frutal,MG,-20.027378,-48.93351,N
9541,38205,aparecida de minas,MG,-18.867063,-48.264117,N
9542,38210,pirajuba,MG,-19.90759,-48.70203,N
9543,38220,planura,MG,-20.137976,-48.702159,N
9544,38230,fronteira,MG,-20.279455,-49.202551,N
9545,38240,itapagipe,MG,-19.901026,-49.36882,N
9546,38250,comendador gomes,MG,-19.695749,-49.083301,N
9547,38260,sao francisco de sales,MG,-19.858738,-49.772176,N
9548,38270,campina verde,MG,-19.534302,-49.502095,N
9549,38272,honorópolis,MG,-19.561504,-50.016073,N
9550,38280,iturama,MG,-19.729365,-50.199566,N
9551,38282,alexandrita,MG,-19.702908,-50.414247,N
9552,38288,uniao de minas,MG,-19.521034,-50.334231,N
9553,38290,carneirinho,MG,-19.711556,-50.721427,N
9554,38292,são sebastião do pontal,MG,-22.416053,-47.639359,N
9555,38294,estrela da barra,MG,-19.905152,-50.726012,N
9556,38295,limeira do oeste,MG,-19.545622,-50.582284,N
9557,38300,ituiutaba,MG,-18.976355,-49.462975,N
9558,38301,ituiutaba,MG,-18.953619,-49.458176,N
9559,38302,ituiutaba,MG,-18.968023,-49.449406,N
9560,38303,ituiutaba,MG,-18.98206,-49.438853,N
9561,38304,ituiutaba,MG,-18.989219,-49.451987,N
9562,38305,ituiutaba,MG,-19.002578,-49.47893,N
9563,38307,ituiutaba,MG,-18.977099,-49.480973,N
9564,38308,ituiutaba,MG,-18.961754,-49.477951,N
9565,38310,gurinhata,MG,-19.212766,-49.784784,N
9566,38320,santa vitoria,MG,-18.851627,-50.140791,N
9567,38325,chaveslandia,MG,-19.04329,-50.488052,N
9568,38328,perdilandia,MG,-19.040394,-50.490755,N
9569,38350,ipiacu,MG,-18.692741,-49.943577,N
9570,38360,capinópolis,MG,-18.683264,-49.569939,N
9571,38370,cachoeira dourada,MG,-18.531782,-49.494323,N
9572,38380,canapolis,MG,-18.723503,-49.199278,N
9573,38390,centralina,MG,-18.585275,-49.20062,N
9574,38400,uberlandia,MG,-18.913248,-48.278212,N
9575,38401,uberlandia,MG,-18.891616,-48.289816,N
9576,38402,uberlandia,MG,-18.873998,-48.27414,N
9577,38405,uberlandia,MG,-18.892698,-48.24994,N
9578,38406,uberlandia,MG,-18.875821,-48.231897,N
9579,38407,uberlandia,MG,-18.914967,-48.193879,N
9580,38408,uberlandia,MG,-18.92408,-48.249267,N
9581,38409,uberlandia,MG,-18.928051,-48.214582,N
9582,38410,uberlândia,MG,-18.954175,-48.237911,N
9583,38411,uberlandia,MG,-18.949519,-48.27629,N
9584,38412,uberlandia,MG,-18.950237,-48.309471,N
9585,38413,uberlandia,MG,-18.93169,-48.315055,N
9586,38414,uberlandia,MG,-18.921397,-48.329463,N
9587,38415,uberlandia,MG,-18.897056,-48.329103,N
9588,38420,monte alegre de minas,MG,-18.868847,-48.879747,N
9589,38421,uberlandia,MG,-18.977465,-48.358551,N
9590,38425,uberlandia,MG,-18.976012,-48.274254,N
9591,38430,tupaciguara,MG,-18.599338,-48.694129,N
9592,38433,uberlandia,MG,-18.898801,-48.157514,N
9593,38435,arapora,MG,-18.433042,-49.184511,N
9594,38439,tapuirama,MG,-18.947674,-48.175912,N
9595,38440,araguari,MG,-18.652644,-48.192235,N
9596,38441,araguari,MG,-18.657048,-48.209333,N
9597,38442,araguari,MG,-18.645099,-48.204993,N
9598,38443,araguari,MG,-18.634825,-48.20473,N
9599,38444,araguari,MG,-18.630918,-48.189525,N
9600,38445,araguari,MG,-18.642201,-48.178015,N
9601,38446,araguari,MG,-18.661003,-48.180979,N
9602,38447,araguari,MG,-18.660782,-48.189609,N
9603,38455,amanhece,MG,-18.534013,-48.196295,N
9604,38460,cascalho rico,MG,-18.605312,-47.883371,N
9605,38465,arapora,MG,-18.433626,-49.185672,N
9606,38470,grupiara,MG,-18.49729,-47.722932,N
9607,38475,monte alegre de minas,MG,-18.868851,-48.878547,N
9608,38480,tupaciguara,MG,-18.596845,-48.697603,N
9609,38490,indianopolis,MG,-19.036754,-47.918347,N
9610,38500,monte carmelo,MG,-18.732553,-47.496368,N
9611,38510,irai de minas,MG,-18.986055,-47.463251,N
9612,38520,romaria,MG,-18.884956,-47.585864,N
9613,38525,estrela do sul,MG,-18.741283,-47.701925,N
9614,38530,douradoquara,MG,-18.434939,-47.60812,N
9615,38540,abadia dos dourados,MG,-18.474476,-47.407837,N
9616,38550,coromandel,MG,-18.476274,-47.196821,N
9617,38570,guarda-mor,MG,-17.769318,-47.098201,N
9618,38600,paracatu,MG,-17.224179,-46.874265,N
9619,38602,paracatu,MG,-17.225621,-46.8824,N
9620,38603,paracatu,MG,-17.233416,-46.879346,N
9621,38606,paracatu,MG,-18.129837,-46.170893,N
9622,38607,paracatu,MG,-17.22521,-46.855595,N
9623,38610,unai,MG,-16.363814,-46.895308,N
9624,38625,cabeceira grande,MG,-16.055668,-47.143652,N
9625,38627,palmital de minas,MG,,,N
9626,38630,uruana de minas,MG,-16.059719,-46.255282,N
9627,38640,riachinho,MG,-16.230172,-45.991417,N
9628,38649,urucuia,MG,-15.972687,-45.095827,N
9629,38650,bonfinopolis de minas,MG,-16.562528,-45.998636,N
9630,38654,dom bosco,MG,-16.651863,-46.26928,N
9631,38658,natalandia,MG,-16.509594,-46.491886,N
9632,38660,buritis,MG,-15.627214,-46.426329,N
9633,38665,serra bonita,MG,-15.214249,-46.815739,N
9634,38680,arinos,MG,-15.920351,-46.107735,N
9635,38689,chapada gaúcha,MG,-15.300072,-45.626007,N
9636,38690,formoso,MG,-14.957217,-46.229815,N
9637,38700,patos de minas,MG,-18.595141,-46.518679,N
9638,38701,patos de minas,MG,-18.576408,-46.525986,N
9639,38702,patos de minas,MG,-18.571949,-46.516148,N
9640,38703,patos de minas,MG,-18.576867,-46.494771,N
9641,38705,patos de minas,MG,-18.595029,-46.500508,N
9642,38706,patos de minas,MG,-18.619648,-46.50545,N
9643,38710,major porto,MG,,,N
9644,38711,santana de patos,MG,-18.833077,-46.594795,N
9645,38717,pilar,MG,-19.173988,-45.418344,N
9646,38720,lagoa formosa,MG,-18.77618,-46.404217,N
9647,38730,guimarânia,MG,-18.844995,-46.795282,N
9648,38735,cruzeiro da fortaleza,MG,-18.953334,-46.673784,N
9649,38738,cruzeiro da fortaleza,MG,-21.851339,-50.714561,N
9650,38740,patrocinio,MG,-18.947074,-46.991468,N
9651,38741,patrocinio,MG,-18.967552,-47.000692,N
9652,38742,patrocinio,MG,-18.936874,-47.001688,N
9653,38743,patrocinio,MG,-18.928453,-47.000359,N
9654,38744,patrocinio,MG,-18.935759,-46.986706,N
9655,38745,patrocinio,MG,-18.925587,-46.966745,N
9656,38747,patrocinio,MG,-18.942432,-46.985211,N
9657,38748,patrocínio,MG,-18.960995,-46.992251,N
9658,38749,sao joao da serra negra,MG,-18.839127,-46.946722,N
9659,38750,presidente olegario,MG,-18.412494,-46.41696,N
9660,38755,lagoa grande,MG,-17.839036,-46.518243,N
9661,38760,serra do salitre,MG,-19.111238,-46.681696,N
9662,38770,joao pinheiro,MG,-17.732005,-46.165887,N
9663,38772,olhos d'agua do oeste,MG,-17.595444,-45.889846,N
9664,38773,joao pinheiro,MG,-17.39779,-45.833148,N
9665,38775,veredas,MG,-17.641477,-45.826078,N
9666,38776,luizlandia do oeste,MG,-17.205405,-47.801841,N
9667,38779,brasilandia de minas,MG,-17.005027,-46.006165,N
9668,38780,vazante,MG,-17.987237,-46.903808,N
9669,38785,lagamar,MG,-18.169448,-46.798415,N
9670,38790,são gonçalo do abaeté,MG,-18.325071,-45.799698,N
9671,38794,varjao de minas,MG,-18.383282,-46.034637,N
9672,38800,sao gotardo,MG,-19.317869,-46.052254,N
9673,38803,guarda dos ferreiros,MG,-19.366061,-46.121423,N
9674,38805,santa rosa da serra,MG,-19.634575,-45.950933,N
9675,38810,rio paranaiba,MG,-19.199424,-46.243219,N
9676,38819,rio paranaiba,MG,-19.676989,-51.188937,N
9677,38840,carmo do paranaiba,MG,-18.998345,-46.309358,N
9678,38845,carmo do paranaiba,MG,-18.859847,-46.086017,N
9679,38860,arapua,MG,-19.036416,-46.152251,N
9680,38870,matutina,MG,-19.2223,-45.969855,N
9681,38880,tiros,MG,-18.985909,-45.952009,N
9682,38900,bambui,MG,-20.015161,-45.976848,N
9683,38910,iguatama,MG,-20.172209,-45.712082,N
9684,38930,medeiros,MG,-19.996631,-46.219762,N
9685,38950,ibia,MG,-19.515039,-46.561608,N
9686,38960,pratinha,MG,-19.751937,-46.383648,N
9687,38970,campos altos,MG,-19.696758,-46.169855,N
9688,38980,tapirai,MG,-19.888792,-46.020713,N
9689,38990,corrego danta,MG,-19.824529,-45.906005,N
9690,39100,diamantina,MG,-18.240348,-43.600508,N
9691,39103,guinda,MG,,,N
9692,39110,sao joao da chapada,MG,-18.088435,-43.742272,N
9693,39112,senador mourao,MG,-17.811328,-43.421727,N
9694,39113,desembargador otoni,MG,-17.69661,-43.331781,N
9695,39120,gouvea,MG,-18.470814,-43.761014,N
9696,39130,datas,MG,-18.447273,-43.658871,N
9697,39135,presidente kubitschek,MG,-18.618915,-43.573928,N
9698,39140,alvorada de minas,MG,-18.737449,-43.373495,N
9699,39150,serro,MG,-18.598364,-43.388645,N
9700,39153,sao goncalo do rio das pedras,MG,-18.419474,-43.495419,N
9701,39155,milho verde,MG,-18.472273,-43.496928,N
9702,39160,santo antonio do itambe,MG,-18.462899,-43.302607,N
9703,39165,serra azul de minas,MG,-18.362547,-43.171137,N
9704,39170,rio vermelho,MG,-18.293874,-43.009996,N
9705,39175,pedra menina,MG,-21.358677,-46.150543,N
9706,39180,felício dos santos,MG,-18.078679,-43.246976,N
9707,39185,sao goncalo do rio preto,MG,-18.003784,-43.378126,N
9708,39188,couto de magalhaes de minas,MG,-18.071864,-43.47344,N
9709,39190,senador modestino goncalves,MG,-17.948626,-43.2228,N
9710,39200,corinto,MG,-18.365787,-44.454402,N
9711,39205,tres marias,MG,-18.208164,-45.226497,N
9712,39207,andrequice,MG,-18.25623,-45.06662,N
9713,39210,santo hipólito,MG,-18.296864,-44.22117,N
9714,39215,monjolos,MG,-18.322883,-44.118107,N
9715,39219,augusto de lima,MG,-18.108845,-44.262368,N
9716,39220,augusto de lima,MG,-18.107472,-44.259809,N
9717,39230,buenopolis,MG,-17.874672,-44.170437,N
9718,39237,felixlandia,MG,-18.844511,-44.861898,N
9719,39238,felixlandia,MG,-18.711284,-45.153521,N
9720,39240,joaquim felicio,MG,-17.758099,-44.169706,N
9721,39243,inimutaba,MG,-18.731903,-44.361795,N
9722,39245,presidente juscelino,MG,-18.637625,-44.059281,N
9723,39248,morro da garca,MG,-18.543012,-44.601809,N
9724,39250,lassance,MG,-17.870458,-44.603027,N
9725,39260,varzea da palma,MG,-17.598071,-44.748653,N
9726,39265,guaicui,MG,-19.864032,-43.906414,N
9727,39270,pirapora,MG,-17.340845,-44.933534,N
9728,39280,buritizeiro,MG,-17.364556,-44.984647,N
9729,39290,sao romao,MG,-16.366193,-45.071953,N
9730,39295,santa fé de minas,MG,-16.945433,-45.323393,N
9731,39300,sao francisco,MG,-15.967607,-44.861765,N
9732,39314,chapada gaucha,MG,-15.313791,-45.609625,N
9733,39315,urucuia,MG,-16.124936,-45.740753,N
9734,39317,pintopolis,MG,-16.053076,-45.146088,N
9735,39318,icaraí de minas,MG,-16.215191,-44.908152,N
9736,39320,ubai,MG,-16.289824,-44.782768,N
9737,39325,bentópolis de minas,MG,-16.374894,-45.015403,N
9738,39328,ponto chique,MG,-16.631339,-45.064224,N
9739,39330,brasília de minas,MG,-16.215706,-44.433944,N
9740,39335,japonvar,MG,-15.994272,-44.277389,N
9741,39336,luislandia,MG,-16.120977,-44.584493,N
9742,39338,campo azul,MG,-16.505728,-44.811678,N
9743,39340,coração de jesus,MG,-16.660335,-44.346116,N
9744,39344,luiz pires de minas,MG,-16.498652,-44.260945,N
9745,39347,alvacao,MG,-16.408133,-44.217717,N
9746,39350,ibiaí,MG,-16.862542,-44.882301,N
9747,39355,sao joao da lagoa,MG,-16.852487,-44.347321,N
9748,39360,lagoa dos patos,MG,-16.985899,-44.58981,N
9749,39363,engenheiro navarro,MG,-17.284991,-43.949932,N
9750,39365,sao joao do pacui,MG,-16.534144,-44.530531,N
9751,39370,jequitai,MG,-17.228786,-44.43252,N
9752,39373,mirabela,MG,-16.253916,-44.164327,N
9753,39378,patis,MG,-16.864981,-44.068303,N
9754,39380,claro dos poções,MG,-17.043836,-44.206084,N
9755,39385,vista alegre,MG,-19.263841,-45.24696,N
9756,39387,francisco dumont,MG,-17.313346,-44.232417,N
9757,39390,bocaiuva,MG,-17.115212,-43.81287,N
9758,39397,guaraciama,MG,-17.013675,-43.670856,N
9759,39398,olhos-d agua,MG,-17.401604,-43.571005,N
9760,39400,montes claros,MG,-16.721976,-43.862914,N
9761,39401,montes claros,MG,-16.724633,-43.872478,N
9762,39402,montes claros,MG,-16.740324,-43.848166,N
9763,39403,montes claros,MG,-16.752725,-43.871824,N
9764,39404,montes claros,MG,-16.702904,-43.831738,N
9765,39405,montes claros,MG,-16.705348,-43.845891,N
9766,39406,montes claros,MG,-16.722229,-43.830861,N
9767,39407,montes claros,MG,-16.735539,-43.859475,N
9768,39408,montes claros,MG,-16.727573,-43.88613,N
9769,39414,nova esperanca,MG,-20.9261,-45.18822,N
9770,39416,vila nova de minas,MG,-16.45149,-43.82176,N
9771,39417,engenheiro navarro,MG,-17.285461,-43.950264,N
9772,39425,patis,MG,-16.080358,-44.08046,N
9773,39430,são joão da ponte,MG,-15.93381,-44.002416,N
9774,39437,lontra,MG,-15.901546,-44.301092,N
9775,39440,janauba,MG,-15.807766,-43.309268,N
9776,39442,janaúba,MG,-15.801399,-43.310325,N
9777,39445,capitao eneas,MG,-15.845261,-43.333648,N
9778,39447,janaúba,MG,-15.821083,-43.300051,N
9779,39450,varzelândia,MG,-15.703376,-44.022669,N
9780,39455,ibiracatu,MG,-15.658949,-44.158022,N
9781,39458,verdelandia,MG,-15.591152,-43.610184,N
9782,39460,manga,MG,-14.753639,-43.939655,N
9783,39465,miravania,MG,-14.749085,-44.410437,N
9784,39467,juvenilia,MG,-14.297104,-44.167642,N
9785,39470,itacarambi,MG,-15.096621,-44.102596,N
9786,39472,capitao eneas,MG,-16.543431,-43.746254,N
9787,39473,cacarema,MG,-16.041442,-43.554171,N
9788,39475,sao joao das missoes,MG,-14.881678,-44.086928,N
9789,39478,matias cardoso,MG,-14.854583,-43.919837,N
9790,39480,januaria,MG,-15.483421,-44.379894,N
9791,39489,conego marinho,MG,-15.296763,-44.412741,N
9792,39490,bonito de minas,MG,-15.323332,-44.7579,N
9793,39492,pedras de maria da cruz,MG,-15.605615,-44.383982,N
9794,39495,montalvania,MG,-14.416786,-44.382162,N
9795,39497,sao sebastiao dos pocoes,MG,-14.519816,-44.394846,N
9796,39500,monte azul,MG,-15.152585,-42.870981,N
9797,39505,gameleiras,MG,-15.082895,-43.11935,N
9798,39508,jaíba,MG,-15.3408,-43.672332,N
9799,39510,espinosa,MG,-14.923654,-42.813092,N
9800,39516,mamonas,MG,-15.047725,-42.951986,N
9801,39517,pai pedro,MG,-15.531583,-43.068185,N
9802,39518,serranopolis de minas,MG,-15.809555,-42.871384,N
9803,39520,porteirinha,MG,-15.742828,-43.02807,N
9804,39523,tocandira,MG,-15.654885,-43.065408,N
9805,39525,nova porteirinha,MG,-15.803142,-43.301099,N
9806,39526,barreiro branco,MG,-15.364738,-42.980345,N
9807,39527,mato verde,MG,-15.393161,-42.860844,N
9808,39529,riacho dos machados,MG,-16.003404,-43.046531,N
9809,39530,rio pardo de minas,MG,-15.617834,-42.542115,N
9810,39535,vargem grande do rio pardo,MG,-15.398263,-42.308416,N
9811,39536,indaiabira,MG,-15.50716,-42.213583,N
9812,39538,santo antônio do retiro,MG,-16.292094,-43.156629,N
9813,39540,sao joao do paraiso,MG,-15.315928,-42.018342,N
9814,39547,montezuma,MG,-15.171322,-42.500336,N
9815,39550,taiobeiras,MG,-15.812215,-42.227095,N
9816,39553,ninheira,MG,-15.328528,-41.73974,N
9817,39555,berizal,MG,-15.620342,-41.745892,N
9818,39558,fruta de leite,MG,-16.116153,-42.53033,N
9819,39560,salinas,MG,-16.16433,-42.293254,N
9820,39563,santa cruz de salinas,MG,-16.088599,-41.751656,N
9821,39565,rubelita,MG,-16.405582,-42.261883,N
9822,39568,novorizonte,MG,-16.012376,-42.415553,N
9823,39569,curral de dentro,MG,-15.917888,-41.801013,N
9824,39570,grao mogol,MG,-16.515562,-42.860266,N
9825,39573,padre carvalho,MG,-16.347209,-42.531076,N
9826,39575,josenopolis,MG,-16.544987,-42.51626,N
9827,39580,francisco sa,MG,-16.487764,-43.4175,N
9828,39585,catuni,MG,-16.240051,-43.274955,N
9829,39590,juramento,MG,-16.845872,-43.588045,N
9830,39592,glaucilandia,MG,-16.850554,-43.697264,N
9831,39594,itacambira,MG,-17.059407,-43.316912,N
9832,39596,botumirim,MG,-16.865309,-42.995656,N
9833,39597,adao colares,MG,-0.933179,-48.279885,N
9834,39598,cristalia,MG,-16.719068,-42.865027,N
9835,39600,aracuai,MG,-16.882339,-42.089937,N
9836,39602,engenheiro schnoor,MG,-17.007993,-42.073931,N
9837,39610,itinga,MG,-16.607515,-41.770972,N
9838,39615,ponto dos volantes,MG,-16.759519,-41.496812,N
9839,39620,medina,MG,-16.227413,-41.478353,N
9840,39623,tuparece,MG,-19.893237,-43.986305,N
9841,39625,itaobim,MG,-16.558302,-41.503189,N
9842,39628,comercinho,MG,-16.297167,-41.794173,N
9843,39629,agua branca de minas,MG,-16.19208,-41.726168,N
9844,39630,virgem da lapa,MG,-16.798757,-42.336314,N
9845,39635,coronel murta,MG,-16.613471,-42.182578,N
9846,39640,berilo,MG,-16.922767,-42.478475,N
9847,39642,jose goncalves de minas,MG,-16.904513,-42.610915,N
9848,39644,francisco badaro,MG,-17.010081,-42.349959,N
9849,39645,jenipapo de minas,MG,-17.090076,-42.250892,N
9850,39648,chapada do norte,MG,-17.095485,-42.534277,N
9851,39650,minas novas,MG,-17.224093,-42.585292,N
9852,39655,leme do prado,MG,-17.086067,-42.703571,N
9853,39660,turmalina,MG,-17.29975,-42.73241,N
9854,39662,cacaratiba,MG,-17.2575,-43.04361,N
9855,39663,veredinha,MG,-17.40138,-42.733276,N
9856,39664,mendonca,MG,-21.770599,-43.35523,N
9857,39665,carbonita,MG,-17.535583,-43.01602,N
9858,39670,itamarandiba,MG,-17.86028,-42.861986,N
9859,39678,aricanduva,MG,-17.868016,-42.556109,N
9860,39680,capelinha,MG,-17.696081,-42.516457,N
9861,39685,angelandia,MG,-17.729005,-42.270348,N
9862,39688,setubinha,MG,-17.601562,-42.149046,N
9863,39690,malacacheta,MG,-17.847698,-42.080849,N
9864,39695,franciscopolis,MG,-17.959788,-42.008004,N
9865,39700,pecanha,MG,-18.545586,-42.56117,N
9866,39703,cantagalo,MG,-18.530543,-42.622875,N
9867,39704,sao geraldo do baguari,MG,-20.07438,-42.820674,N
9868,39705,sao joao evangelista,MG,-18.546168,-42.765592,N
9869,39706,nelson de sena,MG,-18.623383,-46.508874,N
9870,39707,sao jose do jacuri,MG,-18.27732,-42.672265,N
9871,39708,frei lagonegro,MG,-18.168896,-42.767075,N
9872,39710,coroaci,MG,-18.620027,-42.282668,N
9873,39711,conceição de tronqueiras,MG,-19.931409,-41.69191,N
9874,39715,virgolandia,MG,-18.474654,-42.309601,N
9875,39716,virgolandia,MG,-18.474657,-42.308155,N
9876,39718,nacip raydan,MG,-18.455771,-42.249104,N
9877,39720,gonzaga,MG,-18.824983,-42.480419,N
9878,39723,sao geraldo da piedade,MG,-19.161634,-42.504299,N
9879,39725,santa efigenia de minas,MG,-18.827908,-42.439079,N
9880,39728,sardoa,MG,-18.78192,-42.367242,N
9881,39730,virginópolis,MG,-18.813868,-42.701362,N
9882,39735,divinolandia de minas,MG,-18.797528,-42.606564,N
9883,39740,guanhaes,MG,-18.775765,-42.931662,N
9884,39741,correntinho,MG,-18.678746,-42.775728,N
9885,39742,sapucaia de guanhaes,MG,-18.84701,-42.77594,N
9886,39745,senhora do porto,MG,-18.906532,-43.081237,N
9887,39750,sabinopolis,MG,-18.667247,-43.081803,N
9888,39755,materlandia,MG,-18.472854,-43.059487,N
9889,39765,paulistas,MG,-18.435096,-42.869111,N
9890,39770,coluna,MG,-18.232095,-42.839865,N
9891,39775,jose raydan,MG,-18.232682,-42.490955,N
9892,39780,santa maria do suaçuí,MG,-18.190897,-42.411486,N
9893,39784,sao pedro do suacui,MG,-18.357554,-42.597231,N
9894,39785,sao jose da safira,MG,-18.319943,-42.142628,N
9895,39790,agua boa,MG,-17.978175,-42.392485,N
9896,39795,sao sebastiao do maranhao,MG,-18.08888,-42.570034,N
9897,39800,teofilo otoni,MG,-17.854415,-41.50867,N
9898,39801,teofilo otoni,MG,-17.858065,-41.495279,N
9899,39802,teofilo otoni,MG,-17.871411,-41.499695,N
9900,39803,teófilo otoni,MG,-17.877228,-41.508224,N
9901,39804,teofilo otoni,MG,-17.857454,-41.519354,N
9902,39807,topazio,MG,-21.781733,-43.341563,N
9903,39809,mucuri,MG,-18.905198,-42.747018,N
9904,39810,carai,MG,-17.187431,-41.697403,N
9905,39812,ponto do marambaia,MG,-9.290888,-44.954423,N
9906,39813,marambainha,MG,-17.158211,-41.565015,N
9907,39814,pavao,MG,-17.429588,-41.00018,N
9908,39815,itaipe,MG,-17.400465,-41.669875,N
9909,39816,catuji,MG,-17.10774,-41.66224,N
9910,39817,novo oriente de minas,MG,-17.412729,-41.219593,N
9911,39818,padre paraíso,MG,-17.07414,-41.486905,N
9912,39820,novo cruzeiro,MG,-17.460076,-41.885441,N
9913,39823,queixada,MG,-17.275829,-42.014992,N
9914,39825,ladainha,MG,-17.631604,-41.746841,N
9915,39826,concordia de mucuri,MG,-17.67972,-41.87639,N
9916,39827,pote,MG,-17.80501,-41.787553,N
9917,39830,itambacuri,MG,-18.037609,-41.682368,N
9918,39835,campanario,MG,-18.240003,-41.728055,N
9919,39837,jampruca,MG,-18.477928,-41.783364,N
9920,39840,frei gaspar,MG,-18.072821,-41.488878,N
9921,39848,sao jose do divino,MG,-18.480149,-41.387175,N
9922,39850,ataleia,MG,-18.057551,-41.135231,N
9923,39855,ouro verde de minas,MG,-18.069572,-41.273284,N
9924,39860,nanuque,MG,-17.844081,-40.349156,N
9925,39862,vila pereira,MG,-18.18035,-40.913643,N
9926,39864,carlos chagas,MG,-17.656998,-40.871313,N
9927,39865,presidente pena,MG,-17.699381,-40.765843,N
9928,39866,epaminondas otoni,MG,-17.91,-41.01361,N
9929,39868,serra dos aimores,MG,-17.781907,-40.244847,N
9930,39870,fronteira dos vales,MG,-16.891446,-40.917728,N
9931,39873,machacalis,MG,-17.076857,-40.718181,N
9932,39874,santa helena de minas,MG,-16.937624,-40.684275,N
9933,39875,bertopolis,MG,-17.02741,-40.555761,N
9934,39878,umburatiba,MG,-17.261703,-40.592701,N
9935,39880,aguas formosas,MG,-17.082201,-40.9392,N
9936,39885,crisolita,MG,-17.260139,-41.006883,N
9937,39888,nova santa luzia,MG,-19.76161,-43.849922,N
9938,39890,joaima,MG,-16.669199,-41.025486,N
9939,39893,monte formoso,MG,-16.863337,-41.254925,N
9940,39895,felisburgo,MG,-16.641963,-40.760322,N
9941,39900,almenara,MG,-16.176288,-40.69303,N
9942,39912,divisopolis,MG,-15.721917,-41.002894,N
9943,39915,mata verde,MG,-15.690292,-40.738446,N
9944,39917,bandeira,MG,-15.885798,-40.562283,N
9945,39920,jordania,MG,-15.895091,-40.188112,N
9946,39923,estrela de jordânia,MG,-22.675086,-46.117527,N
9947,39925,salto da divisa,MG,-16.005448,-39.95458,N
9948,39928,santa maria do salto,MG,-16.250955,-40.149597,N
9949,39930,jacinto,MG,-16.156207,-40.29471,N
9950,39931,avaí do jacinto,MG,-16.145358,-40.296888,N
9951,39935,santo antonio do jacinto,MG,-16.534602,-40.190465,N
9952,39940,rio do prado,MG,-16.651131,-40.567675,N
9953,39945,palmopolis,MG,-16.744565,-40.414306,N
9954,39948,dois de abril,MG,-16.84128,-40.31872,N
9955,39950,rubim,MG,-16.383871,-40.535885,N
9956,39955,itapiru,MG,-16.519932,-40.444475,N
9957,39960,jequitinhonha,MG,-16.440336,-41.009185,N
9958,39970,pedra azul,MG,-15.994742,-41.272557,N
9959,39980,cachoeira de pajeu,MG,-15.962509,-41.488403,N
9960,39990,águas vermelhas,MG,-15.655367,-41.481396,N
9961,39995,divisa alegre,MG,-15.72592,-41.341485,N
9962,39999,aguas vermelhas,MG,-15.526818,-41.494232,N
9963,40010,salvador,BA,-12.970234,-38.512295,N
9964,40015,salvador,BA,-12.964321,-38.493067,N
9965,40020,salvador,BA,-12.975745,-38.512743,N
9966,40024,salvador,BA,-12.977665,-38.514562,N
9967,40025,salvador,BA,-12.97177,-38.506628,N
9968,40040,salvador,BA,-12.978523,-38.509523,N
9969,40045,salvador,BA,-12.972699,-38.505183,N
9970,40050,salvador,BA,-12.977804,-38.504372,N
9971,40055,salvador,BA,-12.971281,-38.501024,N
9972,40060,salvador,BA,-12.982535,-38.516977,N
9973,40070,salvador,BA,-12.985146,-38.513715,N
9974,40080,salvador,BA,-12.988302,-38.521305,N
9975,40081,salvador,BA,-12.995118,-38.527554,N
9976,40100,salvador,BA,-12.991551,-38.514799,N
9977,40105,salvador,BA,-12.993223,-38.508915,N
9978,40110,salvador,BA,-12.993186,-38.521456,N
9979,40130,salvador,BA,-13.002629,-38.528708,N
9980,40140,salvador,BA,-13.005118,-38.523128,N
9981,40150,salvador,BA,-12.997791,-38.521103,N
9982,40155,salvador,BA,-13.004446,-38.518206,N
9983,40157,salvador,BA,-13.002352,-38.519327,N
9984,40170,salvador,BA,-13.008035,-38.510728,N
9985,40210,salvador,BA,-13.001272,-38.509405,N
9986,40213,salvador,BA,-12.996438,-38.51014,N
9987,40215,salvador,BA,-12.986102,-38.475417,N
9988,40220,salvador,BA,-12.999491,-38.492301,N
9989,40221,salvador,BA,-13.003425,-38.495642,N
9990,40223,salvador,BA,-13.002753,-38.49902,N
9991,40226,salvador,BA,-13.001742,-38.513981,N
9992,40230,salvador,BA,-12.996914,-38.502927,N
9993,40231,salvador,BA,-12.99646,-38.504415,N
9994,40240,salvador,BA,-12.989133,-38.499428,N
9995,40241,salvador,BA,-12.980365,-38.49698,N
9996,40243,salvador,BA,-12.979401,-38.497418,N
9997,40245,salvador,BA,-12.986254,-38.504293,N
9998,40250,salvador,BA,-12.979156,-38.490579,N
9999,40251,salvador,BA,-12.976585,-38.490656,N
10000,40252,salvador,BA,-12.981537,-38.491501,N
10001,40253,salvador,BA,-12.982171,-38.487439,N
10002,40254,salvador,BA,-12.980688,-38.489188,N
10003,40255,salvador,BA,-12.973808,-38.496168,N
10004,40260,salvador,BA,-12.973393,-38.492613,N
10005,40265,salvador,BA,-12.974642,-38.481082,N
10006,40270,salvador,BA,-12.971269,-38.487836,N
10007,40275,salvador,BA,-12.978898,-38.466766,N
10008,40276,salvador,BA,-12.983061,-38.479489,N
10009,40279,salvador,BA,-12.985971,-38.471725,N
10010,40280,salvador,BA,-12.985082,-38.471406,N
10011,40283,salvador,BA,-12.986096,-38.491196,N
10012,40285,salvador,BA,-12.988919,-38.48811,N
10013,40286,salvador,BA,-12.991323,-38.486072,N
10014,40290,salvador,BA,-12.992981,-38.492498,N
10015,40295,salvador,BA,-12.998447,-38.486877,N
10016,40296,salvador,BA,-12.99423,-38.480535,N
10017,40300,salvador,BA,-12.964586,-38.495641,N
10018,40301,salvador,BA,-12.965618,-38.501322,N
10019,40302,salvador,BA,-12.965731,-38.495972,N
10020,40310,salvador,BA,-12.959485,-38.481383,N
10021,40313,salvador,BA,-12.964076,-38.486257,N
10022,40314,salvador,BA,-12.958966,-38.486728,N
10023,40315,salvador,BA,-12.965845,-38.482073,N
10024,40318,salvador,BA,-12.961242,-38.488184,N
10025,40320,salvador,BA,-12.958737,-38.492775,N
10026,40321,salvador,BA,-12.958479,-38.491765,N
10027,40323,salvador,BA,-12.95789,-38.486935,N
10028,40325,salvador,BA,-12.950885,-38.489886,N
10029,40327,salvador,BA,-12.94593,-38.491813,N
10030,40330,salvador,BA,-12.952776,-38.480755,N
10031,40335,salvador,BA,-12.948954,-38.487208,N
10032,40340,salvador,BA,-12.951658,-38.483273,N
10033,40342,salvador,BA,-12.950125,-38.484241,N
10034,40349,salvador,BA,-12.932828,-38.482058,N
10035,40350,salvador,BA,-12.946596,-38.476357,N
10036,40352,salvador,BA,-12.936291,-38.478876,N
10037,40353,salvador,BA,-12.944094,-38.473929,N
10038,40354,salvador,BA,-12.945797,-38.477997,N
10039,40355,salvador,BA,-12.925752,-38.480464,N
10040,40357,salvador,BA,-12.945454,-38.476165,N
10041,40365,salvador,BA,-12.952546,-38.485272,N
10042,40366,salvador,BA,-12.946266,-38.48752,N
10043,40367,salvador,BA,-12.94556,-38.493111,N
10044,40368,salvador,BA,-12.947853,-38.492345,N
10045,40370,salvador,BA,-12.944315,-38.487598,N
10046,40375,salvador,BA,-12.948663,-38.493558,N
10047,40385,salvador,BA,-12.927877,-38.478133,N
10048,40386,salvador,BA,-12.922686,-38.477914,N
10049,40387,salvador,BA,-12.926727,-38.479502,N
10050,40390,salvador,BA,-12.935739,-38.476403,N
10051,40391,salvador,BA,-12.933077,-38.479031,N
10052,40393,salvador,BA,-12.937679,-38.485447,N
10053,40394,salvador,BA,-12.916221,-38.482368,N
10054,40396,salvador,BA,-12.884093,-38.433639,N
10055,40410,salvador,BA,-12.944717,-38.49642,N
10056,40411,salvador,BA,-12.946307,-38.500852,N
10057,40414,salvador,BA,-12.932177,-38.511656,N
10058,40415,salvador,BA,-12.926399,-38.507143,N
10059,40420,salvador,BA,-12.917117,-38.497951,N
10060,40421,salvador,BA,-12.917335,-38.496268,N
10061,40425,salvador,BA,-12.928197,-38.513332,N
10062,40430,salvador,BA,-12.932059,-38.497616,N
10063,40433,salvador,BA,-12.944793,-38.367103,N
10064,40435,salvador,BA,-12.926976,-38.492149,N
10065,40436,salvador,BA,-12.935021,-38.472283,N
10066,40440,salvador,BA,-12.92936,-38.503457,N
10067,40444,salvador,BA,-12.936446,-38.499329,N
10068,40445,salvador,BA,-12.941173,-38.50245,N
10069,40450,salvador,BA,-12.935453,-38.496202,N
10070,40451,salvador,BA,-12.934639,-38.49039,N
10071,40454,salvador,BA,-12.932018,-38.493429,N
10072,40455,salvador,BA,-12.933501,-38.502457,N
10073,40460,salvador,BA,-12.95849,-38.502867,N
10074,40470,salvador,BA,-12.914385,-38.483036,N
10075,40480,salvador,BA,-12.920211,-38.476751,N
10076,40483,salvador,BA,-12.920865,-38.482062,N
10077,40484,salvador,BA,-12.91034,-38.474798,N
10078,40487,salvador,BA,-12.928371,-38.483054,N
10079,40490,salvador,BA,-12.901266,-38.477907,N
10080,40710,salvador,BA,-12.907525,-38.484477,N
10081,40711,salvador,BA,-12.886559,-38.466685,N
10082,40713,salvador,BA,-12.894874,-38.483361,N
10083,40715,salvador,BA,-12.890586,-38.470306,N
10084,40717,salvador,BA,-12.897116,-38.48268,N
10085,40718,salvador,BA,-12.896743,-38.480005,N
10086,40720,salvador,BA,-12.887204,-38.45817,N
10087,40725,salvador,BA,-12.884409,-38.473547,N
10088,40726,salvador,BA,-12.884421,-38.439283,N
10089,40730,salvador,BA,-12.892026,-38.459385,N
10090,40731,salvador,BA,-12.895629,-38.438767,N
10091,40735,salvador,BA,-12.893694,-38.477179,N
10092,40740,salvador,BA,-12.862953,-38.472178,N
10093,40750,salvador,BA,-12.879928,-38.466757,N
10094,40760,salvador,BA,-12.866027,-38.464429,N
10095,40800,salvador,BA,-12.885855,-38.467901,N
10096,40810,salvador,BA,-12.858466,-38.476664,N
10097,40820,salvador,BA,-12.881187,-38.465294,N
10098,40830,salvador,BA,-12.969174,-38.485313,N
10099,41098,salvador,BA,,,N
10100,41100,salvador,BA,-12.969388,-38.466539,N
10101,41110,salvador,BA,-12.971143,-38.461119,N
10102,41120,salvador,BA,-12.97015,-38.461199,N
10103,41130,salvador,BA,-12.965524,-38.450609,N
10104,41150,salvador,BA,-12.958607,-38.467437,N
10105,41152,salvador,BA,-12.956504,-38.454895,N
10106,41180,salvador,BA,-12.959626,-38.448904,N
10107,41181,salvador,BA,-12.953726,-38.439495,N
10108,41185,salvador,BA,-12.946735,-38.451492,N
10109,41190,salvador,BA,-12.93796,-38.467358,N
10110,41192,salvador,BA,-12.956924,-38.4485,N
10111,41194,salvador,BA,-12.962298,-38.439837,N
10112,41195,salvador,BA,-12.944593,-38.45712,N
10113,41197,salvador,BA,-12.94826,-38.46157,N
10114,41200,salvador,BA,-12.947857,-38.461095,N
10115,41204,salvador,BA,-12.939849,-38.467919,N
10116,41205,salvador,BA,-12.930882,-38.44506,N
10117,41207,salvador,BA,-12.942098,-38.449878,N
10118,41210,salvador,BA,-12.949327,-38.448395,N
10119,41211,salvador,BA,-12.946925,-38.443239,N
10120,41213,salvador,BA,-12.939062,-38.438353,N
10121,41214,salvador,BA,-12.930435,-38.443043,N
10122,41215,salvador,BA,-12.937224,-38.43734,N
10123,41217,salvador,BA,-12.9398,-38.453095,N
10124,41218,salvador,BA,-12.944231,-38.437495,N
10125,41219,salvador,BA,-12.929794,-38.450779,N
10126,41220,salvador,BA,-12.958747,-38.477746,N
10127,41225,salvador,BA,-12.932711,-38.46165,N
10128,41227,salvador,BA,-12.934213,-38.467622,N
10129,41230,salvador,BA,-12.918815,-38.450264,N
10130,41231,salvador,BA,-12.917177,-38.442543,N
10131,41233,salvador,BA,-12.90922,-38.453312,N
10132,41235,salvador,BA,-12.921694,-38.442667,N
10133,41245,salvador,BA,-12.915515,-38.44014,N
10134,41247,salvador,BA,-12.915465,-38.445928,N
10135,41250,salvador,BA,-12.933578,-38.427751,N
10136,41253,salvador,BA,-12.93646,-38.436204,N
10137,41260,salvador,BA,-12.927128,-38.418957,N
10138,41262,salvador,BA,-12.9278,-38.407205,N
10139,41270,salvador,BA,-12.923439,-38.463346,N
10140,41275,salvador,BA,-12.917325,-38.465573,N
10141,41280,salvador,BA,-12.911896,-38.46397,N
10142,41285,salvador,BA,-12.915326,-38.470988,N
10143,41290,salvador,BA,-12.906931,-38.458536,N
10144,41291,salvador,BA,-12.949527,-38.464859,N
10145,41295,salvador,BA,-12.897691,-38.46316,N
10146,41297,salvador,BA,-12.902147,-38.467349,N
10147,41300,salvador,BA,-12.863291,-38.435412,N
10148,41301,salvador,BA,-12.880719,-38.437645,N
10149,41305,salvador,BA,-12.894757,-38.449926,N
10150,41306,salvador,BA,-12.935242,-38.484672,N
10151,41307,salvador,BA,-12.941623,-38.464736,N
10152,41308,salvador,BA,-12.872508,-38.428096,N
10153,41310,salvador,BA,-12.893548,-38.43229,N
10154,41311,salvador,BA,-12.899249,-38.438007,N
10155,41315,salvador,BA,-12.903435,-38.446527,N
10156,41320,salvador,BA,-12.904135,-38.437798,N
10157,41321,salvador,BA,-12.903628,-38.433006,N
10158,41322,salvador,BA,-12.903137,-38.429867,N
10159,41330,salvador,BA,-12.899962,-38.421228,N
10160,41333,salvador,BA,-12.891104,-38.434926,N
10161,41334,salvador,BA,-12.947797,-38.442959,N
10162,41335,salvador,BA,-12.894141,-38.421135,N
10163,41336,salvador,BA,-12.913874,-38.431559,N
10164,41337,salvador,BA,-12.923588,-38.433592,N
10165,41338,salvador,BA,-12.899637,-38.414533,N
10166,41339,salvador,BA,-12.893569,-38.407882,N
10167,41340,salvador,BA,-12.894065,-38.408708,N
10168,41341,salvador,BA,-12.886019,-38.412908,N
10169,41342,salvador,BA,-12.901988,-38.405402,N
10170,41343,salvador,BA,-12.903419,-38.401968,N
10171,41345,salvador,BA,-12.910089,-38.41094,N
10172,41347,salvador,BA,,,N
10173,41349,salvador,BA,-12.90731,-38.459388,N
10174,41350,salvador,BA,-12.919454,-38.410082,N
10175,41351,salvador,BA,-12.900531,-38.39963,N
10176,41370,salvador,BA,-12.914614,-38.42055,N
10177,41385,salvador,BA,-12.914878,-38.432959,N
10178,41386,salvador,BA,-12.916603,-38.433655,N
10179,41387,salvador,BA,-12.944344,-38.475029,N
10180,41388,salvador,BA,-12.912214,-38.399932,N
10181,41390,salvador,BA,-12.912605,-38.440678,N
10182,41400,salvador,BA,-12.987828,-38.483077,N
10183,41402,salvador,BA,-12.965139,-38.495938,N
10184,41410,salvador,BA,-12.975612,-38.434644,N
10185,41480,salvador,BA,-12.917662,-38.376975,N
10186,41483,salvador,BA,-12.929709,-38.385689,N
10187,41490,salvador,BA,-12.91127,-38.39473,N
10188,41500,salvador,BA,-12.917781,-38.391815,N
10189,41502,salvador,BA,-12.899625,-38.355757,N
10190,41505,salvador,BA,-12.87322,-38.402722,N
10191,41510,salvador,BA,-12.904636,-38.367522,N
10192,41515,salvador,BA,-12.929539,-38.374179,N
10193,41520,salvador,BA,-12.913448,-38.334985,N
10194,41590,salvador,BA,-12.999659,-38.461919,N
10195,41600,salvador,BA,-12.935537,-38.339469,N
10196,41603,salvador,BA,-12.92672,-38.320691,N
10197,41610,salvador,BA,-12.943098,-38.366187,N
10198,41611,salvador,BA,-12.934688,-38.365148,N
10199,41612,salvador,BA,-12.946785,-38.375531,N
10200,41613,salvador,BA,-12.957505,-38.394809,N
10201,41615,salvador,BA,-12.940479,-38.372609,N
10202,41620,salvador,BA,-12.944689,-38.359524,N
10203,41630,salvador,BA,-12.926963,-38.376509,N
10204,41635,salvador,BA,-12.934049,-38.35926,N
10205,41640,salvador,BA,-12.944479,-38.365606,N
10206,41650,salvador,BA,-12.945584,-38.381686,N
10207,41651,salvador,BA,-12.952609,-38.39017,N
10208,41680,salvador,BA,-12.947677,-38.404662,N
10209,41681,salvador,BA,-12.961908,-38.406854,N
10210,41701,salvador,BA,-12.940421,-38.403302,N
10211,41705,salvador,BA,-12.974929,-38.427617,N
10212,41706,salvador,BA,-12.975553,-38.428999,N
10213,41710,salvador,BA,-12.974973,-38.428897,N
10214,41717,lauro de freitas,BA,-12.876502,-38.335574,N
10215,41720,salvador,BA,-12.969658,-38.434684,N
10216,41730,salvador,BA,-12.935742,-38.376835,N
10217,41740,salvador,BA,-12.962274,-38.410112,N
10218,41741,salvador,BA,-12.968227,-38.415479,N
10219,41745,salvador,BA,-12.940066,-38.4179,N
10220,41750,salvador,BA,-12.983512,-38.437666,N
10221,41760,salvador,BA,-12.991988,-38.446019,N
10222,41770,salvador,BA,-12.982906,-38.447456,N
10223,41800,salvador,BA,-12.987359,-38.466597,N
10224,41810,salvador,BA,-12.992588,-38.453968,N
10225,41815,salvador,BA,-12.99395,-38.466461,N
10226,41820,salvador,BA,-12.982806,-38.458086,N
10227,41825,salvador,BA,-12.994187,-38.465097,N
10228,41830,salvador,BA,-13.002073,-38.463024,N
10229,41900,salvador,BA,-13.011786,-38.471516,N
10230,41905,salvador,BA,-13.003383,-38.474796,N
10231,41906,salvador,BA,-12.990176,-38.46429,N
10232,41915,salvador,BA,-13.002351,-38.478143,N
10233,41920,salvador,BA,-13.003898,-38.480277,N
10234,41925,salvador,BA,-12.999526,-38.474847,N
10235,41927,salvador,BA,-12.98391,-38.474254,N
10236,41940,salvador,BA,-13.009975,-38.486465,N
10237,41941,salvador,BA,-13.012662,-38.479517,N
10238,41950,salvador,BA,-13.009205,-38.494893,N
10239,41970,salvador,BA,-13.002054,-38.503596,N
10240,41980,salvador,BA,-13.010147,-38.495507,N
10241,42600,madre de deus,BA,-12.741679,-38.613482,N
10242,42700,lauro de freitas,BA,-12.883798,-38.313738,N
10243,42701,lauro de freitas,BA,-12.885775,-38.312173,N
10244,42702,lauro de freitas,BA,-12.889543,-38.31485,N
10245,42703,lauro de freitas,BA,-12.892639,-38.323874,N
10246,42704,lauro de freitas,BA,-12.899273,-38.316953,N
10247,42705,lauro de freitas,BA,-12.897195,-38.310221,N
10248,42706,lauro de freitas,BA,-12.898992,-38.303202,N
10249,42707,lauro de freitas,BA,-12.891841,-38.298058,N
10250,42708,lauro de freitas,BA,-12.883525,-38.29788,N
10251,42709,lauro de freitas,BA,-12.87743,-38.295406,N
10252,42710,lauro de freitas,BA,-12.874055,-38.29035,N
10253,42711,lauro de freitas,BA,-12.872504,-38.320069,N
10254,42712,lauro de freitas,BA,-12.882236,-38.315922,N
10255,42713,lauro de freitas,BA,-12.866883,-38.303851,N
10256,42714,lauro de freitas,BA,-12.869465,-38.304152,N
10257,42716,lauro de freitas,BA,,,N
10258,42717,lauro de freitas,BA,-12.87484,-38.333019,N
10259,42721,lauro de freitas,BA,-12.888218,-38.338557,N
10260,42722,lauro de freitas,BA,-12.886185,-38.341561,N
10261,42733,lauro de freitas,BA,-12.84139,-38.338426,N
10262,42738,lauro de freitas,BA,-12.893167,-38.337875,N
10263,42739,lauro de freitas,BA,-12.895493,-38.344599,N
10264,42740,lauro de freitas,BA,-12.885268,-38.351434,N
10265,42800,camacari,BA,-12.701936,-38.324333,N
10266,42801,camacari,BA,-12.713291,-38.313632,N
10267,42802,camacari,BA,-12.710369,-38.316869,N
10268,42803,camacari,BA,-12.711949,-38.320991,N
10269,42804,camacari,BA,-12.717756,-38.327881,N
10270,42805,camacari,BA,-12.709893,-38.333508,N
10271,42806,camacari,BA,-12.703257,-38.333687,N
10272,42807,camaçari,BA,-12.694262,-38.333116,N
10273,42808,camacari,BA,-12.69013,-38.331717,N
10274,42809,camacari,BA,-12.694581,-38.322715,N
10275,42810,camacari,BA,-12.665028,-38.305957,N
10276,42820,monte gordo,BA,-12.625606,-38.074573,N
10277,42827,camacari,BA,-12.660831,-38.090911,N
10278,42833,barra do jacuipe,BA,-11.869525,-40.219606,N
10279,42835,arembepe,BA,-12.724845,-38.21639,N
10280,42840,abrantes,BA,-12.829741,-38.264986,N
10281,42841,abrantes,BA,-12.849959,-38.278479,N
10282,42843,jaua,BA,,,N
10283,42849,camacari,BA,-12.764135,-38.322694,N
10284,42850,dias d'ávila,BA,-12.613382,-38.301073,N
10285,43700,simoes filho,BA,-12.792102,-38.392772,N
10286,43805,candeias,BA,-12.671493,-38.54447,N
10287,43806,candeias,BA,-12.838254,-38.732015,N
10288,43810,candeias,BA,-12.893005,-38.756718,N
10289,43813,candeias,BA,-12.664049,-38.50139,N
10290,43815,candeias,BA,-12.667387,-38.537079,N
10291,43820,candeias,BA,-12.673022,-38.539291,N
10292,43825,candeias,BA,-12.855406,-38.716425,N
10293,43840,passé,BA,-12.72946,-38.525362,N
10294,43843,menino jesus,BA,-12.713408,-38.45153,N
10295,43845,passagem dos teixeiras,BA,-12.7342,-38.446635,N
10296,43850,sao sebastiao do passe,BA,-12.499831,-38.752984,N
10297,43870,jacuipe,BA,,,N
10298,43900,sao francisco do conde,BA,-12.623601,-38.672969,N
10299,44001,feira de santana,BA,-12.256296,-38.960748,N
10300,44002,feira de santana,BA,-12.253206,-38.967644,N
10301,44003,feira de santana,BA,-12.26574,-38.959844,N
10302,44004,feira de santana,BA,-12.266584,-38.9669,N
10303,44005,feira de santana,BA,-12.267821,-38.972158,N
10304,44006,feira de santana,BA,-12.275314,-38.976237,N
10305,44007,feira de santana,BA,-12.262767,-38.980917,N
10306,44008,feira de santana,BA,-12.25186,-38.971293,N
10307,44009,feira de santana,BA,-12.247603,-38.976215,N
10308,44010,feira de santana,BA,-12.279679,-38.966322,N
10309,44013,feira de santana,BA,-12.284829,-38.985864,N
10310,44018,feira de santana,BA,-12.245637,-38.970303,N
10311,44019,feira de santana,BA,-12.247893,-38.988427,N
10312,44020,feira de santana,BA,-12.239274,-38.968281,N
10313,44021,feira de santana,BA,-12.241862,-38.972722,N
10314,44022,feira de santana,BA,-12.244652,-38.974394,N
10315,44023,feira de santana,BA,-12.250948,-38.976196,N
10316,44024,feira de santana,BA,-12.244274,-38.979613,N
10317,44025,feira de santana,BA,-12.247289,-38.989311,N
10318,44028,feira de santana,BA,-12.237589,-38.979324,N
10319,44030,feira de santana,BA,-12.220335,-38.996366,N
10320,44031,feira de santana,BA,-12.222189,-38.984537,N
10321,44032,feira de santana,BA,-12.224876,-38.971796,N
10322,44033,feira de santana,BA,-12.220248,-38.973511,N
10323,44034,feira de santana,BA,-12.207831,-38.969516,N
10324,44035,feira de santana,BA,-12.194262,-38.988184,N
10325,44036,feira de santana,BA,-12.185649,-38.962559,N
10326,44038,feira de santana,BA,-12.234716,-38.951854,N
10327,44042,feira de santana,BA,-12.215627,-38.996032,N
10328,44043,feira de santana,BA,-12.243345,-38.943693,N
10329,44044,feira de santana,BA,-12.210155,-38.990267,N
10330,44045,feira de santana,BA,-12.248426,-38.948554,N
10331,44046,feira de santana,BA,-12.19596,-38.99463,N
10332,44050,feira de santana,BA,-12.240493,-38.958679,N
10333,44051,feira de santana,BA,-12.241927,-38.950902,N
10334,44052,feira de santana,BA,-12.244609,-38.943747,N
10335,44053,feira de santana,BA,-12.229391,-38.959471,N
10336,44054,feira de santana,BA,-12.217395,-38.959308,N
10337,44055,feira de santana,BA,-12.208452,-38.962749,N
10338,44056,feira de santana,BA,-12.224885,-38.949607,N
10339,44057,feira de santana,BA,-12.219103,-38.9384,N
10340,44059,feira de santana,BA,-12.204287,-38.945165,N
10341,44061,feira de santana,BA,-12.215384,-38.957264,N
10342,44062,feira de santana,BA,-12.267752,-38.956552,N
10343,44063,feira de santana,BA,-12.280588,-38.958951,N
10344,44065,feira de santana,BA,-12.234974,-38.938215,N
10345,44066,feira de santana,BA,-12.231245,-38.935015,N
10346,44067,feira de santana,BA,-12.235626,-38.925832,N
10347,44070,feira de santana,BA,-12.263958,-38.943032,N
10348,44071,feira de santana,BA,-12.242002,-38.91814,N
10349,44072,feira de santana,BA,-12.233925,-38.905825,N
10350,44073,feira de santana,BA,-12.24387,-38.890215,N
10351,44075,feira de santana,BA,-12.253483,-38.951224,N
10352,44076,feira de santana,BA,-12.258128,-38.944434,N
10353,44077,feira de santana,BA,-12.262566,-38.940407,N
10354,44078,feira de santana,BA,-12.266961,-38.933106,N
10355,44079,feira de santana,BA,-12.261716,-38.929776,N
10356,44082,feira de santana,BA,-12.259411,-38.932198,N
10357,44085,feira de santana,BA,-12.248223,-38.92054,N
10358,44086,feira de santana,BA,-12.253333,-38.908675,N
10359,44088,feira de santana,BA,-12.269614,-38.95073,N
10360,44089,feira de santana,BA,-12.267647,-38.943436,N
10361,44090,feira de santana,BA,-12.281957,-38.956739,N
10362,44091,feira de santana,BA,-12.292151,-38.951875,N
10363,44092,feira de santana,BA,-12.299315,-38.95211,N
10364,44094,feira de santana,BA,-12.27699,-38.946488,N
10365,44095,feira de santana,BA,-12.287818,-38.939536,N
10366,44096,feira de santana,BA,-12.295229,-38.917321,N
10367,44097,feira de santana,BA,-12.312182,-38.895993,N
10368,44135,humildes,BA,,,N
10369,44150,santa barbara,BA,-11.957249,-38.973369,N
10370,44160,tanquinho,BA,-11.974648,-39.10634,N
10371,44180,antonio cardoso,BA,-12.437693,-39.120457,N
10372,44190,santo estevao,BA,-12.434212,-39.253063,N
10373,44200,santo amaro,BA,-12.550877,-38.706479,N
10374,44218,acupe,BA,-12.661775,-38.751329,N
10375,44220,saubara,BA,-12.743405,-38.768745,N
10376,44230,amélia rodrigues,BA,-12.401074,-38.754495,N
10377,44245,conceicao do jacuipe,BA,-12.319657,-38.774523,N
10378,44250,coração de maria,BA,-12.229143,-38.757794,N
10379,44255,irara,BA,-12.04413,-38.765647,N
10380,44260,santanópolis,BA,-12.024771,-38.866107,N
10381,44270,terra nova,BA,-12.404056,-38.621457,N
10382,44280,teodoro sampaio,BA,-12.304099,-38.640738,N
10383,44300,cachoeira,BA,-12.596261,-38.968636,N
10384,44320,conceicao da feira,BA,-12.488128,-38.993034,N
10385,44330,sao goncalo dos campos,BA,-12.429102,-38.94798,N
10386,44340,muritiba,BA,-12.622424,-38.989468,N
10387,44345,cabaceiras do paraguacu,BA,-12.561825,-39.18154,N
10388,44350,governador mangabeira,BA,-12.601161,-39.045825,N
10389,44360,são félix,BA,-12.606968,-38.969289,N
10390,44380,cruz das almas,BA,-12.670246,-39.103277,N
10391,44400,nazare,BA,-13.024719,-39.007329,N
10392,44420,maragogipe,BA,-12.781837,-38.915867,N
10393,44428,sao roque do paraguacu,BA,-23.514303,-47.130839,N
10394,44450,salinas da margarida,BA,-12.874081,-38.760464,N
10395,44460,itaparica,BA,-12.898324,-38.668684,N
10396,44470,vera cruz,BA,-12.985504,-38.641296,N
10397,44480,jaguaripe,BA,-13.102382,-38.885804,N
10398,44490,aratuipe,BA,-13.073063,-38.993933,N
10399,44500,castro alves,BA,-12.766479,-39.422391,N
10400,44520,rafael jambeiro,BA,-12.44088,-39.504262,N
10401,44530,sapeacu,BA,-12.731409,-39.187453,N
10402,44540,conceicao do almeida,BA,-12.778657,-39.167318,N
10403,44550,sao felipe,BA,-12.846031,-39.089897,N
10404,44560,dom macedo costa,BA,-12.906138,-39.192076,N
10405,44565,varzedo,BA,-12.975893,-39.395273,N
10406,44570,santo antonio de jesus,BA,-12.973463,-39.267569,N
10407,44571,santo antonio de jesus,BA,-12.967176,-39.243114,N
10408,44572,santo antonio de jesus,BA,-12.939019,-39.260131,N
10409,44573,santo antonio de jesus,BA,-12.961921,-39.248479,N
10410,44574,santo antonio de jesus,BA,-12.970291,-39.251413,N
10411,44575,muniz ferreira,BA,-13.003265,-39.097964,N
10412,44580,são miguel das matas,BA,-13.047657,-39.454394,N
10413,44590,santa teresinha,BA,-12.745713,-39.520316,N
10414,44600,ipira,BA,-12.154534,-39.740461,N
10415,44610,pintadas,BA,-11.812466,-39.907061,N
10416,44620,baixa grande,BA,-11.961473,-40.167789,N
10417,44630,mairi,BA,-11.71051,-40.149504,N
10418,44635,varzea da roca,BA,-11.606705,-40.13294,N
10419,44640,riachao do jacuipe,BA,-11.8079,-39.383165,N
10420,44642,nova fatima,BA,-11.608127,-39.630423,N
10421,44645,capela do alto alegre,BA,-11.671554,-39.835957,N
10422,44650,gaviao,BA,-11.471286,-39.78269,N
10423,44655,pé de serra,BA,-11.836545,-39.612862,N
10424,44660,serra preta,BA,-12.156444,-39.437202,N
10425,44670,anguera,BA,-12.150285,-39.24596,N
10426,44680,ipecaeta,BA,-12.311407,-39.309509,N
10427,44690,varzea nova,BA,-11.257277,-40.943927,N
10428,44695,capim grosso,BA,-11.378158,-40.011744,N
10429,44698,sao jose do jacuipe,BA,-11.446958,-39.944579,N
10430,44700,jacobina,BA,-11.185949,-40.509835,N
10431,44710,serrolandia,BA,-11.418713,-40.292376,N
10432,44713,quixabeira,BA,-11.418441,-40.123572,N
10433,44715,varzea do poco,BA,-11.527259,-40.316615,N
10434,44718,ourolandia,BA,-10.908865,-41.133987,N
10435,44720,miguel calmon,BA,-11.430232,-40.597436,N
10436,44730,caém,BA,-11.115153,-40.391749,N
10437,44740,saude,BA,-10.939839,-40.420611,N
10438,44745,mirangaba,BA,-10.944793,-40.568699,N
10439,44750,caldeirão grande,BA,-11.107533,-40.070473,N
10440,44755,ponto novo,BA,-10.875985,-40.128022,N
10441,44770,pindobacu,BA,-10.740203,-40.378334,N
10442,44775,filadelfia,BA,-10.742273,-40.133475,N
10443,44780,antonio goncalves,BA,-10.572745,-40.275826,N
10444,44790,campo formoso,BA,-10.504092,-40.326104,N
10445,44798,umburanas,BA,-10.731455,-41.323308,N
10446,44800,mundo novo,BA,-11.872145,-40.482446,N
10447,44830,piritiba,BA,-11.730754,-40.555252,N
10448,44840,tapiramuta,BA,-11.847671,-40.792519,N
10449,44850,morro do chapeu,BA,-11.548026,-41.159166,N
10450,44880,cafarnaum,BA,-11.687022,-41.465658,N
10451,44885,mulungu do morro,BA,-11.983421,-41.611125,N
10452,44890,canarana,BA,-11.716138,-41.767159,N
10453,44892,salobro,BA,-11.86046,-41.75397,N
10454,44895,barro alto,BA,-11.769488,-41.901853,N
10455,44900,irecê,BA,-11.304164,-41.855805,N
10456,44905,lapao,BA,-11.383519,-41.83193,N
10457,44910,america dourada,BA,-11.455347,-41.457922,N
10458,44915,sao gabriel,BA,-11.215761,-41.860439,N
10459,44920,joao dourado,BA,-11.347192,-41.661001,N
10460,44925,jussara,BA,-11.037641,-41.957316,N
10461,44930,presidente dutra,BA,-11.29634,-41.988764,N
10462,44940,central,BA,-11.136698,-42.106664,N
10463,44950,uibai,BA,-11.327156,-42.134608,N
10464,44960,ibitita,BA,-11.543743,-41.975678,N
10465,44970,ibipeba,BA,-11.615597,-42.055243,N
10466,44990,barra do mendes,BA,-11.815676,-42.059526,N
10467,45000,vitoria da conquista,BA,-14.852319,-40.842747,N
10468,45002,vitória da conquista,BA,-14.843901,-40.842459,N
10469,45003,vitoria da conquista,BA,-14.841921,-40.834099,N
10470,45005,vitoria da conquista,BA,-14.849887,-40.830089,N
10471,45008,vitoria da conquista,BA,-14.81712,-40.77611,N
10472,45009,vitoria da conquista,BA,-14.852564,-40.812621,N
10473,45010,vitoria da conquista,BA,-14.853568,-40.845274,N
10474,45012,vitoria da conquista,BA,-14.852946,-40.805701,N
10475,45015,vitoria da conquista,BA,-14.847991,-40.845781,N
10476,45020,vitória da conquista,BA,-14.85965,-40.836889,N
10477,45023,vitoria da conquista,BA,-14.865255,-40.846091,N
10478,45025,vitoria da conquista,BA,-14.856427,-40.852185,N
10479,45026,vitoria da conquista,BA,-14.872079,-40.835673,N
10480,45027,vitória da conquista,BA,-14.877157,-40.844558,N
10481,45028,vitoria da conquista,BA,-14.86184,-40.823996,N
10482,45029,vitória da conquista,BA,-14.874772,-40.811095,N
10483,45031,vitoria da conquista,BA,-14.881767,-40.812743,N
10484,45035,vitoria da conquista,BA,-14.841868,-40.842552,N
10485,45037,vitoria da conquista,BA,-14.904418,-40.83464,N
10486,45050,vitoria da conquista,BA,-14.882839,-40.830671,N
10487,45051,vitoria da conquista,BA,-14.855443,-40.854645,N
10488,45052,vitoria da conquista,BA,-14.872332,-40.860824,N
10489,45053,vitoria da conquista,BA,-14.859551,-40.854316,N
10490,45055,vitória da conquista,BA,-14.864701,-40.842589,N
10491,45058,vitoria da conquista,BA,-14.930478,-40.887092,N
10492,45061,vitoria da conquista,BA,-14.882826,-40.873527,N
10493,45065,vitoria da conquista,BA,-14.873521,-40.858006,N
10494,45066,vitoria da conquista,BA,-14.880644,-40.855041,N
10495,45070,vitoria da conquista,BA,-14.850704,-40.874024,N
10496,45075,vitoria da conquista,BA,-14.846953,-40.854541,N
10497,45077,vitória da conquista,BA,-14.859875,-40.86224,N
10498,45078,vitoria da conquista,BA,-14.838057,-40.875717,N
10499,45079,vitória da conquista,BA,-14.842201,-40.890733,N
10500,45085,vitoria da conquista,BA,-14.839383,-40.846911,N
10501,45089,vitoria da conquista,BA,-14.828166,-40.82744,N
10502,45095,vitoria da conquista,BA,-14.90849,-40.840394,N
10503,45104,vitoria da conquista,BA,-14.879821,-40.891212,N
10504,45120,barra do choca,BA,-14.792825,-40.625293,N
10505,45130,caatiba,BA,-14.97818,-40.409155,N
10506,45140,itambe,BA,-15.245677,-40.623669,N
10507,45150,encruzilhada,BA,-15.533259,-40.910207,N
10508,45155,ribeirao do largo,BA,-15.485118,-40.681054,N
10509,45157,cândido sales,BA,-15.477954,-41.245714,N
10510,45160,belo campo,BA,-15.037198,-41.260554,N
10511,45170,tremedal,BA,-14.975692,-41.411948,N
10512,45177,caraibas,BA,-14.697586,-41.265887,N
10513,45180,anage,BA,-14.611361,-41.136383,N
10514,45190,planalto,BA,-14.670953,-40.479649,N
10515,45195,planalto,BA,-17.733263,-42.527508,N
10516,45200,jequie,BA,-13.859998,-40.084668,N
10517,45201,jequie,BA,-13.857465,-40.101084,N
10518,45202,jequie,BA,-13.860444,-40.095628,N
10519,45203,jequie,BA,-13.853354,-40.081684,N
10520,45204,jequie,BA,-13.856298,-40.062425,N
10521,45205,jequie,BA,-13.867931,-40.067208,N
10522,45206,jequie,BA,-13.868811,-40.059627,N
10523,45207,jequie,BA,-13.869194,-40.05451,N
10524,45208,jequie,BA,-13.866409,-40.068866,N
10525,45209,jequie,BA,-13.871931,-40.066436,N
10526,45210,jequie,BA,-13.870854,-40.082238,N
10527,45211,jequie,BA,-13.872087,-40.094511,N
10528,45215,lafaiete coutinho,BA,-13.655886,-40.212716,N
10529,45220,aiquara,BA,-14.126272,-39.889927,N
10530,45225,jitauna,BA,-14.016943,-39.89033,N
10531,45230,itagi,BA,-14.163996,-40.005566,N
10532,45240,manoel vitorino,BA,-14.129885,-40.297245,N
10533,45245,catingal,BA,-14.045719,-40.562251,N
10534,45250,boa nova,BA,-14.364076,-40.207778,N
10535,45255,mirante,BA,-14.240923,-40.769625,N
10536,45260,pocoes,BA,-14.528305,-40.367157,N
10537,45263,bom jesus da serra,BA,-14.37389,-40.507204,N
10538,45265,caetanos,BA,-14.340477,-40.907727,N
10539,45270,nova canaa,BA,-14.669574,-40.12228,N
10540,45280,iguaí,BA,-14.753643,-40.088915,N
10541,45285,iguaibi,BA,-14.752162,-40.090126,N
10542,45290,ibicui,BA,-14.843072,-39.986286,N
10543,45300,amargosa,BA,-13.027916,-39.601691,N
10544,45305,elisio medrado,BA,-12.945754,-39.52142,N
10545,45310,ubaira,BA,-13.266837,-39.667643,N
10546,45312,engenheiro franca,BA,-13.2425,-39.75806,N
10547,45315,milagres,BA,-12.870182,-39.855022,N
10548,45320,santa ines,BA,-13.292728,-39.818934,N
10549,45325,brejões,BA,-13.100003,-39.809154,N
10550,45330,cravolandia,BA,-13.358412,-39.813553,N
10551,45340,itaquara,BA,-13.450368,-39.939176,N
10552,45345,jaguaquara,BA,-13.528891,-39.977319,N
10553,45350,itirucu,BA,-13.533126,-40.151238,N
10554,45355,apuarema,BA,-13.856428,-39.74441,N
10555,45360,maracás,BA,-13.439365,-40.433311,N
10556,45365,lajedo do tabocal,BA,-13.475128,-40.221229,N
10557,45370,irajuba,BA,-13.25351,-40.086188,N
10558,45375,planaltino,BA,-13.388774,-40.378816,N
10559,45390,nova itarana,BA,-13.026096,-40.067066,N
10560,45400,valenca,BA,-13.367204,-39.071966,N
10561,45416,presidente tancredo neves,BA,-13.44682,-39.42751,N
10562,45420,cairu,BA,-13.484783,-39.02506,N
10563,45428,morro de sao paulo,BA,-16.746868,-41.474088,N
10564,45430,taperoa,BA,-13.53518,-39.10061,N
10565,45435,ituberá,BA,-13.735025,-39.146917,N
10566,45436,pirai do norte,BA,-13.765552,-39.377311,N
10567,45440,nilo peçanha,BA,-13.603554,-39.100606,N
10568,45443,igrapiúna,BA,-13.822787,-39.142188,N
10569,45445,camamu,BA,-13.949892,-39.111669,N
10570,45450,gandu,BA,-13.74478,-39.486616,N
10571,45452,nova ibia,BA,-13.810782,-39.623559,N
10572,45455,itamari,BA,-13.779543,-39.684854,N
10573,45460,wenceslau guimaraes,BA,-13.67082,-39.49919,N
10574,45465,teolândia,BA,-13.247299,-39.407199,N
10575,45470,jiquiriçá,BA,-13.256838,-39.57175,N
10576,45480,mutuípe,BA,-13.2283,-39.506296,N
10577,45490,laje,BA,-13.170497,-39.424623,N
10578,45500,ibirapitanga,BA,-14.151111,-39.384047,N
10579,45520,marau,BA,-14.07827,-39.006148,N
10580,45530,itacare,BA,-14.279696,-38.9938,N
10581,45534,itacare,BA,-14.277952,-38.995374,N
10582,45540,gongogi,BA,-14.324174,-39.466175,N
10583,45545,ubaitaba,BA,-14.311606,-39.318438,N
10584,45550,ubatã,BA,-14.213625,-39.522955,N
10585,45560,barra do rocha,BA,-14.208802,-39.602125,N
10586,45570,ipiau,BA,-14.134256,-39.736288,N
10587,45580,ibirataia,BA,-14.067914,-39.639913,N
10588,45585,itagibá,BA,-14.264155,-39.83383,N
10589,45590,dario meira,BA,-14.43257,-39.904579,N
10590,45600,itabuna,BA,-14.793365,-39.278459,N
10591,45601,itabuna,BA,-14.815189,-39.30264,N
10592,45602,itabuna,BA,-14.787111,-39.283913,N
10593,45603,itabuna,BA,-14.781825,-39.272772,N
10594,45604,itabuna,BA,-14.776415,-39.265767,N
10595,45605,itabuna,BA,-14.795317,-39.270923,N
10596,45606,itabuna,BA,-14.804765,-39.265688,N
10597,45607,itabuna,BA,-14.811227,-39.274914,N
10598,45608,itabuna,BA,-14.812767,-39.280651,N
10599,45610,jussari,BA,-15.191487,-39.494802,N
10600,45611,itabuna,BA,-14.811348,-39.301334,N
10601,45613,itabuna,BA,-14.827391,-39.314583,N
10602,45615,buerarema,BA,-14.957801,-39.303426,N
10603,45620,sao jose da vitoria,BA,-15.084011,-39.339561,N
10604,45622,jussari,BA,-14.597056,-39.847827,N
10605,45625,barro preto,BA,-14.808885,-39.473271,N
10606,45630,itajuipe,BA,-14.674935,-39.376343,N
10607,45638,coaraci,BA,-14.635923,-39.554725,N
10608,45640,almadina,BA,-14.704574,-39.637594,N
10609,45645,itapitanga,BA,-14.426905,-39.565674,N
10610,45650,ilheus,BA,-14.796185,-39.042784,N
10611,45651,ilheus,BA,-14.785945,-39.046682,N
10612,45652,ilheus,BA,-14.790231,-39.035189,N
10613,45653,ilheus,BA,-14.79915,-39.034067,N
10614,45654,ilhéus,BA,-14.811679,-39.032515,N
10615,45655,ilheus,BA,-14.822844,-39.031909,N
10616,45656,ilheus,BA,-14.822631,-39.03423,N
10617,45657,ilheus,BA,-14.796556,-39.059716,N
10618,45658,ilheus,BA,-14.778698,-39.057326,N
10619,45661,ilheus,BA,-14.790687,-39.05852,N
10620,45662,ilheus,BA,-14.805138,-39.039484,N
10621,45675,aurelino leal,BA,-14.327924,-39.368162,N
10622,45680,urucuca,BA,-14.590521,-39.285935,N
10623,45690,una,BA,-15.288028,-39.079159,N
10624,45695,arataca,BA,-15.261549,-39.416715,N
10625,45700,itapetinga,BA,-15.250876,-40.24424,N
10626,45710,itororo,BA,-15.110415,-40.067071,N
10627,45712,rio do meio,BA,-12.980285,-38.435655,N
10628,45720,firmino alves,BA,-14.959674,-39.920899,N
10629,45725,santa cruz da vitoria,BA,-14.962521,-39.810764,N
10630,45730,itaju do colonia,BA,-15.150717,-39.68291,N
10631,45740,floresta azul,BA,-14.859279,-39.660682,N
10632,45745,ibicarai,BA,-14.864972,-39.590787,N
10633,45750,itape,BA,-14.895677,-39.425319,N
10634,45760,macarani,BA,-15.561054,-40.424889,N
10635,45770,maiquinique,BA,-15.625524,-40.263765,N
10636,45780,itarantim,BA,-15.654545,-40.063551,N
10637,45790,potiragua,BA,-15.629231,-39.79597,N
10638,45800,belmonte,BA,-15.861265,-38.878793,N
10639,45807,santa cruz cabrália,BA,-16.25037,-39.04155,N
10640,45810,porto seguro,BA,-16.432027,-39.075629,N
10641,45816,arraial d ajuda,BA,-16.400187,-39.262747,N
10642,45818,trancoso,BA,-16.581827,-39.136345,N
10643,45820,eunapolis,BA,-16.375216,-39.587551,N
10644,45821,eunapolis,BA,-16.365477,-39.588715,N
10645,45822,eunapolis,BA,-16.358347,-39.587053,N
10646,45823,eunapolis,BA,-16.339032,-39.578063,N
10647,45824,eunapolis,BA,-16.367639,-39.573648,N
10648,45825,eunapolis,BA,-16.369173,-39.573052,N
10649,45826,eunapolis,BA,-16.36729,-39.57626,N
10650,45828,eunapolis,BA,-16.368759,-39.573238,N
10651,45829,eunapolis,BA,-16.368364,-39.573411,N
10652,45830,eunapolis,BA,-16.381116,-39.572509,N
10653,45834,jucurucu,BA,-16.841061,-40.144347,N
10654,45836,itamaraju,BA,-17.036946,-39.534542,N
10655,45840,guaratinga,BA,-16.583957,-39.781497,N
10656,45848,itabela,BA,-16.576892,-39.560076,N
10657,45850,itagimirim,BA,-16.088462,-39.614366,N
10658,45855,itapebi,BA,-15.969695,-39.532207,N
10659,45860,canavieiras,BA,-15.673596,-38.949305,N
10660,45865,santa luzia,BA,-15.432318,-39.329811,N
10661,45870,mascote,BA,-15.588428,-39.372931,N
10662,45880,camacan,BA,-15.41435,-39.495594,N
10663,45890,pau brasil,BA,-15.464698,-39.653038,N
10664,45900,caravelas,BA,-17.706766,-39.310129,N
10665,45910,alcobaca,BA,-17.497804,-39.262353,N
10666,45920,nova vicosa,BA,-17.898358,-39.37363,N
10667,45928,posto da mata,BA,-17.88645,-39.861698,N
10668,45930,mucuri,BA,-18.071603,-39.568371,N
10669,45936,itabata,BA,-14.753814,-39.239425,N
10670,45940,ibirapua,BA,-17.686704,-40.108305,N
10671,45950,lajedao,BA,-17.612033,-40.345154,N
10672,45955,vereda,BA,-17.256417,-40.020705,N
10673,45960,medeiros neto,BA,-17.375406,-40.222364,N
10674,45968,itupeva,BA,-17.474623,-40.297628,N
10675,45970,itanhem,BA,-17.153107,-40.332421,N
10676,45972,ibirajá,BA,-17.171755,-40.253693,N
10677,45975,batinga,BA,-12.933428,-38.498472,N
10678,45980,prado,BA,-17.328471,-39.224801,N
10679,45983,cumuruxatiba,BA,-14.0965,-37.762553,N
10680,45985,teixeira de freitas,BA,-17.509391,-39.772176,N
10681,45986,teixeira de freitas,BA,-17.463044,-39.826155,N
10682,45987,teixeira de freitas,BA,-17.534886,-39.734425,N
10683,45988,teixeira de freitas,BA,-17.529788,-39.715452,N
10684,45989,teixeira de freitas,BA,-17.541285,-39.71721,N
10685,45990,teixeira de freitas,BA,-17.544177,-39.727569,N
10686,45991,teixeira de freitas,BA,-17.547932,-39.747899,N
10687,45992,teixeira de freitas,BA,-17.546879,-39.74329,N
10688,45993,teixeira de freitas,BA,-17.54199,-39.752685,N
10689,45994,teixeira de freitas,BA,-17.533461,-39.759029,N
10690,45995,teixeira de freitas,BA,-17.520981,-39.747483,N
10691,45996,teixeira de freitas,BA,-17.53271,-39.735622,N
10692,45997,teixeira de freitas,BA,-17.540585,-39.734884,N
10693,45998,teixeira de freitas,BA,-17.540705,-39.749019,N
10694,46100,brumado,BA,-14.20546,-41.671112,N
10695,46103,itaquarai,BA,-14.03735,-41.73431,N
10696,46110,malhada de pedras,BA,-14.385262,-41.879573,N
10697,46130,aracatu,BA,-14.417742,-41.449894,N
10698,46140,livramento de nossa senhora,BA,-13.670531,-41.871128,N
10699,46165,dom basilio,BA,-13.776498,-41.769035,N
10700,46170,rio de contas,BA,-13.570079,-41.805814,N
10701,46180,erico cardoso,BA,-13.419249,-42.129738,N
10702,46190,paramirim,BA,-13.453318,-42.239505,N
10703,46200,condeuba,BA,-14.899946,-41.969844,N
10704,46205,guajeru,BA,-14.551905,-41.955702,N
10705,46220,rio do antônio,BA,-14.404103,-42.077622,N
10706,46225,ibitira,BA,-14.205944,-42.116261,N
10707,46250,presidente janio quadros,BA,-14.685749,-41.680429,N
10708,46255,maetinga,BA,-14.664768,-41.492661,N
10709,46270,piripa,BA,-14.943192,-41.71785,N
10710,46280,cordeiros,BA,-15.039252,-41.934325,N
10711,46290,mortugaba,BA,-15.024266,-42.369716,N
10712,46300,cacule,BA,-14.501218,-42.223141,N
10713,46310,jacaraci,BA,-14.843345,-42.424919,N
10714,46315,irundiara,BA,-14.792131,-42.271253,N
10715,46330,licinio de almeida,BA,-14.680469,-42.50351,N
10716,46335,tauape,BA,-14.589244,-42.438117,N
10717,46350,urandi,BA,-14.768416,-42.655849,N
10718,46360,pindai,BA,-14.48815,-42.685108,N
10719,46380,candiba,BA,-14.408791,-42.86475,N
10720,46390,ibiassucê,BA,-14.271363,-42.257055,N
10721,46400,caetite,BA,-14.064001,-42.487588,N
10722,46410,maniacu,BA,-12.401242,-38.754022,N
10723,46425,lagoa real,BA,-14.036242,-42.141504,N
10724,46430,guanambi,BA,-14.223207,-42.783398,N
10725,46438,iuiu,BA,-14.411549,-43.553051,N
10726,46440,malhada,BA,-14.332532,-43.762313,N
10727,46445,carinhanha,BA,-14.294698,-43.770479,N
10728,46446,feira da mata,BA,-14.212714,-44.283247,N
10729,46450,sebastiao laranjeiras,BA,-14.55139,-42.996874,N
10730,46460,palmas de monte alto,BA,-14.259196,-43.166418,N
10731,46470,riacho de santana,BA,-13.611642,-42.936753,N
10732,46480,matina,BA,-13.910394,-42.845492,N
10733,46490,igapora,BA,-13.775638,-42.714084,N
10734,46500,macaubas,BA,-13.020324,-42.692867,N
10735,46530,boquira,BA,-12.796852,-42.711309,N
10736,46540,ibipitanga,BA,-12.880392,-42.487107,N
10737,46550,rio do pires,BA,-13.124722,-42.28653,N
10738,46560,ibiajara,BA,13.00142,-23.583939,N
10739,46570,botupora,BA,-13.379247,-42.522311,N
10740,46575,caturama,BA,-13.331276,-42.293529,N
10741,46580,tanque novo,BA,-13.548673,-42.49498,N
10742,46600,tanhacu,BA,-14.059502,-41.234997,N
10743,46620,contendas do sincorá,BA,-13.768005,-41.077254,N
10744,46640,ituaçu,BA,-13.815446,-41.298849,N
10745,46650,barra da estiva,BA,-13.627304,-41.327642,N
10746,46670,jussiape,BA,-13.514782,-41.59316,N
10747,46690,abaira,BA,-13.250612,-41.663882,N
10748,46700,ibitiara,BA,-12.620604,-42.236483,N
10749,46730,novo horizonte,BA,-12.811321,-42.161856,N
10750,46740,boninal,BA,-12.709313,-41.830256,N
10751,46750,mucugê,BA,-13.00879,-41.374109,N
10752,46760,ibicoara,BA,-13.387055,-41.317666,N
10753,46765,piata,BA,-13.11065,-41.688701,N
10754,46766,inubia,BA,-13.025071,-40.186483,N
10755,46770,iramaia,BA,-13.293709,-40.95756,N
10756,46780,marcionilio souza,BA,-13.021742,-40.568847,N
10757,46790,itaete,BA,-13.006217,-41.006012,N
10758,46800,ruy barbosa,BA,-12.283351,-40.498589,N
10759,46805,macajuba,BA,-12.138759,-40.328194,N
10760,46810,utinga,BA,-12.080263,-41.095618,N
10761,46820,bonito,BA,-11.968975,-41.266549,N
10762,46825,lajedinho,BA,-12.355009,-40.903527,N
10763,46830,andaraí,BA,-12.787871,-41.291232,N
10764,46833,ubiraita,BA,-12.593721,-41.014423,N
10765,46835,nova redencao,BA,-12.816131,-41.069748,N
10766,46840,ibiquera,BA,-12.647789,-40.933356,N
10767,46850,boa vista do tupim,BA,-12.674494,-40.644121,N
10768,46860,iacu,BA,-12.771218,-40.209872,N
10769,46865,joão amaro,BA,-12.799917,-40.354005,N
10770,46875,itatim,BA,-12.709999,-39.698359,N
10771,46880,itaberaba,BA,-12.52611,-40.307958,N
10772,46900,seabra,BA,-12.419056,-41.772112,N
10773,46930,palmeiras,BA,-12.516888,-41.57768,N
10774,46960,lencois,BA,-12.549771,-41.384178,N
10775,46970,wagner,BA,-12.282863,-41.167699,N
10776,46980,iraquara,BA,-12.246595,-41.603071,N
10777,46985,iraporanga,BA,-12.283642,-41.512624,N
10778,46990,souto soares,BA,-12.082122,-41.65174,N
10779,47100,barra,BA,-11.091427,-43.145451,N
10780,47115,muquém de são francisco,BA,-12.114786,-43.553055,N
10781,47120,buritirama,BA,-10.715086,-43.634283,N
10782,47150,santa rita de cassia,BA,-10.989306,-44.510732,N
10783,47160,mansidao,BA,-10.719509,-44.034708,N
10784,47200,remanso,BA,-9.620891,-42.081473,N
10785,47220,campo alegre de lourdes,BA,-9.51236,-43.023322,N
10786,47240,pilao arcado,BA,-9.996898,-42.485368,N
10787,47300,casa nova,BA,-9.177388,-40.981303,N
10788,47310,santana do sobrado,BA,-2.558106,-35.159028,N
10789,47350,sento sé,BA,-9.743373,-41.8693,N
10790,47400,xique-xique,BA,-10.823373,-42.72713,N
10791,47440,itaguacu da bahia,BA,-11.009288,-42.398968,N
10792,47450,gentio do ouro,BA,-11.430397,-42.505533,N
10793,47500,paratinga,BA,-12.693721,-43.182149,N
10794,47520,ibotirama,BA,-12.173955,-43.214781,N
10795,47530,oliveira dos brejinhos,BA,-12.315532,-42.883461,N
10796,47560,brotas de macaubas,BA,-12.007079,-42.619767,N
10797,47580,morpara,BA,-11.564152,-43.27672,N
10798,47590,ipupiara,BA,-11.819679,-42.615965,N
10799,47600,bom jesus da lapa,BA,-13.256014,-43.409876,N
10800,47610,sitio do mato,BA,-13.085306,-43.468164,N
10801,47630,serra do ramalho,BA,-13.524336,-43.607441,N
10802,47640,santa maria da vitoria,BA,-13.389063,-44.200557,N
10803,47650,correntina,BA,-13.350612,-44.649035,N
10804,47655,jaborandi,BA,-13.623149,-44.467653,N
10805,47665,são félix do coribe,BA,-13.403164,-44.194721,N
10806,47680,cocos,BA,-14.180374,-44.53534,N
10807,47690,coribe,BA,-13.825204,-44.453888,N
10808,47700,santana,BA,-12.980769,-44.049744,N
10809,47730,canapolis,BA,-13.075982,-44.201961,N
10810,47740,serra dourada,BA,-12.759336,-43.946931,N
10811,47750,brejolandia,BA,-12.484797,-43.961173,N
10812,47760,tabocas do brejo velho,BA,-12.623524,-44.061775,N
10813,47800,barreiras,BA,-12.144746,-44.991237,N
10814,47801,barreiras,BA,-12.139628,-44.989076,N
10815,47802,barreiras,BA,-12.147697,-44.984901,N
10816,47803,barreiras,BA,-12.14708,-44.986898,N
10817,47804,barreiras,BA,-12.154982,-44.996478,N
10818,47805,barreiras,BA,-12.149522,-45.000829,N
10819,47806,barreiras,BA,-12.149248,-44.994636,N
10820,47807,barreiras,BA,-12.153441,-45.002267,N
10821,47808,barreiras,BA,-12.150669,-45.000174,N
10822,47810,barreiras,BA,-12.136878,-45.009736,N
10823,47813,barreiras,BA,-12.177924,-44.660711,N
10824,47814,barreiras,BA,-12.948501,-38.460632,N
10825,47820,sao desiderio,BA,-12.400574,-45.016582,N
10826,47825,sítio grande,BA,-12.429225,-45.086046,N
10827,47827,roda velha,BA,-26.919873,-49.086802,N
10828,47830,baianopolis,BA,-12.30574,-44.538812,N
10829,47845,catolândia,BA,-12.313912,-44.859547,N
10830,47850,luis eduardo magalhaes,BA,-12.092513,-45.806927,N
10831,47900,cotegipe,BA,-11.98662,-44.257693,N
10832,47940,wanderley,BA,-12.121378,-43.889538,N
10833,47950,cristopolis,BA,-12.234468,-44.41002,N
10834,47960,angical,BA,-12.006384,-44.698163,N
10835,47970,riachao das neves,BA,-11.749759,-44.909722,N
10836,47990,formosa do rio preto,BA,-11.017033,-45.25825,N
10837,48000,alagoinhas,BA,-12.139441,-38.422976,N
10838,48005,alagoinhas,BA,-12.14021,-38.422305,N
10839,48010,alagoinhas,BA,-12.13239,-38.421471,N
10840,48011,alagoinhas,BA,-12.123504,-38.416567,N
10841,48020,alagoinhas,BA,-12.132606,-38.41556,N
10842,48030,alagoinhas,BA,-12.137491,-38.405186,N
10843,48031,alagoinhas,BA,-12.146971,-38.421092,N
10844,48040,alagoinhas,BA,-12.145321,-38.421086,N
10845,48050,alagoinhas,BA,-12.143388,-38.432127,N
10846,48051,alagoinhas,BA,-12.15122,-38.427776,N
10847,48060,alagoinhas,BA,-12.141403,-38.438247,N
10848,48070,alagoinhas,BA,-12.134182,-38.438819,N
10849,48071,alagoinhas,BA,-12.131261,-38.43951,N
10850,48080,alagoinhas,BA,-12.130624,-38.43377,N
10851,48090,alagoinhas,BA,-12.123134,-38.43024,N
10852,48103,boa uniao,BA,-4.596245,-42.854517,N
10853,48108,aracas,BA,-12.21136,-38.202716,N
10854,48110,catu,BA,-12.363841,-38.381869,N
10855,48120,pojuca,BA,-12.42545,-38.327365,N
10856,48130,aramari,BA,-12.091331,-38.500332,N
10857,48140,pedrao,BA,-12.146157,-38.643827,N
10858,48150,ouricangas,BA,-12.014118,-38.627895,N
10859,48170,água fria,BA,-11.840085,-38.757299,N
10860,48180,entre rios,BA,-11.945979,-38.082236,N
10861,48280,mata de sao joao,BA,-12.526844,-38.26312,N
10862,48288,açu da torre,BA,-12.57681,-38.00417,N
10863,48289,mata de sao joao,BA,-12.575369,-38.002673,N
10864,48290,itanagra,BA,-12.255997,-38.038731,N
10865,48300,conde,BA,-11.815527,-37.617855,N
10866,48310,jandaira,BA,-11.564053,-37.78292,N
10867,48330,rio real,BA,-11.486453,-37.932043,N
10868,48350,aporá,BA,-11.665173,-38.091604,N
10869,48355,itamira,BA,-13.468836,-39.24026,N
10870,48360,acajutiba,BA,-11.663496,-38.023853,N
10871,48370,esplanada,BA,-11.797063,-37.947647,N
10872,48390,cardeal da silva,BA,-11.952583,-37.947373,N
10873,48400,ribeira do pombal,BA,-10.855588,-38.536477,N
10874,48405,banzae,BA,-10.585167,-38.618462,N
10875,48410,cicero dantas,BA,-10.593072,-38.384993,N
10876,48413,sao joao da fortaleza,BA,-10.53611,-38.60667,N
10877,48415,fátima,BA,-10.59531,-38.213006,N
10878,48420,antas,BA,-10.411638,-38.327278,N
10879,48430,paripiranga,BA,-10.680502,-37.865996,N
10880,48435,adustina,BA,-10.536617,-38.114921,N
10881,48440,ribeira do amparo,BA,-10.99803,-38.403301,N
10882,48445,heliópolis,BA,-10.678041,-38.282774,N
10883,48450,cipo,BA,-11.100454,-38.516208,N
10884,48455,novo triunfo,BA,-10.334868,-38.420639,N
10885,48460,nova soure,BA,-11.24056,-38.481112,N
10886,48470,olindina,BA,-11.363002,-38.329439,N
10887,48475,itapicuru,BA,-11.309948,-38.219516,N
10888,48480,crisopolis,BA,-11.51035,-38.151477,N
10889,48485,sátiro dias,BA,-11.605015,-38.583094,N
10890,48490,inhambupe,BA,-11.788064,-38.355366,N
10891,48500,euclides da cunha,BA,-10.506648,-39.011782,N
10892,48504,aribice,BA,,,N
10893,48520,canudos,BA,-9.899971,-39.033494,N
10894,48540,jeremoabo,BA,-9.953806,-38.671437,N
10895,48565,sítio do quinto,BA,-10.359785,-38.178894,N
10896,48570,santa brigida,BA,-9.734569,-38.126961,N
10897,48580,pedro alexandre,BA,-10.022387,-37.916122,N
10898,48590,coronel joão sá,BA,-10.286245,-37.926678,N
10899,48601,paulo afonso,BA,-9.404394,-38.220297,N
10900,48602,paulo afonso,BA,-9.404468,-38.222337,N
10901,48603,paulo afonso,BA,-9.408943,-38.229594,N
10902,48604,paulo afonso,BA,-9.392623,-38.23892,N
10903,48605,paulo afonso,BA,-9.397535,-38.226317,N
10904,48606,paulo afonso,BA,-9.392589,-38.210168,N
10905,48607,paulo afonso,BA,-9.395805,-38.218861,N
10906,48608,paulo afonso,BA,-9.402826,-38.213613,N
10907,48609,paulo afonso,BA,-9.43111,-38.217443,N
10908,48610,paulo afonso,BA,-9.441492,-38.223191,N
10909,48611,paulo afonso,BA,-9.430876,-38.215327,N
10910,48620,gloria,BA,-9.342378,-38.256277,N
10911,48630,rodelas,BA,-8.859704,-38.762902,N
10912,48650,macurure,BA,-9.171299,-39.057299,N
10913,48660,chorrocho,BA,-8.952778,-39.0802,N
10914,48668,barra do tarrachil,BA,-13.009101,-38.525979,N
10915,48680,abare,BA,-8.695826,-39.155527,N
10916,48685,ibo,BA,-8.632655,-39.244386,N
10917,48700,serrinha,BA,-11.66176,-39.005236,N
10918,48705,barrocas,BA,-11.531422,-39.077595,N
10919,48710,candeal,BA,-11.807406,-39.119794,N
10920,48720,lamarao,BA,-11.79565,-38.883651,N
10921,48725,ichu,BA,-11.747866,-39.192356,N
10922,48730,conceicao do coite,BA,-11.570269,-39.279427,N
10923,48740,salgadalia,BA,-13.532507,-38.993052,N
10924,48745,conceição do coité,BA,-12.240386,-38.932294,N
10925,48750,retirolandia,BA,-11.493521,-39.423674,N
10926,48760,araci,BA,-11.335261,-38.961947,N
10927,48770,teofilandia,BA,-11.487049,-38.995289,N
10928,48780,biritinga,BA,-11.621067,-38.807978,N
10929,48790,tucano,BA,-10.970437,-38.789072,N
10930,48793,tucano,BA,-11.02778,-38.791895,N
10931,48800,monte santo,BA,-10.438906,-39.33166,N
10932,48830,quijingue,BA,-10.753287,-39.208846,N
10933,48832,algodões,BA,-10.674079,-39.050575,N
10934,48840,cansancao,BA,-10.669392,-39.497648,N
10935,48850,itiuba,BA,-10.692506,-39.853031,N
10936,48860,queimadas,BA,-10.977524,-39.627183,N
10937,48870,nordestina,BA,-10.823891,-39.428908,N
10938,48880,santaluz,BA,-11.253533,-39.377662,N
10939,48890,valente,BA,-11.410908,-39.462798,N
10940,48895,sao domingos,BA,-11.463226,-39.526566,N
10941,48900,juazeiro,BA,-9.432354,-40.502164,N
10942,48901,juazeiro,BA,-9.433166,-40.512569,N
10943,48902,juazeiro,BA,-9.419952,-40.511923,N
10944,48903,juazeiro,BA,-9.412756,-40.501443,N
10945,48904,juazeiro,BA,-9.420578,-40.49946,N
10946,48905,juazeiro,BA,-9.424205,-40.494067,N
10947,48906,juazeiro,BA,-9.433213,-40.49612,N
10948,48907,juazeiro,BA,-9.431959,-40.498179,N
10949,48908,juazeiro,BA,-9.454429,-40.500662,N
10950,48909,juazeiro,BA,-9.440594,-40.504852,N
10951,48913,juazeiro,BA,-9.44741,-40.502675,N
10952,48914,juazeiro,BA,-9.450896,-40.494291,N
10953,48916,juazeiro,BA,-9.424979,-40.516948,N
10954,48922,carnaiba do sertao,BA,-9.589272,-40.425446,N
10955,48925,sobradinho,BA,-9.470699,-40.812217,N
10956,48930,curaca,BA,-8.973256,-39.885145,N
10957,48950,uaua,BA,-9.841477,-39.479159,N
10958,48960,jaguarari,BA,-10.262813,-40.192013,N
10959,48967,jaguarari,BA,-10.333614,-40.151525,N
10960,48970,senhor do bonfim,BA,-10.462342,-40.183767,N
10961,48990,andorinha,BA,-10.344702,-39.830619,N
10962,49000,aracaju,SE,-11.0091,-37.077124,N
10963,49001,aracaju,SE,-11.004369,-37.091658,N
10964,49004,aracaju,SE,-11.069171,-37.121849,N
10965,49005,aracaju,SE,-11.059704,-37.106747,N
10966,49007,aracaju,SE,-11.075616,-37.135616,N
10967,49008,aracaju,SE,-11.095857,-37.139551,N
10968,49009,aracaju,SE,-11.099214,-37.134886,N
10969,49010,aracaju,SE,-10.912451,-37.053435,N
10970,49015,aracaju,SE,-10.922407,-37.050853,N
10971,49020,aracaju,SE,-10.930243,-37.051691,N
10972,49025,aracaju,SE,-10.938411,-37.057149,N
10973,49026,aracaju,SE,-10.94657,-37.057239,N
10974,49027,aracaju,SE,-10.941621,-37.063577,N
10975,49030,aracaju,SE,-10.971622,-37.067341,N
10976,49031,aracaju,SE,-10.97012,-37.067192,N
10977,49032,aracaju,SE,-10.970193,-37.055877,N
10978,49033,aracaju,SE,-11.010548,-37.092411,N
10979,49035,aracaju,SE,-10.971443,-37.045724,N
10980,49036,aracaju,SE,-10.976051,-37.045531,N
10981,49037,aracaju,SE,-10.991093,-37.060673,N
10982,49038,aracaju,SE,-10.99529,-37.078244,N
10983,49040,aracaju,SE,-10.952182,-37.071899,N
10984,49041,aracaju,SE,-10.980874,-37.088882,N
10985,49042,aracaju,SE,-10.970929,-37.080983,N
10986,49043,aracaju,SE,-10.965782,-37.090233,N
10987,49044,aracaju,SE,-10.986692,-37.100406,N
10988,49045,aracaju,SE,-10.932215,-37.066068,N
10989,49046,aracaju,SE,-10.946842,-37.057232,N
10990,49047,aracaju,SE,-10.93955,-37.074552,N
10991,49048,aracaju,SE,-10.942161,-37.070954,N
10992,49050,aracaju,SE,-10.926518,-37.063538,N
10993,49051,aracaju,SE,-10.928454,-37.06247,N
10994,49052,aracaju,SE,-10.919017,-37.063914,N
10995,49055,aracaju,SE,-10.913111,-37.061744,N
10996,49060,aracaju,SE,-10.898652,-37.061442,N
10997,49063,aracaju,SE,-10.886336,-37.062477,N
10998,49065,aracaju,SE,-10.897385,-37.053243,N
10999,49066,aracaju,SE,-10.892619,-37.053014,N
11000,49067,aracaju,SE,-10.87764,-37.054839,N
11001,49070,aracaju,SE,-10.902226,-37.075538,N
11002,49071,aracaju,SE,-10.884939,-37.081998,N
11003,49072,aracaju,SE,-10.90151,-37.06911,N
11004,49075,aracaju,SE,-10.915092,-37.07259,N
11005,49080,aracaju,SE,-10.917419,-37.080396,N
11006,49082,aracaju,SE,-10.911328,-37.08255,N
11007,49085,aracaju,SE,-10.906642,-37.081341,N
11008,49087,aracaju,SE,-10.894548,-37.081856,N
11009,49088,aracaju,SE,-10.928284,-37.088722,N
11010,49089,aracaju,SE,-10.974208,-37.111473,N
11011,49090,aracaju,SE,-10.895665,-37.095582,N
11012,49091,aracaju,SE,-10.889142,-37.097682,N
11013,49092,aracaju,SE,-10.944347,-37.108649,N
11014,49095,aracaju,SE,-10.940341,-37.081774,N
11015,49096,aracaju,SE,-10.914799,-37.084845,N
11016,49097,aracaju,SE,-10.93366,-37.078849,N
11017,49100,sao cristovao,SE,-10.959479,-37.151645,N
11018,49120,itaporanga d'ajuda,SE,-11.021379,-37.324067,N
11019,49130,riachuelo,SE,-10.731421,-37.186887,N
11020,49140,barra dos coqueiros,SE,-10.910546,-37.028523,N
11021,49160,nossa senhora do socorro,SE,-10.864589,-37.095792,N
11022,49170,laranjeiras,SE,-10.79814,-37.163008,N
11023,49180,santo amaro das brotas,SE,-10.787407,-37.052565,N
11024,49190,pirambu,SE,-10.738916,-36.856825,N
11025,49200,estancia,SE,-11.259775,-37.435714,N
11026,49220,araua,SE,-11.264701,-37.619175,N
11027,49230,santa luzia do itanhy,SE,-11.353333,-37.448726,N
11028,49250,indiaroba,SE,-11.522596,-37.509001,N
11029,49260,umbauba,SE,-11.381419,-37.660977,N
11030,49270,cristinapolis,SE,-11.477031,-37.755926,N
11031,49280,tomar do geru,SE,-11.374591,-37.840241,N
11032,49290,itabaianinha,SE,-11.274805,-37.790795,N
11033,49300,tobias barreto,SE,-11.184611,-38.001257,N
11034,49320,riachao do dantas,SE,-11.069473,-37.726415,N
11035,49350,pedrinhas,SE,-11.191488,-37.673744,N
11036,49360,boquim,SE,-11.147501,-37.618944,N
11037,49390,salgado,SE,-11.034127,-37.475503,N
11038,49400,lagarto,SE,-10.916179,-37.671619,N
11039,49480,simao dias,SE,-10.740553,-37.806857,N
11040,49490,poco verde,SE,-10.715134,-38.175086,N
11041,49500,itabaiana,SE,-10.686033,-37.427548,N
11042,49501,itabaiana,SE,-10.679806,-37.418898,N
11043,49503,itabaiana,SE,-10.693486,-37.427787,N
11044,49504,itabaiana,SE,-10.697434,-37.426894,N
11045,49505,itabaiana,SE,-10.708913,-37.425244,N
11046,49506,itabaiana,SE,-10.689896,-37.43489,N
11047,49507,itabaiana,SE,-10.709893,-37.42667,N
11048,49509,itabaiana,SE,-10.680958,-37.431696,N
11049,49510,itabaiana,SE,-10.676601,-37.439035,N
11050,49514,frei paulo,SE,-10.549441,-37.542637,N
11051,49517,pinhao,SE,-10.568308,-37.723417,N
11052,49520,campo do brito,SE,-10.750394,-37.49323,N
11053,49525,sao domingos,SE,-10.792149,-37.567588,N
11054,49530,ribeirópolis,SE,-10.538054,-37.435966,N
11055,49535,sao miguel do aleixo,SE,-10.386075,-37.378786,N
11056,49540,nossa senhora aparecida,SE,-10.397389,-37.453769,N
11057,49550,carira,SE,-10.359818,-37.704928,N
11058,49560,moita bonita,SE,-10.581002,-37.341267,N
11059,49565,macambira,SE,-10.665218,-37.542187,N
11060,49570,malhador,SE,-10.658574,-37.307307,N
11061,49580,areia branca,SE,-10.756914,-37.313691,N
11062,49600,nossa senhora das dores,SE,-10.464357,-37.210806,N
11063,49630,siriri,SE,-10.605308,-37.113028,N
11064,49640,santa rosa de lima,SE,-10.646598,-37.192557,N
11065,49650,divina pastora,SE,-10.678985,-37.150454,N
11066,49660,cumbe,SE,-10.354552,-37.18292,N
11067,49670,feira nova,SE,-10.262312,-37.312112,N
11068,49680,nossa senhora da gloria,SE,-10.23193,-37.412986,N
11069,49690,monte alegre de sergipe,SE,-10.02809,-37.56307,N
11070,49700,capela,SE,-10.504291,-37.05374,N
11071,49740,carmopolis,SE,-10.648336,-36.987631,N
11072,49750,general maynard,SE,-10.685271,-36.985955,N
11073,49760,rosario do catete,SE,-10.703278,-37.035514,N
11074,49770,maruim,SE,-10.739241,-37.086353,N
11075,49780,muribeca,SE,-10.415945,-36.958163,N
11076,49790,aquidaba,SE,-10.284766,-37.019293,N
11077,49800,porto da folha,SE,-9.916527,-37.308919,N
11078,49810,poco redondo,SE,-9.81876,-37.690092,N
11079,49820,caninde de sao francisco,SE,-9.673731,-37.80022,N
11080,49830,gararu,SE,-9.969526,-37.083085,N
11081,49860,graccho cardoso,SE,-10.229173,-37.196917,N
11082,49870,itabi,SE,,,N
11083,49880,canhoba,SE,-10.137259,-36.97136,N
11084,49890,nossa senhora de lourdes,SE,-10.078082,-37.054316,N
11085,49900,propria,SE,-10.214471,-36.835898,N
11086,49910,telha,SE,-10.206162,-36.884853,N
11087,49920,amparo de sao francisco,SE,-10.129935,-36.926616,N
11088,49930,cedro de sao joao,SE,-10.251407,-36.88281,N
11089,49940,malhada dos bois,SE,-10.35463,-36.918986,N
11090,49945,sao francisco,SE,-10.349199,-36.885666,N
11091,49950,japoata,SE,-10.349229,-36.804329,N
11092,49960,japaratuba,SE,-10.591401,-36.942737,N
11093,49970,pacatuba,SE,-10.452769,-36.645101,N
11094,49980,neopolis,SE,-10.325931,-36.577529,N
11095,49985,santana do sao francisco,SE,-10.2709,-36.622187,N
11096,49990,ilha das flores,SE,-10.435943,-36.537047,N
11097,49995,brejo grande,SE,-10.430071,-36.466561,N
11098,50010,recife,PE,-8.063853,-34.878371,N
11099,50020,recife,PE,-8.068681,-34.880565,N
11100,50030,recife,PE,-8.062913,-34.872406,N
11101,50040,recife,PE,-8.053658,-34.877958,N
11102,50050,recife,PE,-8.054859,-34.887062,N
11103,50060,recife,PE,-8.062647,-34.887097,N
11104,50070,recife,PE,-8.061004,-34.893917,N
11105,50080,recife,PE,-8.072322,-34.897996,N
11106,50090,recife,PE,-8.074551,-34.895035,N
11107,50100,recife,PE,-8.048598,-34.886568,N
11108,50110,recife,PE,-8.041972,-34.879414,N
11109,50160,recife,PE,-8.057082,-34.908132,N
11110,50610,recife,PE,-8.054716,-34.908712,N
11111,50620,recife,PE,-8.045357,-34.914544,N
11112,50630,recife,PE,-8.05656,-34.922924,N
11113,50640,recife,PE,-8.059479,-34.931757,N
11114,50650,recife,PE,-8.056814,-34.937643,N
11115,50660,recife,PE,-8.062276,-34.939177,N
11116,50670,recife,PE,-8.044707,-34.939894,N
11117,50680,recife,PE,-8.034084,-34.932257,N
11118,50690,recife,PE,-8.03152,-34.93867,N
11119,50710,recife,PE,-8.045461,-34.908383,N
11120,50711,recife,PE,-8.051155,-34.921286,N
11121,50720,recife,PE,-8.057927,-34.911229,N
11122,50721,recife,PE,-8.051279,-34.930921,N
11123,50730,recife,PE,-8.056989,-34.942921,N
11124,50731,recife,PE,-8.040986,-34.932795,N
11125,50740,recife,PE,-8.041988,-34.947808,N
11126,50741,recife,PE,-8.050403,-34.958667,N
11127,50750,recife,PE,-8.068346,-34.907162,N
11128,50751,recife,PE,-8.065026,-34.917936,N
11129,50760,recife,PE,-8.071397,-34.919628,N
11130,50761,recife,PE,-8.070089,-34.929055,N
11131,50770,recife,PE,-8.081218,-34.910307,N
11132,50771,recife,PE,-8.084161,-34.922905,N
11133,50780,recife,PE,-8.096343,-34.940297,N
11134,50781,recife,PE,-8.083334,-34.937484,N
11135,50790,recife,PE,-8.080118,-34.949836,N
11136,50791,recife,PE,-8.088317,-34.967547,N
11137,50800,recife,PE,-8.033296,-34.948121,N
11138,50810,recife,PE,-8.039229,-34.956467,N
11139,50820,recife,PE,-8.076072,-34.917513,N
11140,50830,recife,PE,-8.069605,-34.911044,N
11141,50850,recife,PE,-8.081636,-34.918179,N
11142,50860,recife,PE,-8.094252,-34.925183,N
11143,50865,recife,PE,-8.082537,-34.931812,N
11144,50870,recife,PE,-8.095698,-34.933407,N
11145,50875,recife,PE,-8.101986,-34.93257,N
11146,50900,recife,PE,-8.090606,-34.942095,N
11147,50910,recife,PE,-8.0819,-34.941062,N
11148,50920,recife,PE,-8.088289,-34.955621,N
11149,50930,recife,PE,-8.091572,-34.95435,N
11150,50940,recife,PE,-8.081657,-34.965712,N
11151,50950,recife,PE,-8.070873,-34.957501,N
11152,50960,recife,PE,-8.037192,-34.983126,N
11153,50970,recife,PE,-8.035271,-34.976014,N
11154,50980,recife,PE,-8.028304,-34.959443,N
11155,51010,recife,PE,-8.085033,-34.881119,N
11156,51011,recife,PE,-8.096453,-34.885368,N
11157,51020,recife,PE,-8.1153,-34.896685,N
11158,51021,recife,PE,-8.125613,-34.902732,N
11159,51030,recife,PE,-8.136183,-34.906439,N
11160,51110,recife,PE,-8.087203,-34.888958,N
11161,51111,recife,PE,-8.106388,-34.889243,N
11162,51130,recife,PE,-8.143662,-34.908692,N
11163,51150,recife,PE,-8.106596,-34.914525,N
11164,51160,recife,PE,-8.112516,-34.906401,N
11165,51170,recife,PE,-8.091476,-34.912978,N
11166,51180,recife,PE,-8.102689,-34.914445,N
11167,51190,recife,PE,-8.115293,-34.919605,N
11168,51200,recife,PE,-8.1128,-34.914361,N
11169,51220,recife,PE,-8.112484,-34.932518,N
11170,51230,recife,PE,-8.114751,-34.939693,N
11171,51240,recife,PE,-8.123938,-34.936893,N
11172,51250,recife,PE,-8.135891,-34.932536,N
11173,51260,recife,PE,-8.132501,-34.941713,N
11174,51270,recife,PE,-8.107188,-34.940811,N
11175,51275,recife,PE,-8.107903,-34.947986,N
11176,51280,recife,PE,-8.117782,-34.949277,N
11177,51290,recife,PE,-8.122432,-34.947268,N
11178,51300,recife,PE,-8.128661,-34.947175,N
11179,51310,recife,PE,-8.135832,-34.949699,N
11180,51320,recife,PE,-8.132274,-34.951546,N
11181,51330,recife,PE,-8.126155,-34.956871,N
11182,51335,recife,PE,-8.113147,-34.962586,N
11183,51340,recife,PE,-8.118066,-34.956141,N
11184,51345,recife,PE,-8.111473,-34.954721,N
11185,51346,recife,PE,-8.107431,-34.962294,N
11186,51350,recife,PE,-8.1083,-34.922614,N
11187,52010,recife,PE,-8.058867,-34.900211,N
11188,52011,recife,PE,-8.049884,-34.900834,N
11189,52020,recife,PE,-8.045413,-34.894479,N
11190,52021,recife,PE,-8.04146,-34.890203,N
11191,52030,recife,PE,-8.037026,-34.885763,N
11192,52031,recife,PE,-8.035147,-34.881016,N
11193,52040,recife,PE,-8.02828,-34.881259,N
11194,52041,recife,PE,-8.034194,-34.894814,N
11195,52050,recife,PE,-8.038318,-34.899747,N
11196,52051,recife,PE,-8.028745,-34.907466,N
11197,52060,recife,PE,-8.03444,-34.911548,N
11198,52061,recife,PE,-8.03295,-34.922254,N
11199,52070,recife,PE,-8.028626,-34.918228,N
11200,52071,recife,PE,-8.023081,-34.929976,N
11201,52080,recife,PE,-8.016574,-34.912198,N
11202,52081,recife,PE,-8.016305,-34.922835,N
11203,52090,recife,PE,-8.014004,-34.929258,N
11204,52091,recife,PE,-8.004623,-34.93496,N
11205,52110,recife,PE,-8.025977,-34.900346,N
11206,52111,recife,PE,-8.019615,-34.899351,N
11207,52120,recife,PE,-8.022656,-34.890185,N
11208,52121,recife,PE,-8.019106,-34.886348,N
11209,52125,recife,PE,-8.020431,-34.878613,N
11210,52130,recife,PE,-8.009977,-34.893411,N
11211,52131,recife,PE,-8.00853,-34.903974,N
11212,52140,recife,PE,-8.00391,-34.904964,N
11213,52150,recife,PE,-8.002863,-34.912684,N
11214,52160,recife,PE,-7.992613,-34.916575,N
11215,52165,recife,PE,-7.984732,-34.919632,N
11216,52170,recife,PE,-7.978287,-34.917913,N
11217,52171,recife,PE,-8.01858,-34.955125,N
11218,52190,recife,PE,-8.002431,-34.926333,N
11219,52191,recife,PE,-7.999901,-34.924394,N
11220,52210,recife,PE,-8.018043,-34.91173,N
11221,52211,recife,PE,-8.019412,-34.905392,N
11222,52221,recife,PE,-8.012075,-34.885187,N
11223,52280,recife,PE,-8.017987,-34.916153,N
11224,52290,recife,PE,-7.992403,-34.940065,N
11225,52291,recife,PE,-7.993265,-34.934159,N
11226,52390,recife,PE,-7.986947,-34.930114,N
11227,52490,recife,PE,-8.012742,-34.929252,N
11228,53010,olinda,PE,-8.021521,-34.85374,N
11229,53012,natal,RN,-5.783671,-35.196947,N
11230,53020,olinda,PE,-8.014229,-34.854833,N
11231,53025,olinda,PE,-8.014312,-34.854035,N
11232,53030,olinda,PE,-7.999297,-34.842433,N
11233,53040,olinda,PE,-7.971126,-34.834334,N
11234,53050,olinda,PE,-7.973085,-34.839823,N
11235,53060,olinda,PE,-7.973234,-34.849305,N
11236,53070,olinda,PE,-7.964656,-34.84517,N
11237,53080,olinda,PE,-7.962007,-34.851144,N
11238,53090,olinda,PE,-7.960536,-34.852961,N
11239,53110,olinda,PE,-8.027703,-34.870989,N
11240,53120,olinda,PE,-8.010487,-34.846374,N
11241,53130,olinda,PE,-7.988275,-34.840642,N
11242,53140,olinda,PE,-7.977473,-34.842079,N
11243,53150,olinda,PE,-7.964744,-34.839881,N
11244,53160,olinda,PE,-7.992113,-34.898355,N
11245,53170,olinda,PE,-7.987752,-34.906861,N
11246,53180,olinda,PE,-7.991403,-34.893591,N
11247,53190,olinda,PE,-7.982112,-34.899473,N
11248,53210,olinda,PE,-7.997037,-34.900953,N
11249,53220,olinda,PE,-8.011018,-34.876195,N
11250,53230,olinda,PE,-8.012712,-34.864322,N
11251,53240,olinda,PE,-8.007554,-34.852634,N
11252,53250,olinda,PE,-7.986315,-34.852405,N
11253,53260,olinda,PE,-8.007673,-34.881928,N
11254,53270,olinda,PE,-8.000135,-34.888024,N
11255,53280,olinda,PE,-7.995749,-34.889564,N
11256,53290,olinda,PE,-8.007697,-34.870234,N
11257,53300,olinda,PE,-8.005094,-34.87465,N
11258,53320,olinda,PE,-8.000503,-34.852525,N
11259,53330,olinda,PE,-8.002682,-34.859884,N
11260,53350,olinda,PE,-7.986801,-34.863101,N
11261,53360,olinda,PE,-7.979011,-34.88336,N
11262,53370,olinda,PE,-7.99372,-34.859946,N
11263,53401,paulista,PE,-7.941991,-34.878697,N
11264,53402,paulista,PE,-7.963618,-34.870404,N
11265,53403,paulista,PE,-7.95777,-34.874869,N
11266,53404,paulista,PE,-7.977419,-34.904135,N
11267,53405,paulista,PE,-7.961734,-34.873582,N
11268,53407,paulista,PE,-7.952929,-34.892739,N
11269,53409,paulista,PE,-7.9486,-34.895457,N
11270,53413,paulista,PE,-7.941211,-34.89614,N
11271,53415,paulista,PE,-7.93358,-34.885698,N
11272,53416,paulista,PE,-7.930126,-34.889024,N
11273,53417,paulista,PE,-7.934468,-34.890413,N
11274,53421,paulista,PE,-7.933195,-34.861777,N
11275,53422,paulista,PE,-7.938266,-34.861245,N
11276,53423,paulista,PE,-7.925731,-34.859614,N
11277,53425,paulista,PE,-7.900344,-34.839705,N
11278,53427,paulista,PE,-7.857729,-34.838032,N
11279,53429,paulista,PE,-7.890258,-34.833478,N
11280,53431,paulista,PE,-7.903988,-34.835863,N
11281,53433,paulista,PE,-7.910021,-34.837751,N
11282,53435,paulista,PE,-7.919257,-34.832862,N
11283,53437,paulista,PE,-7.931669,-34.831871,N
11284,53439,paulista,PE,-7.944797,-34.834432,N
11285,53441,paulista,PE,-7.948278,-34.870249,N
11286,53442,paulista,PE,-7.952515,-34.854666,N
11287,53443,paulista,PE,-7.952826,-34.873531,N
11288,53444,paulista,PE,-7.949294,-34.868332,N
11289,53510,abreu e lima,PE,-7.906242,-34.899049,N
11290,53520,abreu e lima,PE,-7.912542,-34.904796,N
11291,53525,abreu e lima,PE,-7.910952,-34.903521,N
11292,53530,abreu e lima,PE,-7.919187,-34.926528,N
11293,53540,abreu e lima,PE,-7.92411,-34.920192,N
11294,53545,abreu e lima,PE,-7.91352,-34.908777,N
11295,53550,abreu e lima,PE,-7.907848,-34.911033,N
11296,53560,abreu e lima,PE,-7.904941,-34.906527,N
11297,53565,abreu e lima,PE,-7.903253,-34.904472,N
11298,53570,abreu e lima,PE,-7.890734,-34.913893,N
11299,53580,abreu e lima,PE,-7.899954,-34.899891,N
11300,53585,abreu e lima,PE,-7.897724,-34.904699,N
11301,53605,igarassu,PE,-7.820762,-34.915321,N
11302,53610,igarassu,PE,-7.830739,-34.907453,N
11303,53615,igarassu,PE,-7.815888,-34.905583,N
11304,53620,igarassu,PE,-7.84473,-34.904992,N
11305,53625,igarassu,PE,-7.869869,-34.904599,N
11306,53630,igarassu,PE,-7.853787,-34.912101,N
11307,53635,igarassu,PE,-7.872021,-34.908573,N
11308,53637,igarassu,PE,-7.862299,-34.913816,N
11309,53640,igarassu,PE,-7.834114,-34.918642,N
11310,53645,igarassu,PE,-7.870472,-34.911906,N
11311,53650,igarassu,PE,-7.814732,-34.92434,N
11312,53690,aracoiaba,PE,-7.788981,-35.088853,N
11313,53700,itapissuma,PE,-7.775111,-34.897548,N
11314,53900,itamaraca,PE,-7.75766,-34.833208,N
11315,53990,fernando de noronha,PE,-3.848721,-32.4141,N
11316,54070,jaboatao dos guararapes,PE,-8.107652,-35.022855,N
11317,54080,jaboatao dos guararapes,PE,-8.111351,-35.021565,N
11318,54090,jaboatao dos guararapes,PE,-8.125774,-35.019959,N
11319,54100,jaboatao dos guararapes,PE,-8.122226,-35.013102,N
11320,54110,jaboatao dos guararapes,PE,-8.112202,-35.016664,N
11321,54120,jaboatao dos guararapes,PE,-8.107099,-35.008645,N
11322,54140,jaboatao dos guararapes,PE,-8.098974,-35.016062,N
11323,54150,jaboatao dos guararapes,PE,-8.108694,-34.992635,N
11324,54160,jaboatao dos guararapes,PE,-8.11379,-34.993368,N
11325,54170,jaboatao dos guararapes,PE,-8.101269,-34.983772,N
11326,54210,jaboatao dos guararapes,PE,-8.09898,-34.968529,N
11327,54220,jaboatao dos guararapes,PE,-8.085908,-34.990891,N
11328,54230,jaboatao dos guararapes,PE,-8.1258,-34.968146,N
11329,54240,jaboatao dos guararapes,PE,-8.117303,-34.982474,N
11330,54245,jaboatao dos guararapes,PE,-8.100737,-34.994746,N
11331,54250,jaboatao dos guararapes,PE,-8.108235,-34.968431,N
11332,54260,jaboatao dos guararapes,PE,-8.118715,-34.96774,N
11333,54270,jaboatao dos guararapes,PE,-8.089536,-34.980577,N
11334,54275,jaboatao dos guararapes,PE,-8.133317,-34.971958,N
11335,54280,jaboatao dos guararapes,PE,-8.111431,-34.96777,N
11336,54290,jaboatao dos guararapes,PE,-8.129166,-34.960163,N
11337,54300,jaboatao dos guararapes,PE,-8.124614,-34.96537,N
11338,54310,jaboatao dos guararapes,PE,-8.157552,-34.92357,N
11339,54315,jaboatão dos guararapes,PE,-8.152533,-34.926786,N
11340,54320,jaboatao dos guararapes,PE,-8.142778,-34.938502,N
11341,54325,jaboatao dos guararapes,PE,-8.159598,-34.935151,N
11342,54330,jaboatao dos guararapes,PE,-8.165739,-34.931912,N
11343,54335,jaboatao dos guararapes,PE,-8.168056,-34.937007,N
11344,54340,jaboatao dos guararapes,PE,-8.191363,-34.959496,N
11345,54345,jaboatao dos guararapes,PE,-8.199914,-34.972522,N
11346,54350,jaboatao dos guararapes,PE,-8.164412,-34.948438,N
11347,54352,jaboatao dos guararapes,PE,-8.172833,-34.954252,N
11348,54353,jaboatão dos guararapes,PE,-8.177621,-34.937522,N
11349,54360,jaboatao dos guararapes,PE,-8.143266,-34.968183,N
11350,54365,jaboatão dos guararapes,PE,-8.151906,-34.978264,N
11351,54368,jaboatao dos guararapes,PE,-8.149989,-34.95928,N
11352,54400,jaboatão dos guararapes,PE,-8.15781,-34.915161,N
11353,54410,jaboatao dos guararapes,PE,-8.1759,-34.921755,N
11354,54420,jaboatao dos guararapes,PE,-8.18571,-34.924259,N
11355,54430,jaboatao dos guararapes,PE,-8.193265,-34.929113,N
11356,54440,jaboatao dos guararapes,PE,-8.202085,-34.922455,N
11357,54450,jaboatao dos guararapes,PE,-8.199843,-34.922367,N
11358,54460,jaboatao dos guararapes,PE,-8.18306,-34.926324,N
11359,54470,jaboatao dos guararapes,PE,-8.206955,-34.928809,N
11360,54490,jaboatao dos guararapes,PE,-8.182267,-34.949125,N
11361,54500,cabo de santo agostinho,PE,-8.325519,-34.983956,N
11362,54505,cabo de santo agostinho,PE,-8.290666,-35.039559,N
11363,54510,cabo de santo agostinho,PE,-8.280863,-35.02961,N
11364,54515,cabo de santo agostinho,PE,-8.283903,-35.024506,N
11365,54517,cabo de santo agostinho,PE,-8.277071,-35.006268,N
11366,54520,cabo de santo agostinho,PE,-8.301869,-35.025852,N
11367,54522,cabo de santo agostinho,PE,-8.23299,-34.98207,N
11368,54525,cabo de santo agostinho,PE,-8.289076,-35.03091,N
11369,54530,cabo de santo agostinho,PE,-8.297839,-35.04087,N
11370,54535,cabo de santo agostinho,PE,-8.293807,-35.051967,N
11371,54580,cabo de santo agostinho,PE,-8.239764,-34.985254,N
11372,54589,cabo de santo agostinho,PE,-8.225032,-34.966762,N
11373,54590,cabo de santo agostinho,PE,-8.302724,-34.998994,N
11374,54700,são lourenço da mata,PE,-7.985571,-35.076478,N
11375,54705,sao lourenco da mata,PE,-8.00551,-35.017978,N
11376,54710,sao lourenco da mata,PE,-8.001562,-35.048603,N
11377,54715,sao lourenco da mata,PE,-8.008589,-35.026064,N
11378,54720,sao lourenco da mata,PE,-8.005713,-35.034905,N
11379,54725,sao lourenco da mata,PE,-7.992049,-35.045477,N
11380,54727,sao lourenco da mata,PE,-7.991181,-35.051661,N
11381,54730,sao lourenco da mata,PE,-7.996436,-35.046098,N
11382,54733,são lourenço da mata,PE,-8.002345,-35.008226,N
11383,54735,sao lourenco da mata,PE,-7.992296,-35.039084,N
11384,54737,sao lourenco da mata,PE,-7.982594,-35.069008,N
11385,54740,sao lourenco da mata,PE,-7.999094,-35.02978,N
11386,54749,sao lourenco da mata,PE,-8.024018,-35.058883,N
11387,54753,camaragibe,PE,-8.015103,-34.970907,N
11388,54756,camaragibe,PE,-7.999858,-34.978788,N
11389,54758,camaragibe,PE,-8.013535,-34.965629,N
11390,54759,camaragibe,PE,-8.008344,-34.985286,N
11391,54762,camaragibe,PE,-8.025704,-34.981336,N
11392,54765,camaragibe,PE,-8.026658,-34.991745,N
11393,54766,camaragibe,PE,-8.024696,-34.988107,N
11394,54767,camaragibe,PE,-8.027755,-35.001466,N
11395,54768,camaragibe,PE,-8.014777,-34.991372,N
11396,54771,camaragibe,PE,-8.018498,-34.991322,N
11397,54774,camaragibe,PE,-8.015513,-34.99807,N
11398,54777,camaragibe,PE,-8.013412,-35.001634,N
11399,54783,camaragibe,PE,-7.948808,-35.02163,N
11400,54786,camaragibe,PE,-7.957144,-35.009796,N
11401,54789,camaragibe,PE,-7.977535,-35.004502,N
11402,54792,camaragibe,PE,-7.979405,-34.979432,N
11403,54800,moreno,PE,-8.117514,-35.110601,N
11404,55002,caruaru,PE,-8.285687,-35.966466,N
11405,55004,caruaru,PE,-8.285133,-35.970772,N
11406,55006,caruaru,PE,-8.288589,-35.977837,N
11407,55008,caruaru,PE,-8.287185,-35.984488,N
11408,55010,caruaru,PE,-8.278241,-35.978484,N
11409,55012,caruaru,PE,-8.278466,-35.971669,N
11410,55014,caruaru,PE,-8.269796,-35.975356,N
11411,55016,caruaru,PE,-8.263534,-35.966283,N
11412,55018,caruaru,PE,-8.27506,-35.959416,N
11413,55019,caruaru,PE,-8.266627,-35.953709,N
11414,55020,caruaru,PE,-8.279229,-35.960129,N
11415,55021,caruaru,PE,-8.275907,-35.94975,N
11416,55022,caruaru,PE,-8.278463,-35.934087,N
11417,55024,caruaru,PE,-8.287607,-35.955902,N
11418,55026,caruaru,PE,-8.293888,-35.961552,N
11419,55027,caruaru,PE,,,N
11420,55028,caruaru,PE,-8.295837,-35.966,N
11421,55030,caruaru,PE,-8.296676,-35.973354,N
11422,55031,caruaru,PE,-8.308666,-35.975014,N
11423,55032,caruaru,PE,-8.297477,-35.981575,N
11424,55034,caruaru,PE,-8.287521,-35.992327,N
11425,55036,caruaru,PE,-8.283783,-35.995575,N
11426,55038,caruaru,PE,-8.273851,-35.98845,N
11427,55040,caruaru,PE,-8.286713,-36.008816,N
11428,55042,caruaru,PE,-8.275617,-36.004228,N
11429,55044,caruaru,PE,-8.268217,-35.987284,N
11430,55120,riacho das almas,PE,-8.119033,-35.855405,N
11431,55125,toritama,PE,-8.005955,-36.058679,N
11432,55130,sao caitano,PE,-8.328284,-36.137422,N
11433,55140,tacaimbo,PE,-8.317127,-36.292013,N
11434,55150,belo jardim,PE,-8.336332,-36.420026,N
11435,55152,belo jardim,PE,-8.339168,-36.435143,N
11436,55153,belo jardim,PE,-8.332725,-36.429858,N
11437,55154,belo jardim,PE,-8.332158,-36.417261,N
11438,55155,belo jardim,PE,-8.330871,-36.421628,N
11439,55156,belo jardim,PE,-21.494081,-56.154587,N
11440,55157,belo jardim,PE,-8.334518,-36.41624,N
11441,55158,belo jardim,PE,-8.342165,-36.4124,N
11442,55160,serra do vento,PE,-16.133531,-38.708745,N
11443,55168,água fria,PE,-8.014421,-34.900604,N
11444,55170,brejo da madre de deus,PE,-8.119759,-36.347441,N
11445,55175,fazenda nova,PE,-8.176075,-36.195315,N
11446,55178,são domingos,PE,-18.240045,-43.043195,N
11447,55180,jatauba,PE,-7.987394,-36.496402,N
11448,55190,santa cruz do capibaribe,PE,-7.947507,-36.21016,N
11449,55191,santa cruz do capibaribe,PE,-7.933741,-36.198291,N
11450,55192,santa cruz do capibaribe,PE,-7.953412,-36.203833,N
11451,55194,santa cruz do capibaribe,PE,-7.951022,-36.208845,N
11452,55195,santa cruz do capibaribe,PE,-7.949953,-36.214872,N
11453,55199,santa cruz do capibaribe,PE,-7.960678,-36.204643,N
11454,55200,pesqueira,PE,-8.361685,-36.698573,N
11455,55240,poção,PE,-8.185397,-36.705601,N
11456,55250,sanharo,PE,-8.362511,-36.562343,N
11457,55260,alagoinha,PE,-8.467172,-36.774855,N
11458,55265,perpétuo socorro,PE,-8.538206,-36.725047,N
11459,55270,venturosa,PE,-8.577258,-36.873033,N
11460,55280,pedra,PE,-8.51517,-36.938836,N
11461,55290,garanhuns,PE,-8.912742,-36.481261,N
11462,55291,garanhuns,PE,-8.907624,-36.480628,N
11463,55292,garanhuns,PE,-8.901158,-36.494009,N
11464,55293,garanhuns,PE,-8.893173,-36.494256,N
11465,55294,garanhuns,PE,-8.883002,-36.500479,N
11466,55295,garanhuns,PE,-8.884477,-36.487013,N
11467,55296,garanhuns,PE,-8.88772,-36.480253,N
11468,55297,garanhuns,PE,-8.876869,-36.471032,N
11469,55298,garanhuns,PE,-8.885144,-36.467215,N
11470,55299,garanhuns,PE,-8.881756,-36.467126,N
11471,55302,sao pedro,PE,-8.514446,-35.124573,N
11472,55305,terezinha,PE,-9.056297,-36.624215,N
11473,55310,palmeirina,PE,-9.0039,-36.32576,N
11474,55315,correntes,PE,-9.130223,-36.32872,N
11475,55320,lagoa do ouro,PE,-9.125034,-36.45925,N
11476,55325,brejão,PE,-9.024839,-36.5702,N
11477,55330,bom conselho,PE,-9.176329,-36.680045,N
11478,55334,rainha isabel,PE,-9.275842,-36.613373,N
11479,55340,aguas belas,PE,-9.108813,-37.11702,N
11480,55345,iati,PE,-9.055876,-36.85542,N
11481,55350,saloa,PE,-8.975025,-36.688226,N
11482,55355,paranatama,PE,-8.918812,-36.658725,N
11483,55360,caetes,PE,-8.774425,-36.624897,N
11484,55365,capoeiras,PE,-8.738655,-36.627217,N
11485,55370,sao bento do una,PE,-8.522807,-36.445388,N
11486,55375,calcado,PE,-8.742212,-36.336088,N
11487,55380,cachoeirinha,PE,-8.489007,-36.236062,N
11488,55385,lajedo,PE,-8.661328,-36.322934,N
11489,55390,ibirajuba,PE,-8.580398,-36.17822,N
11490,55395,jupi,PE,-8.711963,-36.415738,N
11491,55398,jucati,PE,-8.706377,-36.486693,N
11492,55400,catende,PE,-8.665425,-35.726037,N
11493,55402,laje grande,PE,-8.59973,-35.763145,N
11494,55405,maraial,PE,-8.784827,-35.813631,N
11495,55409,jaqueira,PE,-8.729169,-35.795562,N
11496,55410,são benedito do sul,PE,-8.806332,-35.911669,N
11497,55415,quipapa,PE,-8.827203,-36.012043,N
11498,55420,canhotinho,PE,-8.878667,-36.197745,N
11499,55430,angelim,PE,-8.889458,-36.284773,N
11500,55435,sao joao,PE,-8.875087,-36.367342,N
11501,55440,belem de maria,PE,-8.62548,-35.83982,N
11502,55445,batateira,PE,-8.561677,-35.829577,N
11503,55450,lagoa dos gatos,PE,-8.657245,-35.904039,N
11504,55460,cupira,PE,-8.61004,-35.952903,N
11505,55470,panelas,PE,-8.666594,-36.023923,N
11506,55473,panelas,PE,-8.656498,-36.100187,N
11507,55480,jurema,PE,-8.71826,-36.138168,N
11508,55485,santo antonio das queimadas,PE,-12.812998,-38.731669,N
11509,55490,altinho,PE,-8.48819,-36.060234,N
11510,55495,agrestina,PE,-8.455047,-35.946514,N
11511,55500,escada,PE,-8.366341,-35.241203,N
11512,55510,primavera,PE,-8.345182,-35.353878,N
11513,55515,amaraji,PE,-8.37691,-35.451892,N
11514,55520,ribeirao,PE,-8.514986,-35.377401,N
11515,55525,cortes,PE,-8.473513,-35.543169,N
11516,55530,gameleira,PE,-8.584197,-35.385639,N
11517,55535,joaquim nabuco,PE,-8.624151,-35.52608,N
11518,55540,palmares,PE,-8.680312,-35.588921,N
11519,55550,agua preta,PE,-8.706137,-35.517233,N
11520,55555,xexeu,PE,-8.806614,-35.627343,N
11521,55560,barreiros,PE,-8.814489,-35.196763,N
11522,55565,sao jose da coroa grande,PE,-8.894516,-35.152337,N
11523,55570,rio formoso,PE,-8.662254,-35.152712,N
11524,55578,tamandare,PE,-8.753784,-35.111756,N
11525,55580,sirinhaem,PE,-8.595446,-35.112526,N
11526,55590,ipojuca,PE,-8.441865,-35.031331,N
11527,55592,nossa senhora do ó,PE,-8.360723,-34.986251,N
11528,55595,camela,PE,-8.513417,-35.124993,N
11529,55600,vitoria de santo antao,PE,-8.107025,-35.297154,N
11530,55602,vitoria de santo antao,PE,-8.120502,-35.29647,N
11531,55604,vitoria de santo antao,PE,-8.121636,-35.30283,N
11532,55605,vitoria de santo antao,PE,-8.116712,-35.295986,N
11533,55606,vitoria de santo antao,PE,-8.119849,-35.309193,N
11534,55608,vitoria de santo antao,PE,-8.112524,-35.300896,N
11535,55610,vitória de santo antão,PE,-8.1084,-35.285412,N
11536,55612,vitoria de santo antao,PE,-8.116244,-35.287293,N
11537,55614,vitoria de santo antao,PE,-8.124928,-35.289047,N
11538,55618,pirituba,PE,-15.778086,-41.034474,N
11539,55620,gloria do goita,PE,-8.000527,-35.295013,N
11540,55630,pombos,PE,-8.140532,-35.390747,N
11541,55636,chã grande,PE,-8.240182,-35.461692,N
11542,55640,gravata,PE,-8.205834,-35.563581,N
11543,55641,gravata,PE,-8.200748,-35.569753,N
11544,55642,gravata,PE,-8.197694,-35.558245,N
11545,55643,gravata,PE,-8.212107,-35.566935,N
11546,55644,gravata,PE,-8.210338,-35.579983,N
11547,55645,gravata,PE,-8.195439,-35.574163,N
11548,55650,passira,PE,-7.980681,-35.581977,N
11549,55655,cumaru,PE,-8.010752,-35.698517,N
11550,55660,bezerros,PE,-8.236646,-35.754821,N
11551,55665,camocim de sao felix,PE,-8.359956,-35.762129,N
11552,55670,sao joaquim do monte,PE,-8.434449,-35.810659,N
11553,55675,salgadinho,PE,-7.940611,-35.63549,N
11554,55680,bonito,PE,-8.471908,-35.732741,N
11555,55690,barra de guabiraba,PE,-8.420432,-35.661621,N
11556,55695,saire,PE,-8.324543,-35.708234,N
11557,55700,limoeiro,PE,-7.877711,-35.448095,N
11558,55715,feira nova,PE,-7.949393,-35.385256,N
11559,55720,joão alfredo,PE,-7.858126,-35.592362,N
11560,55730,bom jardim,PE,-7.796221,-35.589307,N
11561,55735,bizarra,PE,-5.011991,-42.031117,N
11562,55740,machados,PE,-7.686357,-35.515268,N
11563,55745,orobo,PE,-7.749149,-35.604116,N
11564,55750,surubim,PE,-7.841479,-35.75945,N
11565,55755,casinhas,PE,-7.754587,-35.718991,N
11566,55760,vertente do lerio,PE,-7.784436,-35.832882,N
11567,55765,santa maria do cambuca,PE,-7.828458,-35.881856,N
11568,55770,vertentes,PE,-7.906378,-35.989133,N
11569,55780,frei miguelinho,PE,-7.944719,-35.914193,N
11570,55790,taquaritinga do norte,PE,-7.910859,-36.071619,N
11571,55800,nazaré da mata,PE,-7.74351,-35.227053,N
11572,55805,tracunhaem,PE,-7.802056,-35.236366,N
11573,55811,carpina,PE,-7.844273,-35.246486,N
11574,55813,carpina,PE,-7.849688,-35.258968,N
11575,55814,carpina,PE,-7.845873,-35.263929,N
11576,55815,carpina,PE,-7.841773,-35.25497,N
11577,55816,carpina,PE,-7.843311,-35.2633,N
11578,55817,carpina,PE,-7.837824,-35.248309,N
11579,55818,carpina,PE,-7.849404,-35.252186,N
11580,55819,carpina,PE,-7.843488,-35.234561,N
11581,55820,lagoa do carro,PE,-7.84274,-35.311421,N
11582,55825,paudalho,PE,-7.894342,-35.178642,N
11583,55835,cha de alegria,PE,-7.99707,-35.210697,N
11584,55840,lagoa do itaenga,PE,-7.929897,-35.293523,N
11585,55845,buenos aires,PE,-7.724441,-35.327301,N
11586,55850,vicencia,PE,-7.657496,-35.321306,N
11587,55860,sao vicente ferrer,PE,-7.594754,-35.487808,N
11588,55863,siriji,PE,,,N
11589,55865,macaparana,PE,-7.553527,-35.450505,N
11590,55870,timbauba,PE,-7.51193,-35.31685,N
11591,55880,ferreiros,PE,-7.448872,-35.242814,N
11592,55890,alianca,PE,-7.595135,-35.222828,N
11593,55900,goiana,PE,-7.562445,-34.999375,N
11594,55920,itambé,PE,-7.409554,-35.114813,N
11595,55930,camutanga,PE,-7.408334,-35.273037,N
11596,55940,condado,PE,-7.58771,-35.1023,N
11597,55950,itaquitinga,PE,-7.666741,-35.102803,N
11598,56000,salgueiro,PE,-8.070961,-39.123477,N
11599,56120,verdejante,PE,-7.933783,-38.970602,N
11600,56130,cedro,PE,-7.71931,-39.237415,N
11601,56140,serrita,PE,-7.945677,-39.296456,N
11602,56150,moreilandia,PE,-7.61804,-39.543022,N
11603,56160,granito,PE,-7.71236,-39.624673,N
11604,56163,parnamirim,PE,-8.091551,-39.580278,N
11605,56170,orocó,PE,-8.617094,-39.601837,N
11606,56180,cabrobó,PE,-8.506721,-39.309094,N
11607,56190,terra nova,PE,-8.228593,-39.376752,N
11608,56200,ouricuri,PE,-7.88759,-40.084271,N
11609,56210,santa filomena,PE,-8.188724,-40.660008,N
11610,56215,santa cruz,PE,-8.239781,-40.332571,N
11611,56220,bodoco,PE,-7.778682,-39.93695,N
11612,56230,exu,PE,-7.525154,-39.728361,N
11613,56250,trindade,PE,-7.760725,-40.268337,N
11614,56260,ipubi,PE,-7.647449,-40.152443,N
11615,56280,araripina,PE,-7.577679,-40.501362,N
11616,56302,petrolina,PE,-9.398534,-40.494882,N
11617,56304,petrolina,PE,-9.393612,-40.50075,N
11618,56306,petrolina,PE,-9.387946,-40.511779,N
11619,56308,petrolina,PE,-9.394953,-40.513675,N
11620,56309,petrolina,PE,-9.374187,-40.536878,N
11621,56310,petrolina,PE,-9.381291,-40.532324,N
11622,56312,petrolina,PE,-9.387741,-40.544394,N
11623,56313,petrolina,PE,-9.368871,-40.538008,N
11624,56314,petrolina,PE,-9.369441,-40.536162,N
11625,56316,petrolina,PE,-9.358478,-40.536348,N
11626,56317,petrolina,PE,-9.362301,-40.54883,N
11627,56318,petrolina,PE,-9.378902,-40.518565,N
11628,56319,petrolina,PE,-9.378393,-40.511638,N
11629,56320,petrolina,PE,-9.36895,-40.491002,N
11630,56321,petrolina,PE,-9.36942,-40.507825,N
11631,56322,petrolina,PE,-9.359561,-40.499223,N
11632,56323,petrolina,PE,-9.35912,-40.497928,N
11633,56326,petrolina,PE,-9.359067,-40.486172,N
11634,56327,petrolina,PE,,,N
11635,56328,petrolina,PE,-9.388985,-40.488999,N
11636,56330,petrolina,PE,-9.383556,-40.495644,N
11637,56331,petrolina,PE,-9.374382,-40.515065,N
11638,56332,petrolina,PE,-9.387579,-40.466959,N
11639,56345,rajada,PE,-9.379866,-40.538752,N
11640,56355,dormentes,PE,-8.446178,-40.767924,N
11641,56360,afranio,PE,-8.527649,-41.020601,N
11642,56380,santa maria da boa vista,PE,-8.792605,-39.826703,N
11643,56395,lagoa grande,PE,-9.000529,-40.26336,N
11644,56400,floresta,PE,-8.597804,-38.5698,N
11645,56420,carnaubeira da penha,PE,-8.320907,-38.74324,N
11646,56430,itacuruba,PE,-8.727429,-38.68794,N
11647,56440,belem do sao francisco,PE,-8.734363,-38.960762,N
11648,56460,petrolandia,PE,-8.977995,-38.221228,N
11649,56470,jatoba,PE,-9.179905,-38.255367,N
11650,56480,tacaratu,PE,-9.104113,-38.12868,N
11651,56485,tacaratu,PE,,,N
11652,56502,arcoverde,PE,-8.408638,-37.08019,N
11653,56503,arcoverde,PE,-8.412624,-37.063099,N
11654,56504,arcoverde,PE,-8.41601,-37.054459,N
11655,56505,arcoverde,PE,-8.417741,-37.050829,N
11656,56506,arcoverde,PE,-8.419893,-37.056701,N
11657,56509,arcoverde,PE,-8.423592,-37.059809,N
11658,56510,arcoverde,PE,-8.424489,-37.058315,N
11659,56511,arcoverde,PE,-8.428808,-37.059628,N
11660,56512,arcoverde,PE,-8.414747,-37.068806,N
11661,56515,arcoverde,PE,-8.417541,-37.048593,N
11662,56516,arcoverde,PE,-8.433317,-37.069052,N
11663,56517,arcoverde,PE,-8.416261,-37.04482,N
11664,56519,arcoverde,PE,-8.417317,-37.0409,N
11665,56520,buique,PE,-8.62061,-37.149447,N
11666,56540,tupanatinga,PE,-8.751435,-37.340716,N
11667,56550,itaiba,PE,-8.945809,-37.41984,N
11668,56560,inajá,PE,-8.902054,-37.825351,N
11669,56565,manari,PE,-8.962861,-37.626025,N
11670,56580,ibimirim,PE,-8.541241,-37.690973,N
11671,56600,sertania,PE,-8.076096,-37.271776,N
11672,56640,custódia,PE,-8.08904,-37.644232,N
11673,56670,betânia,PE,-8.249213,-38.024035,N
11674,56700,são josé do egito,PE,-7.586606,-37.464282,N
11675,56720,itapetim,PE,-7.378575,-37.191771,N
11676,56740,brejinho,PE,-7.349397,-37.28589,N
11677,56750,santa terezinha,PE,-7.376064,-37.479084,N
11678,56760,tuparetama,PE,-7.605668,-37.314582,N
11679,56780,tabira,PE,-7.590728,-37.53988,N
11680,56795,solidao,PE,-7.600485,-37.651253,N
11681,56800,afogados da ingazeira,PE,-7.75983,-37.560205,N
11682,56820,carnaíba,PE,-7.805112,-37.793539,N
11683,56825,ibitiranga,PE,-7.667369,-37.689261,N
11684,56828,quixada,PE,-7.718336,-37.850028,N
11685,56830,ingazeira,PE,-7.677575,-37.459574,N
11686,56840,iguaraci,PE,-7.835449,-37.49102,N
11687,56848,jabitaca,PE,-8.115034,-36.216737,N
11688,56850,flores,PE,-7.891367,-37.930224,N
11689,56870,triunfo,PE,-7.836609,-38.102317,N
11690,56895,santa cruz da baixa verde,PE,-7.82039,-38.153384,N
11691,56903,serra talhada,PE,-7.98796,-38.29502,N
11692,56906,serra talhada,PE,-7.984714,-38.304713,N
11693,56909,serra talhada,PE,-7.981668,-38.284814,N
11694,56912,serra talhada,PE,-7.990403,-38.289307,N
11695,56915,serra talhada,PE,-7.998162,-38.303907,N
11696,56930,calumbi,PE,-7.939345,-38.153288,N
11697,56950,sao jose do belmonte,PE,-7.865782,-38.759039,N
11698,56980,mirandiba,PE,-8.125636,-38.729259,N
11699,57000,maceió,AL,-9.638606,-35.710222,N
11700,57010,maceio,AL,-9.66868,-35.755743,N
11701,57014,maceio,AL,-9.658378,-35.756749,N
11702,57015,maceio,AL,-9.653908,-35.757675,N
11703,57017,maceio,AL,-9.637042,-35.747401,N
11704,57018,maceio,AL,-9.617412,-35.753891,N
11705,57020,maceio,AL,-9.637839,-35.740919,N
11706,57022,maceio,AL,-9.658785,-35.727404,N
11707,57025,maceio,AL,-9.660176,-35.721996,N
11708,57030,maceio,AL,-9.665432,-35.714686,N
11709,57031,maceio,AL,-9.648509,-35.716272,N
11710,57035,maceio,AL,-9.656989,-35.706668,N
11711,57036,maceió,AL,-9.647711,-35.706204,N
11712,57037,maceio,AL,-9.644585,-35.709864,N
11713,57038,maceio,AL,-9.626772,-35.699027,N
11714,57039,maceio,AL,-9.578299,-35.660432,N
11715,57040,maceio,AL,-9.640926,-35.724147,N
11716,57041,maceió,AL,-9.625897,-35.718595,N
11717,57042,maceio,AL,-9.618113,-35.729229,N
11718,57043,maceio,AL,-9.634564,-35.726348,N
11719,57044,maceio,AL,-9.618346,-35.70599,N
11720,57045,maceió,AL,-9.612839,-35.724215,N
11721,57046,maceio,AL,-9.60648,-35.722902,N
11722,57048,maceio,AL,-9.590748,-35.741075,N
11723,57050,maceio,AL,-9.642821,-35.733176,N
11724,57051,maceio,AL,-9.655002,-35.734401,N
11725,57052,maceio,AL,-9.624371,-35.733764,N
11726,57055,maceio,AL,-9.635532,-35.73975,N
11727,57057,maceio,AL,-9.627749,-35.741283,N
11728,57060,maceio,AL,-9.586746,-35.770579,N
11729,57061,maceio,AL,-9.592063,-35.763208,N
11730,57062,maceio,AL,-9.605779,-35.757992,N
11731,57063,maceio,AL,-9.602354,-35.769579,N
11732,57070,maceio,AL,-9.594744,-35.782947,N
11733,57071,maceio,AL,-9.587143,-35.77317,N
11734,57072,maceio,AL,-9.558253,-35.771589,N
11735,57073,maceio,AL,-9.558743,-35.760724,N
11736,57074,maceio,AL,-9.552955,-35.746819,N
11737,57075,maceio,AL,-9.557203,-35.783356,N
11738,57080,maceió,AL,-9.595761,-35.748827,N
11739,57081,maceio,AL,-9.575135,-35.756757,N
11740,57082,maceio,AL,-9.58101,-35.757733,N
11741,57083,maceio,AL,-9.56152,-35.746264,N
11742,57084,maceio,AL,-9.557463,-35.729539,N
11743,57085,maceio,AL,-9.558634,-35.739141,N
11744,57086,maceio,AL,-9.631616,-35.733119,N
11745,57100,rio largo,AL,-9.497191,-35.833297,N
11746,57120,satuba,AL,-9.569709,-35.825836,N
11747,57130,santa luzia do norte,AL,-9.601084,-35.823857,N
11748,57140,coqueiro seco,AL,-9.637659,-35.791015,N
11749,57150,pilar,AL,-9.599891,-35.956748,N
11750,57160,marechal deodoro,AL,-9.73192,-35.85914,N
11751,57180,barra de sao miguel,AL,-9.838639,-35.896205,N
11752,57200,penedo,AL,-10.286413,-36.568257,N
11753,57210,piacabucu,AL,-10.401984,-36.419966,N
11754,57220,feliz deserto,AL,-10.294195,-36.308552,N
11755,57230,coruripe,AL,-10.125515,-36.174914,N
11756,57235,poxim,AL,-10.05558,-36.052621,N
11757,57240,sao miguel dos campos,AL,-9.781607,-36.098469,N
11758,57241,são miguel dos campos,AL,-9.783099,-36.101884,N
11759,57242,são miguel dos campos,AL,-9.78325,-36.091507,N
11760,57244,jequia da praia,AL,-10.011416,-36.023196,N
11761,57245,são miguel dos campos,AL,-9.800591,-36.107899,N
11762,57246,sao miguel dos campos,AL,-9.862665,-35.972861,N
11763,57250,campo alegre,AL,-9.784323,-36.349941,N
11764,57254,luziapolis,AL,,,N
11765,57255,jequia da praia,AL,-19.90537,-43.948306,N
11766,57257,roteiro,AL,-9.833468,-35.977684,N
11767,57258,campo alegre,AL,-9.756281,-36.234942,N
11768,57260,limoeiro de anadia,AL,-9.62527,-36.022425,N
11769,57265,teotonio vilela,AL,-9.911324,-36.356271,N
11770,57270,junqueiro,AL,-9.888675,-36.46836,N
11771,57275,sao sebastiao,AL,-9.93898,-36.551044,N
11772,57280,igreja nova,AL,-10.127806,-36.656143,N
11773,57290,porto real do colegio,AL,-10.149371,-36.784558,N
11774,57300,arapiraca,AL,-9.752029,-36.661197,N
11775,57301,arapiraca,AL,-9.766333,-36.648369,N
11776,57302,arapiraca,AL,-9.761804,-36.637215,N
11777,57303,arapiraca,AL,-9.780293,-36.638107,N
11778,57304,arapiraca,AL,-9.762309,-36.661861,N
11779,57305,arapiraca,AL,-9.750486,-36.670255,N
11780,57306,arapiraca,AL,-9.742353,-36.668855,N
11781,57307,arapiraca,AL,-9.73225,-36.673644,N
11782,57308,arapiraca,AL,-9.726733,-36.667268,N
11783,57309,arapiraca,AL,-9.72155,-36.679937,N
11784,57310,arapiraca,AL,-9.736775,-36.662777,N
11785,57311,arapiraca,AL,-9.742123,-36.656404,N
11786,57312,arapiraca,AL,-9.744918,-36.652286,N
11787,57313,arapiraca,AL,-9.754149,-36.65058,N
11788,57314,arapiraca,AL,-9.748613,-36.643273,N
11789,57315,arapiraca,AL,-9.73425,-36.643686,N
11790,57316,arapiraca,AL,-9.759784,-36.646726,N
11791,57317,arapiraca,AL,-9.797449,-36.625158,N
11792,57319,vila sao francisco,AL,-0.483505,-28.424444,N
11793,57320,craibas,AL,-9.617563,-36.767592,N
11794,57325,coite do noia,AL,-9.636906,-36.579649,N
11795,57330,lagoa da canoa,AL,-9.827487,-36.741792,N
11796,57340,feira grande,AL,-9.900533,-36.675698,N
11797,57350,campo grande,AL,-9.959599,-36.790022,N
11798,57360,girau do ponciano,AL,-9.884218,-36.824781,N
11799,57370,traipu,AL,-9.967932,-37.002874,N
11800,57380,são brás,AL,-10.12644,-36.898839,N
11801,57390,olho dágua grande,AL,-10.057377,-36.812658,N
11802,57400,pao de acucar,AL,-9.747541,-37.436054,N
11803,57410,palestina,AL,-9.672144,-37.33,N
11804,57420,batalha,AL,-9.674351,-37.127515,N
11805,57425,jaramataia,AL,-9.65967,-37.001568,N
11806,57430,jacare dos homens,AL,-9.634283,-37.206148,N
11807,57440,monteiropolis,AL,-9.603078,-37.247717,N
11808,57442,olho d'água das flores,AL,-9.533953,-37.294751,N
11809,57445,sao jose da tapera,AL,-9.559174,-37.382002,N
11810,57460,piranhas,AL,-9.611381,-37.7591,N
11811,57470,olho d'água do casado,AL,-9.501612,-37.832093,N
11812,57475,pariconha,AL,-9.259261,-38.005958,N
11813,57480,delmiro gouveia,AL,-9.382493,-38.01055,N
11814,57490,agua branca,AL,-9.262055,-37.935127,N
11815,57500,santana do ipanema,AL,-9.373149,-37.246308,N
11816,57510,poco das trincheiras,AL,-9.303422,-37.300629,N
11817,57515,senador rui palmeira,AL,-9.467764,-37.456306,N
11818,57520,maravilha,AL,-9.233525,-37.358925,N
11819,57525,ouro branco,AL,-9.162032,-37.357685,N
11820,57530,canapi,AL,-9.115907,-37.606784,N
11821,57535,carneiros,AL,-9.4843,-37.374516,N
11822,57540,mata grande,AL,-9.11782,-37.742245,N
11823,57545,inhapi,AL,-9.222301,-37.74833,N
11824,57550,olivenca,AL,-9.514615,-37.189385,N
11825,57560,dois riachos,AL,-9.387081,-37.089186,N
11826,57570,cacimbinhas,AL,-9.401185,-36.982709,N
11827,57580,major isidoro,AL,-9.539842,-37.014955,N
11828,57600,palmeira dos indios,AL,-9.405615,-36.629517,N
11829,57601,palmeira dos indios,AL,-9.413512,-36.636394,N
11830,57602,palmeira dos indios,AL,-9.411548,-36.623191,N
11831,57603,palmeira dos indios,AL,-9.417663,-36.629398,N
11832,57604,palmeira dos indios,AL,-9.428343,-36.628353,N
11833,57605,palmeira dos indios,AL,-9.415886,-36.622214,N
11834,57606,palmeira dos indios,AL,-9.411108,-36.651868,N
11835,57607,palmeira dos índios,AL,-9.417336,-36.643865,N
11836,57608,palmeira dos indios,AL,-9.410006,-36.64741,N
11837,57620,igaci,AL,-9.538273,-36.631241,N
11838,57625,estrela de alagoas,AL,-9.388802,-36.760568,N
11839,57630,belem,AL,-9.583375,-36.470199,N
11840,57635,tanque d'arca,AL,-9.534569,-36.433853,N
11841,57640,taquarana,AL,-9.64742,-36.494002,N
11842,57660,anadia,AL,-9.684047,-36.303293,N
11843,57670,maribondo,AL,-9.575859,-36.303472,N
11844,57680,boca da mata,AL,-9.644247,-36.213713,N
11845,57690,atalaia,AL,-9.506694,-36.014881,N
11846,57700,vicosa,AL,-9.373296,-36.24548,N
11847,57720,pindoba,AL,-9.475011,-36.288993,N
11848,57730,mar vermelho,AL,-9.451209,-36.387712,N
11849,57740,paulo jacinto,AL,-9.368572,-36.371461,N
11850,57750,quebrangulo,AL,-9.316654,-36.466753,N
11851,57760,cha preta,AL,-9.256855,-36.297559,N
11852,57770,cajueiro,AL,-9.398763,-36.146957,N
11853,57780,capela,AL,-9.412088,-36.081653,N
11854,57800,união dos palmares,AL,-9.157219,-36.026979,N
11855,57820,murici,AL,-9.310496,-35.945206,N
11856,57830,branquinha,AL,-9.246909,-36.014378,N
11857,57840,santana do mundaú,AL,-9.166493,-36.218502,N
11858,57860,sao jose da laje,AL,-9.007626,-36.057685,N
11859,57890,ibateguara,AL,-8.968583,-35.925882,N
11860,57900,porto calvo,AL,-9.053689,-35.398202,N
11861,57910,matriz de camaragibe,AL,-9.156551,-35.532929,N
11862,57920,sao luis do quitunde,AL,-9.313365,-35.56759,N
11863,57925,barra de santo antonio,AL,-9.408517,-35.508896,N
11864,57930,passo de camaragibe,AL,-9.250592,-35.486157,N
11865,57935,paripueira,AL,-9.462654,-35.546981,N
11866,57940,sao miguel dos milagres,AL,-9.260975,-35.380165,N
11867,57945,porto de pedras,AL,-9.156246,-35.309908,N
11868,57950,japaratinga,AL,-9.098484,-35.266182,N
11869,57955,maragogi,AL,-9.007676,-35.220048,N
11870,57960,jacuipe,AL,-8.842252,-35.457254,N
11871,57965,jundia,AL,-8.940752,-35.554465,N
11872,57968,campestre,AL,-8.851264,-35.567304,N
11873,57970,novo lino,AL,-8.94192,-35.663592,N
11874,57975,colonia leopoldina,AL,-8.91894,-35.729906,N
11875,57980,joaquim gomes,AL,-9.138199,-35.756107,N
11876,57990,messias,AL,-9.389473,-35.839691,N
11877,57995,flexeiras,AL,-9.275904,-35.726584,N
11878,58010,joao pessoa,PB,-7.120403,-34.884964,N
11879,58011,joao pessoa,PB,-7.128064,-34.891915,N
11880,58013,joao pessoa,PB,-7.122252,-34.877304,N
11881,58015,joao pessoa,PB,-7.133876,-34.877318,N
11882,58020,joao pessoa,PB,-7.113471,-34.876521,N
11883,58025,joao pessoa,PB,-7.111779,-34.865351,N
11884,58026,joao pessoa,PB,-7.106933,-34.868497,N
11885,58027,joao pessoa,PB,-7.100774,-34.864563,N
11886,58028,joao pessoa,PB,-7.102544,-34.853738,N
11887,58030,joao pessoa,PB,-7.114711,-34.855616,N
11888,58031,joão pessoa,PB,-7.113986,-34.847608,N
11889,58032,joao pessoa,PB,-7.117704,-34.835853,N
11890,58033,joao pessoa,PB,-7.114799,-34.839755,N
11891,58034,joao pessoa,PB,-7.107642,-34.842171,N
11892,58035,joao pessoa,PB,-7.06838,-34.842416,N
11893,58036,joao pessoa,PB,-7.095004,-34.843256,N
11894,58037,joão pessoa,PB,-7.085468,-34.836183,N
11895,58038,joao pessoa,PB,-7.105146,-34.834452,N
11896,58039,joao pessoa,PB,-7.115647,-34.827391,N
11897,58040,joao pessoa,PB,-7.126031,-34.863188,N
11898,58041,joao pessoa,PB,-7.123024,-34.853449,N
11899,58042,joao pessoa,PB,-7.121572,-34.846391,N
11900,58043,joao pessoa,PB,-7.122516,-34.835069,N
11901,58045,joao pessoa,PB,-7.128564,-34.823063,N
11902,58046,joao pessoa,PB,-7.145019,-34.824357,N
11903,58047,joao pessoa,PB,-7.162589,-34.799347,N
11904,58050,joao pessoa,PB,-7.131918,-34.846736,N
11905,58051,joao pessoa,PB,-7.147294,-34.839611,N
11906,58052,joao pessoa,PB,-7.155813,-34.836784,N
11907,58053,joao pessoa,PB,-7.152907,-34.850941,N
11908,58055,joao pessoa,PB,-7.168371,-34.841748,N
11909,58056,joao pessoa,PB,-7.175164,-34.841161,N
11910,58057,joao pessoa,PB,-7.18345,-34.841268,N
11911,58058,joao pessoa,PB,-7.167164,-34.830257,N
11912,58059,joao pessoa,PB,-7.178716,-34.827403,N
11913,58062,joao pessoa,PB,-7.205046,-34.837589,N
11914,58063,joao pessoa,PB,-7.2004,-34.851592,N
11915,58064,joao pessoa,PB,-7.194592,-34.844853,N
11916,58065,joao pessoa,PB,-7.200245,-34.857403,N
11917,58066,joao pessoa,PB,-7.214857,-34.836333,N
11918,58067,joao pessoa,PB,-7.211812,-34.8504,N
11919,58068,joao pessoa,PB,-7.19864,-34.865841,N
11920,58069,joão pessoa,PB,-7.170199,-34.877027,N
11921,58070,joao pessoa,PB,-7.152432,-34.877459,N
11922,58071,joao pessoa,PB,-7.162656,-34.870272,N
11923,58073,joao pessoa,PB,-7.167711,-34.855866,N
11924,58074,joao pessoa,PB,-7.174724,-34.857142,N
11925,58075,joao pessoa,PB,-7.179255,-34.869626,N
11926,58076,joao pessoa,PB,-7.175548,-34.880225,N
11927,58077,joao pessoa,PB,-7.182681,-34.86235,N
11928,58078,joao pessoa,PB,-7.180296,-34.88245,N
11929,58079,joao pessoa,PB,-7.184699,-34.884164,N
11930,58080,joão pessoa,PB,-7.173032,-34.890595,N
11931,58081,joao pessoa,PB,-7.177384,-34.891,N
11932,58082,joao pessoa,PB,-7.172375,-34.899921,N
11933,58083,joao pessoa,PB,-7.17788,-34.925337,N
11934,58084,joao pessoa,PB,-7.167114,-34.910006,N
11935,58085,joao pessoa,PB,-7.14427,-34.888074,N
11936,58086,joao pessoa,PB,-7.152602,-34.891002,N
11937,58087,joao pessoa,PB,-7.160908,-34.890545,N
11938,58088,joao pessoa,PB,-7.15557,-34.901312,N
11939,58090,joao pessoa,PB,-7.137367,-34.909921,N
11940,58100,cabedelo,PB,-6.972897,-34.834209,N
11941,58101,cabedelo,PB,-7.017655,-34.832292,N
11942,58102,cabedelo,PB,-7.045361,-34.842098,N
11943,58103,campina grande,PB,-7.007676,-34.918929,N
11944,58105,cabedelo,PB,-7.020278,-34.840602,N
11945,58106,campina grande,PB,-7.236669,-35.89346,N
11946,58107,campina grande,PB,-7.240183,-35.923552,N
11947,58108,campina grande,PB,-7.089956,-35.107563,N
11948,58109,campina grande,PB,-7.226366,-35.926059,N
11949,58115,puxinana,PB,-7.147147,-35.961368,N
11950,58117,lagoa seca,PB,-7.159337,-35.856231,N
11951,58119,sao sebastiao de lagoa de roca,PB,-7.103223,-35.867535,N
11952,58120,massaranduba,PB,-7.179095,-35.733439,N
11953,58123,boa vista,PB,-7.264359,-36.241541,N
11954,58125,alagoa nova,PB,-7.061969,-35.764409,N
11955,58128,matinhas,PB,-7.122524,-35.770667,N
11956,58135,esperanca,PB,-7.018672,-35.859304,N
11957,58140,areial,PB,-7.048618,-35.924212,N
11958,58145,montadas,PB,-7.086893,-35.959225,N
11959,58150,pocinhos,PB,-7.078711,-36.059671,N
11960,58155,soledade,PB,-7.05885,-36.363483,N
11961,58167,cubati,PB,-6.86348,-36.35493,N
11962,58170,barra de santa rosa,PB,-6.722976,-36.056367,N
11963,58173,damiao,PB,-6.631677,-35.907619,N
11964,58175,cuité,PB,-6.484892,-36.151773,N
11965,58177,sossego,PB,-6.764674,-36.246936,N
11966,58178,nova floresta,PB,-6.455502,-36.205908,N
11967,58180,pedra lavrada,PB,-6.757649,-36.467601,N
11968,58184,nova palmeira,PB,-6.679054,-36.419849,N
11969,58187,picui,PB,-6.506546,-36.34469,N
11970,58188,barauna,PB,-6.644907,-36.248173,N
11971,58195,frei martinho,PB,-6.402787,-36.451641,N
11972,58200,guarabira,PB,-6.852093,-35.490922,N
11973,58208,cuitegi,PB,-6.896315,-35.524575,N
11974,58210,piloezinhos,PB,-6.843274,-35.528999,N
11975,58213,pirpirituba,PB,-6.779831,-35.497127,N
11976,58220,bananeiras,PB,-6.748089,-35.631431,N
11977,58225,solanea,PB,-6.759475,-35.657542,N
11978,58228,dona ines,PB,-6.604248,-35.627572,N
11979,58230,cacimba de dentro,PB,-6.641589,-35.791748,N
11980,58233,araruna,PB,-6.534118,-35.743284,N
11981,58238,casserengue,PB,-6.78054,-35.81915,N
11982,58250,lagoa de dentro,PB,-6.673452,-35.375097,N
11983,58253,caicara,PB,-6.617639,-35.469006,N
11984,58254,logradouro,PB,-6.573572,-35.437698,N
11985,58255,belem,PB,-6.698071,-35.536963,N
11986,58260,serra da raiz,PB,-6.688574,-35.433289,N
11987,58265,duas estradas,PB,-6.688503,-35.418858,N
11988,58268,sertaozinho,PB,-6.752234,-35.439761,N
11989,58270,aracagi,PB,-6.851203,-35.380802,N
11990,58273,pedro regis,PB,-6.644478,-35.291627,N
11991,58275,itapororoca,PB,-6.829536,-35.246754,N
11992,58278,jacarau,PB,-6.613274,-35.291731,N
11993,58280,mamanguape,PB,-6.837169,-35.126887,N
11994,58286,pitanga de estrada,PB,,,N
11995,58287,capim,PB,-6.898694,-35.19936,N
11996,58289,cuite de mamanguape,PB,-6.913615,-35.24425,N
11997,58291,curral de cima,PB,-6.718979,-35.266026,N
11998,58292,mataraca,PB,-6.595775,-35.055997,N
11999,58297,rio tinto,PB,-6.803382,-35.076738,N
12000,58300,santa rita,PB,-7.123777,-34.978818,N
12001,58301,santa rita,PB,-7.132038,-34.98123,N
12002,58302,santa rita,PB,-7.151874,-34.966331,N
12003,58303,santa rita,PB,-7.151794,-34.971788,N
12004,58304,varzea nova,PB,-7.125716,-34.951936,N
12005,58305,bayeux,PB,-7.128322,-34.913191,N
12006,58306,bayeux,PB,-7.125235,-34.921207,N
12007,58307,bayeux,PB,-7.12821,-34.934103,N
12008,58308,bayeux,PB,-7.133805,-34.934538,N
12009,58309,bayeux,PB,-7.136646,-34.923641,N
12010,58310,cabedelo,PB,-7.01572,-34.839101,N
12011,58315,lucena,PB,-6.932744,-34.864934,N
12012,58320,alhandra,PB,-7.433969,-34.910448,N
12013,58322,conde,PB,-7.281532,-34.832455,N
12014,58324,pitimbu,PB,-7.490765,-34.812921,N
12015,58326,caapora,PB,-7.517501,-34.915253,N
12016,58328,pedras de fogo,PB,-7.401989,-35.115216,N
12017,58330,juripiranga,PB,-7.37334,-35.238532,N
12018,58334,sao miguel de taipu,PB,-7.249643,-35.210622,N
12019,58337,cruz do espirito santo,PB,-7.140306,-35.089996,N
12020,58338,pilar,PB,-7.26239,-35.260374,N
12021,58339,são josé dos ramos,PB,-7.247067,-35.380544,N
12022,58340,sape,PB,-7.09261,-35.231498,N
12023,58342,sobrado,PB,-7.147469,-35.237492,N
12024,58345,mari,PB,-7.05883,-35.316723,N
12025,58350,caldas brandao,PB,-7.161965,-35.349962,N
12026,58354,mulungu,PB,-7.03123,-35.465191,N
12027,58356,gurinhem,PB,-7.125013,-35.424179,N
12028,58360,itabaiana,PB,-7.331549,-35.336141,N
12029,58370,salgado de sao felix,PB,-7.380759,-35.45007,N
12030,58375,mogeiro,PB,-7.304785,-35.477645,N
12031,58378,itatuba,PB,-7.377777,-35.62895,N
12032,58380,inga,PB,-7.290068,-35.606068,N
12033,58382,riachão do bacamarte,PB,-7.247636,-35.666226,N
12034,58385,serra redonda,PB,-7.18533,-35.680436,N
12035,58387,juarez tavora,PB,-7.175804,-35.589272,N
12036,58388,alagoa grande,PB,-7.041756,-35.632193,N
12037,58390,alagoinha,PB,-6.949275,-35.545438,N
12038,58393,pilões,PB,-6.866818,-35.611308,N
12039,58395,serraria,PB,-6.819016,-35.642014,N
12040,58396,arara,PB,-6.827718,-35.760393,N
12041,58397,areia,PB,-6.966729,-35.702506,N
12042,58398,remigio,PB,-6.965113,-35.795136,N
12043,58399,algodão de jandaíra,PB,-6.904074,-36.011245,N
12044,58400,campina grande,PB,-7.219469,-35.890099,N
12045,58401,campina grande,PB,-7.209296,-35.883078,N
12046,58402,campina grande,PB,-7.208492,-35.874468,N
12047,58403,campina grande,PB,-7.207507,-35.888811,N
12048,58404,campina grande,PB,-7.200372,-35.899468,N
12049,58406,campina grande,PB,-7.216352,-35.869552,N
12050,58407,campina grande,PB,-7.22795,-35.869672,N
12051,58408,campina grande,PB,-7.243566,-35.866178,N
12052,58410,campina grande,PB,-7.239733,-35.878941,N
12053,58411,campina grande,PB,-7.254648,-35.880865,N
12054,58414,campina grande,PB,-7.239387,-35.894351,N
12055,58415,campina grande,PB,-7.249323,-35.899496,N
12056,58416,campina grande,PB,-7.234277,-35.902225,N
12057,58417,campina grande,PB,-7.24869,-35.91162,N
12058,58418,campina grande,PB,-7.259828,-35.907953,N
12059,58420,campina grande,PB,-7.272026,-35.914612,N
12060,58421,campina grande,PB,-7.269666,-35.922475,N
12061,58423,campina grande,PB,-7.250839,-35.92196,N
12062,58424,campina grande,PB,-7.270863,-35.936409,N
12063,58428,campina grande,PB,-7.223322,-35.903696,N
12064,58429,campina grande,PB,-7.217806,-35.909643,N
12065,58430,campina grande,PB,-7.223875,-35.914943,N
12066,58431,campina grande,PB,-7.208665,-35.923922,N
12067,58432,campina grande,PB,-7.242654,-35.921386,N
12068,58433,campina grande,PB,-7.230079,-35.925261,N
12069,58434,campina grande,PB,-7.241654,-35.927878,N
12070,58436,campina grande,PB,-7.207082,-35.942937,N
12071,58437,campina grande,PB,-7.210491,-35.92973,N
12072,58441,campina grande,PB,5.013519,-29.384846,N
12073,58450,boqueirao,PB,-7.481981,-36.132128,N
12074,58458,barra de santana,PB,-7.52332,-35.998918,N
12075,58460,alcantil,PB,-7.743232,-36.062988,N
12076,58463,santa cecilia,PB,-7.744146,-35.883401,N
12077,58465,riacho de santo antonio,PB,-7.696598,-36.147249,N
12078,58475,queimadas,PB,-7.361946,-35.899161,N
12079,58480,cabaceiras,PB,-7.489735,-36.288135,N
12080,58483,barra de sao miguel,PB,-7.752159,-36.318439,N
12081,58485,sao domingos do cariri,PB,-7.633934,-36.434755,N
12082,58487,fagundes,PB,-7.358716,-35.785397,N
12083,58489,aroeiras,PB,-7.546248,-35.707307,N
12084,58494,natuba,PB,-7.642035,-35.551312,N
12085,58497,umbuzeiro,PB,-7.695613,-35.665213,N
12086,58500,monteiro,PB,-7.892897,-37.122351,N
12087,58515,zabele,PB,-8.076671,-37.097291,N
12088,58520,sao joao do tigre,PB,-8.082587,-36.85144,N
12089,58530,camalau,PB,-7.890658,-36.824923,N
12090,58533,pindurão,PB,-6.982217,-34.830162,N
12091,58535,congo,PB,-7.795972,-36.661062,N
12092,58540,sumé,PB,-7.670534,-36.880874,N
12093,58548,amparo,PB,-7.567201,-37.060924,N
12094,58550,prata,PB,-7.695258,-37.083413,N
12095,58560,ouro velho,PB,-7.622383,-37.150335,N
12096,58570,sao jose dos cordeiros,PB,-7.401669,-36.816976,N
12097,58575,parari,PB,-7.317522,-36.65465,N
12098,58580,serra branca,PB,-7.494554,-36.676267,N
12099,58582,santa luzia do cariri,PB,-7.606377,-36.816139,N
12100,58588,coxixola,PB,-7.629677,-36.604369,N
12101,58590,são joão do cariri,PB,-7.390319,-36.531836,N
12102,58600,santa luzia,PB,-6.872212,-36.917456,N
12103,58610,sao jose do sabugi,PB,-6.775092,-36.798879,N
12104,58620,varzea,PB,-6.770783,-36.991305,N
12105,58625,são mamede,PB,-6.927411,-37.096778,N
12106,58640,junco do serido,PB,-6.994438,-36.713474,N
12107,58660,juazeirinho,PB,-7.069986,-36.578592,N
12108,58665,tenorio,PB,-6.941105,-36.627903,N
12109,58670,gurjao,PB,-7.246422,-36.487436,N
12110,58675,santo andre,PB,-7.221184,-36.63356,N
12111,58680,taperoa,PB,-7.208839,-36.823499,N
12112,58685,assuncao,PB,-7.077091,-36.732249,N
12113,58690,livramento,PB,-7.37804,-36.944452,N
12114,58695,desterro,PB,-7.289329,-37.089067,N
12115,58698,cacimbas,PB,-7.211424,-37.059056,N
12116,58700,patos,PB,-7.026355,-37.275998,N
12117,58701,patos,PB,-7.034988,-37.284155,N
12118,58703,patos,PB,-7.027246,-37.287814,N
12119,58704,patos,PB,-7.017301,-37.284415,N
12120,58705,patos,PB,-7.008093,-37.288459,N
12121,58706,patos,PB,-7.017106,-37.275148,N
12122,58707,patos,PB,-7.048127,-37.274008,N
12123,58708,patos,PB,-7.076205,-37.286884,N
12124,58710,vista serrana,PB,-6.740553,-37.568978,N
12125,58713,malta,PB,-6.907009,-37.521128,N
12126,58714,condado,PB,-6.907953,-37.60305,N
12127,58715,catingueira,PB,-7.124193,-37.607524,N
12128,58720,santa teresinha,PB,-7.084734,-37.444899,N
12129,58723,sao jose de espinharas,PB,-6.845314,-37.325346,N
12130,58725,sao jose do bonfim,PB,-7.160454,-37.307223,N
12131,58732,areia de baraunas,PB,-7.123978,-36.946393,N
12132,58734,passagem,PB,,,N
12133,58735,teixeira,PB,-7.223482,-37.253361,N
12134,58737,matureia,PB,-7.26577,-37.34147,N
12135,58740,mãe d'água,PB,-7.244858,-37.418071,N
12136,58745,imaculada,PB,-7.387135,-37.508444,N
12137,58748,agua branca,PB,-7.515395,-37.639849,N
12138,58750,juru,PB,-7.537,-37.818491,N
12139,58753,tavares,PB,-7.635308,-37.877907,N
12140,58755,princesa isabel,PB,-7.7363,-37.989991,N
12141,58758,sao jose de princesa,PB,-7.740463,-38.098183,N
12142,58760,olho d'agua,PB,-7.229061,-37.749316,N
12143,58765,pianco,PB,-7.198684,-37.924948,N
12144,58770,coremas,PB,-7.018258,-37.944255,N
12145,58775,igaracy,PB,-7.179133,-38.149424,N
12146,58778,aguiar,PB,-7.093013,-38.171806,N
12147,58780,itaporanga,PB,-7.305695,-38.151737,N
12148,58784,sao jose de caiana,PB,-7.251601,-38.298852,N
12149,58790,pedra branca,PB,-7.428535,-38.070509,N
12150,58795,santana dos garrotes,PB,-7.387353,-37.98937,N
12151,58798,nova olinda,PB,-7.47853,-38.040517,N
12152,58800,sousa,PB,-6.761172,-38.229586,N
12153,58801,sousa,PB,-6.755184,-38.224024,N
12154,58802,sousa,PB,-6.760554,-38.226006,N
12155,58804,sousa,PB,-6.770668,-38.226996,N
12156,58805,sousa,PB,-6.774351,-38.234968,N
12157,58806,sousa,PB,-6.750868,-38.238998,N
12158,58807,sousa,PB,-6.765999,-38.233587,N
12159,58808,sousa,PB,-6.772864,-38.2384,N
12160,58815,sao jose da lagoa tapada,PB,-6.932298,-37.97978,N
12161,58817,nazarezinho,PB,-6.915006,-38.325032,N
12162,58818,sao francisco,PB,-6.618167,-38.096341,N
12163,58819,marizopolis,PB,-6.843531,-38.347319,N
12164,58820,lastro,PB,-6.520365,-38.179279,N
12165,58823,aparecida,PB,-6.785818,-38.083459,N
12166,58824,santa cruz,PB,-6.551962,-38.076999,N
12167,58830,jerico,PB,-6.553129,-37.80572,N
12168,58832,mato grosso,PB,-6.540831,-37.711731,N
12169,58835,lagoa,PB,-6.590493,-37.915582,N
12170,58840,pombal,PB,-6.767547,-37.79583,N
12171,58857,sao bentinho,PB,-6.891252,-37.725353,N
12172,58860,paulista,PB,-6.598379,-37.623091,N
12173,58865,sao bento,PB,-6.491795,-37.451862,N
12174,58870,riacho dos cavalos,PB,-6.43863,-37.651663,N
12175,58880,brejo dos santos,PB,-6.37688,-37.825443,N
12176,58884,catole do rocha,PB,-6.354803,-37.721572,N
12177,58887,bom sucesso,PB,-6.44611,-37.927783,N
12178,58890,brejo do cruz,PB,-6.347543,-37.499998,N
12179,58893,sao jose do brejo do cruz,PB,-6.21216,-37.355239,N
12180,58895,belem do brejo do cruz,PB,-6.188313,-37.535719,N
12181,58900,cajazeiras,PB,-6.887745,-38.558943,N
12182,58908,poco de jose de moura,PB,-6.575129,-38.512056,N
12183,58910,sao joao do rio do peixe,PB,-6.748792,-38.441361,N
12184,58915,uirauna,PB,-6.518965,-38.412065,N
12185,58920,triunfo,PB,-6.579597,-38.597345,N
12186,58922,bernardino batista,PB,-6.45249,-38.551902,N
12187,58925,santa helena,PB,-6.72064,-38.639845,N
12188,58928,joca claudino,PB,-6.482814,-38.479667,N
12189,58930,bom jesus,PB,-6.871453,-38.647769,N
12190,58933,poco dantas,PB,-6.403671,-38.498453,N
12191,58935,cachoeira dos indios,PB,-6.926439,-38.679696,N
12192,58940,sao jose de piranhas,PB,-7.154132,-38.476806,N
12193,58945,carrapateira,PB,-7.037671,-38.344701,N
12194,58950,monte horebe,PB,-7.212607,-38.585774,N
12195,58955,serra grande,PB,-7.215062,-38.369211,N
12196,58960,bonito de santa fe,PB,-7.313343,-38.514218,N
12197,58970,conceicao,PB,-7.557047,-38.506579,N
12198,58978,santa inês,PB,-7.626534,-38.55918,N
12199,58980,ibiara,PB,-7.503535,-38.407535,N
12200,58985,santana de mangueira,PB,-7.553346,-38.332765,N
12201,58993,boa ventura,PB,-7.421351,-38.218115,N
12202,58994,diamante,PB,-7.426339,-38.26256,N
12203,58995,manaira,PB,-7.724392,-38.185467,N
12204,59010,natal,RN,-5.770951,-35.199552,N
12205,59012,natal,RN,-5.779976,-35.200159,N
12206,59014,natal,RN,-5.789818,-35.192418,N
12207,59015,natal,RN,-5.805758,-35.199734,N
12208,59020,natal,RN,-5.792244,-35.20152,N
12209,59022,natal,RN,-5.802035,-35.206692,N
12210,59025,natal,RN,-5.787062,-35.206732,N
12211,59030,natal,RN,-5.797783,-35.212039,N
12212,59031,natal,RN,-5.798514,-35.216201,N
12213,59032,natal,RN,-5.805682,-35.216745,N
12214,59035,natal,RN,-5.80091,-35.229577,N
12215,59037,natal,RN,-5.801474,-35.223602,N
12216,59040,natal,RN,-5.786215,-35.225617,N
12217,59042,natal,RN,-5.794337,-35.235893,N
12218,59050,natal,RN,-5.804191,-35.2326,N
12219,59052,natal,RN,-5.807745,-35.229882,N
12220,59054,natal,RN,-5.8112,-35.220112,N
12221,59056,natal,RN,-5.817619,-35.205089,N
12222,59060,natal,RN,-5.816163,-35.237839,N
12223,59062,natal,RN,-5.815989,-35.22697,N
12224,59063,natal,RN,-5.822191,-35.221207,N
12225,59064,natal,RN,-5.834605,-35.21889,N
12226,59065,natal,RN,-5.837773,-35.219018,N
12227,59066,natal,RN,-5.851688,-35.217566,N
12228,59067,natal,RN,-5.870992,-35.228674,N
12229,59068,natal,RN,-5.858073,-35.239333,N
12230,59069,natal,RN,-5.847561,-35.242082,N
12231,59070,natal,RN,-5.823074,-35.235679,N
12232,59071,natal,RN,-5.822762,-35.239167,N
12233,59072,natal,RN,-5.829458,-35.245891,N
12234,59073,natal,RN,-5.849252,-35.253131,N
12235,59074,natal,RN,-5.828558,-35.261213,N
12236,59075,natal,RN,-5.823597,-35.208432,N
12237,59076,natal,RN,-5.829791,-35.214482,N
12238,59077,natal,RN,-5.840248,-35.207931,N
12239,59078,natal,RN,-5.846928,-35.203775,N
12240,59080,natal,RN,-5.855344,-35.208228,N
12241,59082,natal,RN,-5.862579,-35.196031,N
12242,59084,natal,RN,-5.869613,-35.200987,N
12243,59086,natal,RN,-5.866604,-35.210273,N
12244,59088,natal,RN,-5.875625,-35.204141,N
12245,59090,natal,RN,-5.879929,-35.176936,N
12246,59091,natal,RN,-5.879393,-35.198195,N
12247,59092,natal,RN,-5.880049,-35.180574,N
12248,59094,natal,RN,-5.871514,-35.183858,N
12249,59104,natal,RN,-5.770407,-35.259439,N
12250,59106,natal,RN,-5.770354,-35.269745,N
12251,59108,natal,RN,-5.762973,-35.258546,N
12252,59110,natal,RN,-5.755931,-35.254128,N
12253,59112,natal,RN,-5.755568,-35.258933,N
12254,59114,natal,RN,-5.752578,-35.272387,N
12255,59115,natal,RN,-5.75169,-35.276942,N
12256,59120,natal,RN,-5.7563,-35.24513,N
12257,59122,natal,RN,-5.749756,-35.223866,N
12258,59123,natal,RN,-5.739411,-35.245751,N
12259,59124,natal,RN,-5.74663,-35.247466,N
12260,59125,natal,RN,-5.746578,-35.24334,N
12261,59127,natal,RN,-5.750474,-35.2508,N
12262,59129,natal,RN,-5.743498,-35.259137,N
12263,59131,natal,RN,-5.729076,-35.246548,N
12264,59132,natal,RN,-5.731108,-35.238534,N
12265,59133,natal,RN,-5.737931,-35.236593,N
12266,59135,natal,RN,-5.729994,-35.252217,N
12267,59136,natal,RN,-5.723095,-35.249366,N
12268,59138,natal,RN,-5.734382,-35.263469,N
12269,59139,natal,RN,-5.729453,-35.266136,N
12270,59140,parnamirim,RN,-5.924296,-35.263947,N
12271,59141,parnamirim,RN,-5.921088,-35.27549,N
12272,59142,parnamirim,RN,-5.922244,-35.286366,N
12273,59143,parnamirim,RN,-5.929252,-35.270042,N
12274,59144,parnamirim,RN,-5.944258,-35.285416,N
12275,59145,parnamirim,RN,-5.912679,-35.280134,N
12276,59146,parnamirim,RN,-5.907106,-35.26163,N
12277,59147,parnamirim,RN,-5.898643,-35.270202,N
12278,59148,parnamirim,RN,-5.885427,-35.232762,N
12279,59149,parnamirim,RN,-5.881643,-35.249188,N
12280,59150,parnamirim,RN,-5.878334,-35.21377,N
12281,59151,parnamirim,RN,-5.883633,-35.203849,N
12282,59152,parnamirim,RN,-5.886563,-35.208241,N
12283,59153,parnamirim,RN,-5.886715,-35.199846,N
12284,59154,parnamirim,RN,-5.906082,-35.204067,N
12285,59155,parnamirim,RN,-5.928235,-35.250241,N
12286,59156,parnamirim,RN,-5.940902,-35.25186,N
12287,59157,parnamirim,RN,-5.94326,-35.255191,N
12288,59158,parnamirim,RN,-5.923446,-35.219362,N
12289,59160,parnamirim,RN,-5.945562,-35.167461,N
12290,59161,parnamirim,RN,-5.959143,-35.145652,N
12291,59162,sao jose de mipibu,RN,-6.069283,-35.246397,N
12292,59164,nísia floresta,RN,-6.059286,-35.158126,N
12293,59170,arez,RN,-6.198808,-35.164356,N
12294,59173,goianinha,RN,-6.268847,-35.208962,N
12295,59178,tibau do sul,RN,-6.229605,-35.058318,N
12296,59179,tibau do sul,RN,-6.026309,-35.150962,N
12297,59180,espírito santo,RN,-6.32005,-35.306201,N
12298,59182,monte alegre,RN,-6.070731,-35.335571,N
12299,59184,vera cruz,RN,-6.049652,-35.432375,N
12300,59185,varzea,RN,-6.344406,-35.372365,N
12301,59188,jundia,RN,-6.266126,-35.327296,N
12302,59190,canguaretama,RN,-6.386414,-35.133344,N
12303,59192,vila flor,RN,-6.316725,-35.077224,N
12304,59194,baia formosa,RN,-6.369992,-35.006062,N
12305,59196,pedro velho,RN,-6.43573,-35.219412,N
12306,59198,montanhas,RN,-6.488501,-35.287365,N
12307,59200,santa cruz,RN,-6.227792,-36.021046,N
12308,59210,sao bento do trairi,RN,-6.341541,-36.085101,N
12309,59213,japi,RN,-6.466574,-35.94618,N
12310,59214,serra de sao bento,RN,-6.417964,-35.708585,N
12311,59215,nova cruz,RN,-6.48015,-35.432799,N
12312,59217,monte das gameleiras,RN,-6.440139,-35.784354,N
12313,59218,passa e fica,RN,-6.434782,-35.641489,N
12314,59219,brejinho,RN,-6.188445,-35.3565,N
12315,59220,coronel ezequiel,RN,-6.372854,-36.187371,N
12316,59225,jacana,RN,-6.430058,-36.203211,N
12317,59227,lagoa d'anta,RN,-6.390625,-35.597869,N
12318,59230,campo redondo,RN,-6.240326,-36.184011,N
12319,59235,lajes pintadas,RN,-6.148104,-36.117034,N
12320,59240,tangara,RN,-6.20132,-35.804664,N
12321,59245,serra caiada,RN,-6.106299,-35.711029,N
12322,59247,lagoa salgada,RN,-6.122106,-35.475279,N
12323,59250,senador eloi de souza,RN,-6.036854,-35.692569,N
12324,59255,santo antonio,RN,-6.312024,-35.480546,N
12325,59258,serrinha,RN,-6.278933,-35.495675,N
12326,59260,boa saude,RN,-6.154929,-35.605784,N
12327,59270,bom jesus,RN,-5.988699,-35.582076,N
12328,59275,são josé do campestre,RN,-6.319451,-35.71115,N
12329,59280,macaíba,RN,-5.856765,-35.351024,N
12330,59290,sao goncalo do amarante,RN,-5.77672,-35.30056,N
12331,59291,sao goncalo do amarante,RN,-5.791701,-35.333455,N
12332,59293,são gonçalo do amarante,RN,-5.750633,-35.295468,N
12333,59295,sao goncalo do amarante,RN,-5.771836,-35.280107,N
12334,59296,sao goncalo do amarante,RN,-5.77419,-35.271143,N
12335,59297,sao goncalo do amarante,RN,-5.78921,-35.307782,N
12336,59298,sao goncalo do amarante,RN,-5.786245,-35.296,N
12337,59299,poco de pedra,RN,,,N
12338,59300,caico,RN,-6.46415,-37.093594,N
12339,59310,sao joao do sabugi,RN,-6.716532,-37.201944,N
12340,59315,ipueira,RN,-6.815904,-37.198813,N
12341,59318,serra negra do norte,RN,-6.665116,-37.397592,N
12342,59320,timbauba dos batistas,RN,-6.464164,-37.271954,N
12343,59324,jardim de piranhas,RN,-6.379303,-37.349729,N
12344,59327,sao fernando,RN,-6.377384,-37.186249,N
12345,59330,jucurutu,RN,-6.038656,-37.021917,N
12346,59335,florania,RN,-6.124832,-36.81401,N
12347,59338,tenente laurentino cruz,RN,-6.147541,-36.717326,N
12348,59340,são vicente,RN,-6.218328,-36.682573,N
12349,59343,jardim do serido,RN,-6.587778,-36.774176,N
12350,59347,ouro branco,RN,-6.703845,-36.94537,N
12351,59350,santana do serido,RN,-6.772283,-36.735885,N
12352,59355,equador,RN,-6.944926,-36.716373,N
12353,59360,parelhas,RN,-6.689736,-36.660571,N
12354,59370,acari,RN,-6.436125,-36.640336,N
12355,59374,carnauba dos dantas,RN,-6.556878,-36.592512,N
12356,59375,cruzeta,RN,-6.41263,-36.787756,N
12357,59378,sao jose do serido,RN,-6.448903,-36.878799,N
12358,59380,currais novos,RN,-6.259325,-36.518753,N
12359,59390,lagoa nova,RN,-6.095124,-36.468517,N
12360,59395,cerro cora,RN,-6.045617,-36.349286,N
12361,59400,são tomé,RN,-5.974232,-36.075159,N
12362,59410,barcelona,RN,-5.949143,-35.926954,N
12363,59420,ruy barbosa,RN,-5.878543,-35.93522,N
12364,59430,lagoa de velhos,RN,-6.00032,-35.86954,N
12365,59440,sitio novo,RN,-6.107529,-35.913783,N
12366,59445,serra da tapuia,RN,-6.09028,-35.94444,N
12367,59460,sao paulo do potengi,RN,-5.89661,-35.762881,N
12368,59464,santa maria,RN,-5.840762,-35.692963,N
12369,59470,riachuelo,RN,-5.810415,-35.823151,N
12370,59480,sao pedro,RN,-5.895216,-35.639656,N
12371,59490,ielmo marinho,RN,-5.823806,-35.552831,N
12372,59500,macau,RN,-5.114364,-36.631856,N
12373,59504,pendencias,RN,-5.259306,-36.718541,N
12374,59507,alto do rodrigues,RN,-5.294882,-36.758123,N
12375,59508,ipanguaçu,RN,-5.515142,-36.863142,N
12376,59510,afonso bezerra,RN,-5.495639,-36.535,N
12377,59513,itaja,RN,-5.641888,-36.870149,N
12378,59515,angicos,RN,-5.666032,-36.603274,N
12379,59517,fernando pedroza,RN,-5.697076,-36.529665,N
12380,59518,sao rafael,RN,-5.803201,-36.886237,N
12381,59520,santana do matos,RN,-5.94255,-36.639735,N
12382,59528,bodo,RN,-5.988988,-36.412432,N
12383,59530,pedro avelino,RN,-5.521283,-36.381554,N
12384,59535,lajes,RN,-5.698334,-36.245444,N
12385,59540,caicara do rio do vento,RN,-5.758692,-36.001625,N
12386,59547,pedra preta,RN,,,N
12387,59550,joao camara,RN,-5.539424,-35.817685,N
12388,59555,bento fernandes,RN,-5.690316,-35.820093,N
12389,59560,poco branco,RN,-5.619123,-35.655831,N
12390,59565,taipu,RN,-5.62251,-35.598016,N
12391,59570,ceara-mirim,RN,-5.637682,-35.42299,N
12392,59575,extremoz,RN,-5.696259,-35.281779,N
12393,59578,rio do fogo,RN,-5.317979,-35.396499,N
12394,59582,pureza,RN,-5.455005,-35.554018,N
12395,59584,touros,RN,-5.209742,-35.470114,N
12396,59585,sao miguel do gostoso,RN,-5.133104,-35.661678,N
12397,59586,parazinho,RN,-5.224181,-35.837602,N
12398,59588,pedra grande,RN,-5.148606,-35.87727,N
12399,59590,sao bento do norte,RN,-5.09893,-36.006218,N
12400,59592,caicara do norte,RN,-5.063373,-36.051128,N
12401,59594,jandaira,RN,-5.356609,-36.125444,N
12402,59596,galinhos,RN,-5.09802,-36.241821,N
12403,59598,guamaré,RN,-5.114497,-36.323027,N
12404,59600,mossoro,RN,-5.200508,-37.350115,N
12405,59603,mossoro,RN,-5.189965,-37.350747,N
12406,59604,mossoro,RN,-5.208504,-37.362442,N
12407,59605,mossoro,RN,-5.193437,-37.355177,N
12408,59607,mossoro,RN,-5.185115,-37.363428,N
12409,59609,mossoro,RN,-5.193328,-37.38205,N
12410,59610,mossoró,RN,-5.190288,-37.339844,N
12411,59611,mossoro,RN,-5.181755,-37.347161,N
12412,59612,mossoro,RN,-5.175012,-37.35898,N
12413,59613,mossoró,RN,-5.155605,-37.351978,N
12414,59614,mossoro,RN,-5.154074,-37.362271,N
12415,59615,mossoro,RN,-5.152745,-37.354947,N
12416,59616,mossoró,RN,-5.140275,-37.355578,N
12417,59617,mossoro,RN,-5.159954,-37.364731,N
12418,59618,mossoro,RN,-5.182374,-37.337042,N
12419,59619,mossoro,RN,-5.175838,-37.34617,N
12420,59621,mossoró,RN,-5.170476,-37.335023,N
12421,59625,mossoro,RN,-5.204509,-37.326026,N
12422,59626,mossoro,RN,-5.203345,-37.301608,N
12423,59628,mossoro,RN,-5.220428,-37.324404,N
12424,59630,mossoro,RN,-5.1873,-37.311291,N
12425,59631,mossoro,RN,-5.213571,-37.336236,N
12426,59633,mossoro,RN,-5.22567,-37.328267,N
12427,59634,mossoro,RN,-5.238587,-37.326659,N
12428,59635,mossoro,RN,-5.228596,-37.34922,N
12429,59650,acu,RN,-5.578678,-36.914805,N
12430,59655,areia branca,RN,-4.956032,-37.127839,N
12431,59660,parau,RN,-5.77721,-37.101649,N
12432,59663,serra do mel,RN,-5.173426,-37.036628,N
12433,59665,carnaubais,RN,-5.337734,-36.836307,N
12434,59668,porto do mangue,RN,-5.067139,-36.793159,N
12435,59670,upanema,RN,-5.642928,-37.259992,N
12436,59675,grossos,RN,-4.983448,-37.154873,N
12437,59678,tibau,RN,-4.838444,-37.253815,N
12438,59680,campo grande,RN,-5.862748,-37.311091,N
12439,59685,triunfo potiguar,RN,-5.8643,-37.187926,N
12440,59690,janduis,RN,-6.017812,-37.407124,N
12441,59695,barauna,RN,-5.080091,-37.616461,N
12442,59700,apodi,RN,-5.660857,-37.797453,N
12443,59730,olho-d'água do borges,RN,-5.956055,-37.706076,N
12444,59740,rafael godeiro,RN,-6.077988,-37.718354,N
12445,59760,almino afonso,RN,-6.155248,-37.768183,N
12446,59770,patu,RN,-6.103729,-37.639416,N
12447,59775,messias targino,RN,-6.079137,-37.514436,N
12448,59780,caraúbas,RN,-5.789537,-37.558569,N
12449,59790,governador dix-sept rosado,RN,-5.450871,-37.524499,N
12450,59795,felipe guerra,RN,-5.582168,-37.70056,N
12451,59800,martins,RN,-6.089642,-37.912131,N
12452,59805,lucrecia,RN,-6.116354,-37.813606,N
12453,59808,serrinha dos pintos,RN,-6.112676,-37.956841,N
12454,59810,portalegre,RN,-6.025217,-37.988284,N
12455,59815,vicosa,RN,-5.992473,-37.94409,N
12456,59820,riacho da cruz,RN,-5.9363,-37.948726,N
12457,59830,rodolfo fernandes,RN,-5.789153,-38.060653,N
12458,59840,taboleiro grande,RN,-5.929135,-38.045294,N
12459,59855,itau,RN,-5.840834,-37.993048,N
12460,59856,severiano melo,RN,-5.787332,-37.963915,N
12461,59865,umarizal,RN,-5.988404,-37.815628,N
12462,59870,antonio martins,RN,-6.214266,-37.896717,N
12463,59880,joão dias,RN,-6.277921,-37.796865,N
12464,59890,frutuoso gomes,RN,-6.160261,-37.84143,N
12465,59900,pau dos ferros,RN,-6.113062,-38.20667,N
12466,59902,francisco dantas,RN,-6.08821,-38.124191,N
12467,59905,encanto,RN,-6.112262,-38.311319,N
12468,59908,sao francisco do oeste,RN,-5.99944,-38.169749,N
12469,59910,doutor severiano,RN,-6.097118,-38.380342,N
12470,59920,sao miguel,RN,-6.211259,-38.496262,N
12471,59925,venha-ver,RN,-6.320036,-38.490398,N
12472,59930,coronel joao pessoa,RN,-6.265689,-38.441266,N
12473,59940,luís gomes,RN,-6.414765,-38.386764,N
12474,59945,major sales,RN,-6.404363,-38.321074,N
12475,59950,parana,RN,-6.485254,-38.311916,N
12476,59955,tenente ananias,RN,-6.464289,-38.180078,N
12477,59960,piloes,RN,-6.267197,-38.042202,N
12478,59965,alexandria,RN,-6.413356,-38.013967,N
12479,59970,marcelino vieira,RN,-6.290721,-38.162578,N
12480,59980,josé da penha,RN,-6.318504,-38.285062,N
12481,59987,riacho de santana,RN,-6.26407,-38.307237,N
12482,59990,rafael fernandes,RN,-6.193393,-38.22399,N
12483,59995,agua nova,RN,-6.205206,-38.291461,N
12484,60010,fortaleza,CE,-3.723142,-38.543313,N
12485,60011,fortaleza,CE,-3.736421,-38.542154,N
12486,60015,fortaleza,CE,-3.730862,-38.536588,N
12487,60020,fortaleza,CE,-3.738071,-38.535696,N
12488,60025,fortaleza,CE,-3.735942,-38.531212,N
12489,60030,fortaleza,CE,-3.723375,-38.535571,N
12490,60035,fortaleza,CE,-3.729966,-38.535985,N
12491,60040,fortaleza,CE,-3.743849,-38.529076,N
12492,60050,fortaleza,CE,-3.743935,-38.527618,N
12493,60055,fortaleza,CE,-3.742131,-38.523905,N
12494,60060,fortaleza,CE,-3.72347,-38.51592,N
12495,60110,fortaleza,CE,-3.735054,-38.516716,N
12496,60115,fortaleza,CE,-3.734569,-38.510534,N
12497,60120,fortaleza,CE,-3.748385,-38.510088,N
12498,60125,fortaleza,CE,-3.737882,-38.502701,N
12499,60130,fortaleza,CE,-3.753637,-38.512602,N
12500,60131,fortaleza,CE,-3.761663,-38.513236,N
12501,60135,fortaleza,CE,-3.745146,-38.504041,N
12502,60140,fortaleza,CE,-3.738773,-38.504257,N
12503,60150,fortaleza,CE,-3.735471,-38.501023,N
12504,60155,fortaleza,CE,-3.726192,-38.507418,N
12505,60160,fortaleza,CE,-3.730053,-38.499834,N
12506,60165,fortaleza,CE,-3.725589,-38.493448,N
12507,60170,fortaleza,CE,-3.738381,-38.496019,N
12508,60175,fortaleza,CE,-3.735628,-38.482601,N
12509,60176,fortaleza,CE,-3.737552,-38.476983,N
12510,60177,fortaleza,CE,-3.740572,-38.46312,N
12511,60180,fortaleza,CE,-3.714826,-38.470485,N
12512,60181,fortaleza,CE,-3.729277,-38.472713,N
12513,60182,fortaleza,CE,-3.736296,-38.459454,N
12514,60183,fortaleza,CE,-3.756047,-38.445955,N
12515,60184,fortaleza,CE,-3.726895,-38.468889,N
12516,60190,fortaleza,CE,-3.751375,-38.472402,N
12517,60191,fortaleza,CE,-3.747162,-38.47011,N
12518,60192,fortaleza,CE,-3.744185,-38.484188,N
12519,60310,fortaleza,CE,-3.714444,-38.552336,N
12520,60311,fortaleza,CE,-3.712371,-38.556999,N
12521,60312,fortaleza,CE,-3.709142,-38.570464,N
12522,60320,fortaleza,CE,-3.728092,-38.557055,N
12523,60321,fortaleza,CE,-3.726328,-38.55782,N
12524,60325,fortaleza,CE,-3.7302,-38.553402,N
12525,60326,fortaleza,CE,-3.723844,-38.552538,N
12526,60330,fortaleza,CE,-3.714583,-38.584204,N
12527,60331,fortaleza,CE,-3.709717,-38.578817,N
12528,60332,fortaleza,CE,-3.702428,-38.579449,N
12529,60333,fortaleza,CE,-3.703172,-38.577575,N
12530,60334,fortaleza,CE,-3.730379,-38.572215,N
12531,60335,fortaleza,CE,-3.715418,-38.564747,N
12532,60336,fortaleza,CE,-3.717085,-38.572581,N
12533,60337,fortaleza,CE,-3.708385,-38.567414,N
12534,60340,fortaleza,CE,-3.724699,-38.580043,N
12535,60341,fortaleza,CE,-3.73614,-38.57823,N
12536,60345,fortaleza,CE,-3.721154,-38.600703,N
12537,60346,fortaleza,CE,-3.723806,-38.59027,N
12538,60347,fortaleza,CE,-3.716409,-38.589811,N
12539,60348,fortaleza,CE,-3.71749,-38.599285,N
12540,60349,fortaleza,CE,-3.712655,-38.603258,N
12541,60350,fortaleza,CE,-3.731949,-38.583522,N
12542,60351,fortaleza,CE,-3.729779,-38.594449,N
12543,60352,fortaleza,CE,-3.734841,-38.598481,N
12544,60353,fortaleza,CE,-3.723633,-38.604361,N
12545,60355,fortaleza,CE,-3.731709,-38.569632,N
12546,60356,fortaleza,CE,-3.73608,-38.578696,N
12547,60357,fortaleza,CE,-3.757907,-38.582094,N
12548,60360,fortaleza,CE,-3.744019,-38.588496,N
12549,60361,fortaleza,CE,-3.744058,-38.593734,N
12550,60410,fortaleza,CE,-3.763646,-38.539839,N
12551,60411,fortaleza,CE,-3.756161,-38.531132,N
12552,60415,fortaleza,CE,-3.755164,-38.528403,N
12553,60416,fortaleza,CE,-3.755409,-38.545129,N
12554,60420,fortaleza,CE,-3.766618,-38.541727,N
12555,60421,fortaleza,CE,-3.771124,-38.556739,N
12556,60422,fortaleza,CE,-3.734977,-38.551355,N
12557,60425,fortaleza,CE,-3.756246,-38.550014,N
12558,60426,fortaleza,CE,-3.755033,-38.552745,N
12559,60430,fortaleza,CE,-3.745988,-38.551473,N
12560,60431,fortaleza,CE,-3.740117,-38.549269,N
12561,60440,fortaleza,CE,-3.758396,-38.568176,N
12562,60441,fortaleza,CE,-3.760798,-38.575354,N
12563,60442,fortaleza,CE,-3.755033,-38.562746,N
12564,60450,fortaleza,CE,-3.737952,-38.556514,N
12565,60455,fortaleza,CE,-3.741776,-38.560146,N
12566,60510,fortaleza,CE,-3.762983,-38.581184,N
12567,60511,fortaleza,CE,-3.751453,-38.580832,N
12568,60512,fortaleza,CE,-3.751992,-38.579289,N
12569,60520,fortaleza,CE,-3.774042,-38.579458,N
12570,60521,fortaleza,CE,-3.761208,-38.583122,N
12571,60525,fortaleza,CE,-3.768001,-38.585278,N
12572,60526,fortaleza,CE,-3.756305,-38.593548,N
12573,60527,fortaleza,CE,-3.756365,-38.595047,N
12574,60530,fortaleza,CE,-3.77041,-38.609516,N
12575,60531,fortaleza,CE,-3.766091,-38.607711,N
12576,60532,fortaleza,CE,-3.772966,-38.616604,N
12577,60533,fortaleza,CE,-3.765757,-38.610469,N
12578,60534,fortaleza,CE,-3.758284,-38.59746,N
12579,60540,fortaleza,CE,-3.785586,-38.613778,N
12580,60541,fortaleza,CE,-3.780576,-38.594487,N
12581,60542,fortaleza,CE,-3.780441,-38.583419,N
12582,60543,fortaleza,CE,-3.792494,-38.60117,N
12583,60544,fortaleza,CE,-3.771097,-38.571073,N
12584,60545,fortaleza,CE,-3.784292,-38.599489,N
12585,60546,fortaleza,CE,-3.794816,-38.618587,N
12586,60710,fortaleza,CE,-3.786627,-38.567945,N
12587,60711,fortaleza,CE,-3.801372,-38.564348,N
12588,60712,fortaleza,CE,-3.800697,-38.566334,N
12589,60713,fortaleza,CE,-3.797965,-38.58118,N
12590,60714,fortaleza,CE,-3.786132,-38.553251,N
12591,60720,fortaleza,CE,-3.776195,-38.570905,N
12592,60721,fortaleza,CE,-3.778839,-38.571113,N
12593,60730,fortaleza,CE,-3.791074,-38.583174,N
12594,60731,fortaleza,CE,-3.804464,-38.600377,N
12595,60732,fortaleza,CE,-3.809209,-38.618932,N
12596,60733,fortaleza,CE,-3.793001,-38.577733,N
12597,60734,fortaleza,CE,-3.823442,-38.585787,N
12598,60736,fortaleza,CE,-3.806652,-38.608026,N
12599,60740,fortaleza,CE,-3.771125,-38.556087,N
12600,60741,fortaleza,CE,-3.789944,-38.550589,N
12601,60742,fortaleza,CE,-3.788435,-38.541586,N
12602,60743,fortaleza,CE,-3.800949,-38.537121,N
12603,60744,fortaleza,CE,-3.804133,-38.543954,N
12604,60750,fortaleza,CE,-3.831193,-38.555841,N
12605,60751,fortaleza,CE,-3.834602,-38.557884,N
12606,60752,fortaleza,CE,-3.818994,-38.570192,N
12607,60760,fortaleza,CE,-3.833733,-38.567718,N
12608,60761,fortaleza,CE,-3.817742,-38.562034,N
12609,60762,fortaleza,CE,-3.815514,-38.577121,N
12610,60763,fortaleza,CE,-3.814548,-38.585474,N
12611,60764,fortaleza,CE,-3.810738,-38.583266,N
12612,60765,fortaleza,CE,-3.82521,-38.590783,N
12613,60766,fortaleza,CE,-3.830776,-38.572588,N
12614,60767,fortaleza,CE,-3.817507,-38.580765,N
12615,60768,fortaleza,CE,-3.820612,-38.569402,N
12616,60810,fortaleza,CE,-3.763847,-38.490104,N
12617,60811,fortaleza,CE,-3.77171,-38.488788,N
12618,60812,fortaleza,CE,-3.767973,-38.476362,N
12619,60813,fortaleza,CE,-3.781374,-38.486322,N
12620,60820,fortaleza,CE,-3.785124,-38.508799,N
12621,60821,fortaleza,CE,-3.787174,-38.492868,N
12622,60822,fortaleza,CE,-3.798683,-38.493208,N
12623,60823,fortaleza,CE,-3.791243,-38.510105,N
12624,60824,fortaleza,CE,-3.803022,-38.490255,N
12625,60830,fortaleza,CE,-3.808682,-38.475537,N
12626,60831,fortaleza,CE,-3.823325,-38.466129,N
12627,60832,fortaleza,CE,-3.795357,-38.47111,N
12628,60833,fortaleza,CE,-3.795724,-38.470373,N
12629,60834,fortaleza,CE,-3.786181,-38.466298,N
12630,60835,fortaleza,CE,-3.798024,-38.432735,N
12631,60836,fortaleza,CE,-3.803085,-38.451577,N
12632,60840,fortaleza,CE,-3.829937,-38.493757,N
12633,60841,fortaleza,CE,-3.819532,-38.491708,N
12634,60842,fortaleza,CE,-3.824515,-38.500779,N
12635,60843,fortaleza,CE,-3.83127,-38.477649,N
12636,60844,fortaleza,CE,-3.82387,-38.478435,N
12637,60850,fortaleza,CE,-3.773247,-38.513934,N
12638,60851,fortaleza,CE,-3.766374,-38.513336,N
12639,60860,fortaleza,CE,-3.786938,-38.524178,N
12640,60861,fortaleza,CE,-3.805347,-38.524001,N
12641,60862,fortaleza,CE,-3.816122,-38.517643,N
12642,60863,fortaleza,CE,-3.824625,-38.514799,N
12643,60864,fortaleza,CE,-3.800525,-38.507441,N
12644,60865,fortaleza,CE,-3.838402,-38.516121,N
12645,60866,fortaleza,CE,-3.834777,-38.521502,N
12646,60867,fortaleza,CE,-3.802072,-38.521044,N
12647,60868,fortaleza,CE,-3.808834,-38.542144,N
12648,60870,fortaleza,CE,-3.845867,-38.519979,N
12649,60871,fortaleza,CE,-3.83679,-38.491687,N
12650,60872,fortaleza,CE,-3.844586,-38.483688,N
12651,60873,fortaleza,CE,-3.855465,-38.498657,N
12652,60874,fortaleza,CE,-3.839106,-38.514902,N
12653,60875,fortaleza,CE,-3.840413,-38.488058,N
12654,60876,fortaleza,CE,-3.84268,-38.527313,N
12655,60878,fortaleza,CE,-3.85709,-38.490086,N
12656,61600,caucaia,CE,-3.727442,-38.662707,N
12657,61601,caucaia,CE,-3.714473,-38.646559,N
12658,61602,caucaia,CE,-3.728787,-38.648823,N
12659,61603,caucaia,CE,-3.740879,-38.651419,N
12660,61604,caucaia,CE,-3.757108,-38.657347,N
12661,61605,caucaia,CE,-3.748966,-38.684534,N
12662,61608,caucaia,CE,-3.741563,-38.642868,N
12663,61610,caucaia,CE,-3.728488,-38.659225,N
12664,61615,caucaia,CE,-3.730675,-38.698907,N
12665,61616,caucaia,CE,-3.721275,-38.791775,N
12666,61619,caucaia,CE,-3.633269,-38.718984,N
12667,61620,caucaia,CE,-3.657419,-38.695405,N
12668,61621,caucaia,CE,-3.69197,-38.648006,N
12669,61624,caucaia,CE,-3.663526,-38.683755,N
12670,61625,caucaia,CE,-3.700795,-38.663387,N
12671,61626,caucaia,CE,-3.689355,-38.636227,N
12672,61627,caucaia,CE,-3.693562,-38.625431,N
12673,61629,caucaia,CE,-3.666953,-38.707585,N
12674,61631,caucaia,CE,-3.696917,-38.596096,N
12675,61634,caucaia,CE,-3.741877,-38.620978,N
12676,61635,caucaia,CE,-3.73862,-38.609792,N
12677,61636,caucaia,CE,-3.702079,-38.696191,N
12678,61637,caucaia,CE,-3.662562,-38.798132,N
12679,61642,caucaia,CE,-3.746179,-38.607447,N
12680,61645,caucaia,CE,-3.755693,-38.613961,N
12681,61648,caucaia,CE,-3.75664,-38.618451,N
12682,61650,caucaia,CE,-3.760933,-38.623429,N
12683,61652,caucaia,CE,-3.773459,-38.626565,N
12684,61654,caucaia,CE,-3.740051,-38.644658,N
12685,61655,caucaia,CE,-3.767267,-38.636743,N
12686,61656,caucaia,CE,-3.766377,-38.648643,N
12687,61658,caucaia,CE,-3.766766,-38.655364,N
12688,61659,caucaia,CE,-3.770951,-38.64524,N
12689,61661,caucaia,CE,-3.781018,-38.630875,N
12690,61663,caucaia,CE,-3.780884,-38.658085,N
12691,61700,aquiraz,CE,-3.912323,-38.376435,N
12692,61760,eusebio,CE,-3.878085,-38.458657,N
12693,61800,pacatuba,CE,-3.953841,-38.615168,N
12694,61801,pacatuba,CE,-3.982713,-38.614064,N
12695,61802,pacatuba,CE,-3.962058,-38.612825,N
12696,61803,pacatuba,CE,-3.978914,-38.597569,N
12697,61805,pacatuba,CE,-3.937524,-38.609958,N
12698,61809,pacatuba,CE,-3.907263,-38.59959,N
12699,61810,pacatuba,CE,-3.889723,-38.597922,N
12700,61814,pacatuba,CE,-3.89254,-38.605424,N
12701,61880,itaitinga,CE,-3.952022,-38.523148,N
12702,61890,guaiuba,CE,-4.044252,-38.642855,N
12703,61900,maracanau,CE,-3.878874,-38.618746,N
12704,61901,maracanau,CE,-3.882392,-38.619175,N
12705,61902,maracanau,CE,-3.869753,-38.625011,N
12706,61903,maracanau,CE,-3.881841,-38.632931,N
12707,61905,maracanau,CE,-3.870113,-38.62665,N
12708,61906,maracanau,CE,,,N
12709,61908,maracanau,CE,-3.918426,-38.622008,N
12710,61909,maracanau,CE,-3.903379,-38.62264,N
12711,61910,maracanau,CE,-3.859578,-38.645709,N
12712,61913,maracanau,CE,-3.853182,-38.637338,N
12713,61914,maracanau,CE,-3.848018,-38.645997,N
12714,61919,maracanau,CE,-3.846078,-38.612144,N
12715,61920,maracanaú,CE,-3.850146,-38.61257,N
12716,61921,maracanau,CE,-3.842756,-38.613104,N
12717,61925,maracanau,CE,-3.85798,-38.598004,N
12718,61930,maracanaú,CE,-3.837806,-38.581181,N
12719,61932,maracanau,CE,-3.858717,-38.584384,N
12720,61933,maracanau,CE,-3.868921,-38.601406,N
12721,61934,maracanau,CE,-3.875152,-38.593621,N
12722,61935,maracanau,CE,-3.849717,-38.580812,N
12723,61936,maracanau,CE,-3.876612,-38.60677,N
12724,61939,maracanau,CE,-3.873148,-38.600157,N
12725,61940,maranguape,CE,-3.895249,-38.684441,N
12726,61941,maranguape,CE,-3.886498,-38.68495,N
12727,61942,maranguape,CE,-3.884821,-38.678291,N
12728,61943,maranguape,CE,-3.873453,-38.672364,N
12729,61944,maranguape,CE,-3.877358,-38.668783,N
12730,61946,maranguape,CE,-3.903777,-38.677123,N
12731,61948,maranguape,CE,-3.90634,-38.682383,N
12732,61949,maranguape,CE,-3.915804,-38.690946,N
12733,61962,lages,CE,-3.953242,-38.693948,N
12734,61979,amanari,CE,-3.504515,-39.572898,N
12735,62000,sobral,CE,-3.690016,-40.351397,N
12736,62010,sobral,CE,-3.687732,-40.351387,N
12737,62011,sobral,CE,-3.685716,-40.352211,N
12738,62014,sobral,CE,-3.69925,-40.362883,N
12739,62015,sobral,CE,-3.692945,-40.363191,N
12740,62016,sobral,CE,-3.697434,-40.367988,N
12741,62020,sobral,CE,-3.691555,-40.368575,N
12742,62021,sobral,CE,-3.691118,-40.386038,N
12743,62022,sobral,CE,-3.685114,-40.36403,N
12744,62023,sobral,CE,-3.689612,-40.367296,N
12745,62030,sobral,CE,-3.676362,-40.362719,N
12746,62031,sobral,CE,-3.676325,-40.373154,N
12747,62032,sobral,CE,-3.6762,-40.33832,N
12748,62033,sobral,CE,-3.663636,-40.373805,N
12749,62034,sobral,CE,-3.674196,-40.351352,N
12750,62039,sobral,CE,-3.670523,-40.350173,N
12751,62040,sobral,CE,-3.684354,-40.334626,N
12752,62041,sobral,CE,-3.677682,-40.348099,N
12753,62042,sobral,CE,-3.686179,-40.341021,N
12754,62043,sobral,CE,-3.680911,-40.347991,N
12755,62044,sobral,CE,-3.6742,-40.33642,N
12756,62045,sobral,CE,-3.70747,-40.33957,N
12757,62050,sobral,CE,-3.701345,-40.336394,N
12758,62051,sobral,CE,-3.697676,-40.340571,N
12759,62053,sobral,CE,-3.701164,-40.314408,N
12760,62104,sobral,CE,-3.695334,-40.360806,N
12761,62105,sao jose do torto,CE,-6.081974,-39.7671,N
12762,62106,taperuaba,CE,-4.080853,-39.947464,N
12763,62107,jaibaras,CE,-3.775282,-40.498862,N
12764,62108,jordao,CE,-15.623618,-56.053477,N
12765,62113,rafael arruda,CE,-4.337067,-38.869451,N
12766,62115,forquilha,CE,-3.801551,-40.263031,N
12767,62120,alcântaras,CE,-3.585812,-40.543723,N
12768,62130,meruoca,CE,-3.544255,-40.461787,N
12769,62140,massape,CE,-3.522591,-40.348419,N
12770,62150,santana do acarau,CE,-3.46116,-40.204231,N
12771,62160,coreau,CE,-3.565085,-40.662597,N
12772,62170,mucambo,CE,-3.905727,-40.746128,N
12773,62180,pacuja,CE,-3.979863,-40.696004,N
12774,62184,carire,CE,-3.948952,-40.47535,N
12775,62190,groairas,CE,-3.916801,-40.385777,N
12776,62200,nova russas,CE,-4.708526,-40.557303,N
12777,62210,ararenda,CE,-4.755083,-40.818394,N
12778,62215,ipaporanga,CE,-4.908117,-40.762521,N
12779,62220,poranga,CE,-4.743741,-40.925994,N
12780,62230,ipueiras,CE,-4.54394,-40.713632,N
12781,62250,ipu,CE,-4.327049,-40.711345,N
12782,62255,pires ferreira,CE,-4.251752,-40.625036,N
12783,62260,reriutaba,CE,-4.142406,-40.582042,N
12784,62265,varjota,CE,-4.180568,-40.42481,N
12785,62270,hidrolandia,CE,-4.408787,-40.403598,N
12786,62280,santa quiteria,CE,-4.33433,-40.15409,N
12787,62297,catunda,CE,-4.649576,-40.19989,N
12788,62300,vicosa do ceara,CE,-3.562277,-41.097007,N
12789,62320,tianguá,CE,-3.725711,-40.991609,N
12790,62340,frecheirinha,CE,-3.758991,-40.816152,N
12791,62350,ubajara,CE,-3.849479,-40.917845,N
12792,62360,ibiapina,CE,-3.924749,-40.893262,N
12793,62365,graca,CE,-4.044993,-40.752175,N
12794,62370,sao benedito,CE,-4.045776,-40.865254,N
12795,62375,carnaubal,CE,-4.164764,-40.938723,N
12796,62380,guaraciaba do norte,CE,-4.168618,-40.767751,N
12797,62390,croata,CE,-4.406674,-40.901135,N
12798,62400,camocim,CE,-2.90425,-40.846325,N
12799,62410,barroquinha,CE,-2.908957,-41.236627,N
12800,62414,bitupita,CE,-2.892768,-41.272224,N
12801,62420,chaval,CE,-3.036272,-41.2425,N
12802,62430,granja,CE,-3.130639,-40.843216,N
12803,62450,martinopole,CE,-3.21494,-40.688083,N
12804,62460,uruoca,CE,-3.320704,-40.580274,N
12805,62470,senador sa,CE,-3.357237,-40.468794,N
12806,62480,moraujo,CE,-3.466313,-40.681195,N
12807,62500,itapipoca,CE,-3.496198,-39.580934,N
12808,62502,deserto,CE,-3.503822,-39.543029,N
12809,62505,itapipoca,CE,-3.490258,-39.56744,N
12810,62508,itapipoca,CE,-3.503229,-39.580835,N
12811,62530,miraima,CE,-3.566915,-39.938503,N
12812,62540,amontada,CE,-3.365468,-39.83,N
12813,62550,morrinhos,CE,-3.241046,-40.107207,N
12814,62560,marco,CE,-3.123797,-40.154146,N
12815,62570,bela cruz,CE,-3.056024,-40.171418,N
12816,62580,acarau,CE,-2.890238,-40.110782,N
12817,62590,itarema,CE,-2.931749,-39.907519,N
12818,62595,cruz,CE,-2.910768,-40.19592,N
12819,62597,cruz,CE,-2.891233,-40.292348,N
12820,62598,jijoca de jericoacoara,CE,-2.863,-40.478324,N
12821,62600,itapajé,CE,-3.687333,-39.583579,N
12822,62610,tejucuoca,CE,-3.989526,-39.577811,N
12823,62620,iraucuba,CE,-3.73618,-39.786887,N
12824,62625,missi,CE,,,N
12825,62630,apuiares,CE,-3.946918,-39.431452,N
12826,62640,pentecoste,CE,-3.795743,-39.272565,N
12827,62642,sebastiao de abreu,CE,-3.858106,-39.337048,N
12828,62650,uruburetama,CE,-3.622251,-39.508041,N
12829,62655,tururu,CE,-3.598105,-39.436147,N
12830,62660,umirim,CE,-3.675933,-39.340456,N
12831,62665,sao luis do curu,CE,-3.670939,-39.240102,N
12832,62670,sao goncalo do amarante,CE,-3.603408,-38.971221,N
12833,62674,pecem,CE,-3.553618,-38.830445,N
12834,62677,sao goncalo do amarante,CE,-3.50304,-38.920416,N
12835,62680,paracuru,CE,-3.420718,-39.035369,N
12836,62685,paraipaba,CE,-3.436832,-39.149632,N
12837,62690,trairi,CE,-3.263092,-39.267986,N
12838,62700,caninde,CE,-4.355929,-39.314376,N
12839,62725,lagoa do mato,CE,-4.238601,-39.066521,N
12840,62730,caridade,CE,-4.233374,-39.200351,N
12841,62734,caridade,CE,-4.232948,-39.193298,N
12842,62736,paramoti,CE,-4.097035,-39.238837,N
12843,62738,general sampaio,CE,-4.050357,-39.448793,N
12844,62740,itapiúna,CE,-4.561921,-38.920851,N
12845,62748,capistrano,CE,-4.467731,-38.901325,N
12846,62750,aracoiaba,CE,-4.398559,-38.769047,N
12847,62755,ocara,CE,-4.487948,-38.592375,N
12848,62760,baturite,CE,-4.33322,-38.878569,N
12849,62762,aratuba,CE,-4.419358,-39.046336,N
12850,62764,mulungu,CE,-4.308264,-38.995685,N
12851,62766,guaramiranga,CE,-4.252804,-38.935767,N
12852,62770,pacoti,CE,-4.225633,-38.918305,N
12853,62780,palmacia,CE,-4.147429,-38.847925,N
12854,62785,acarape,CE,-4.224106,-38.705986,N
12855,62790,redenção,CE,-4.230046,-38.729182,N
12856,62795,barreira,CE,-4.291176,-38.641717,N
12857,62800,aracati,CE,-4.566714,-37.764204,N
12858,62810,icapui,CE,-4.702908,-37.374121,N
12859,62815,fortim,CE,-4.45457,-37.805707,N
12860,62820,itaicaba,CE,-4.686481,-37.830919,N
12861,62823,jaguaruana,CE,-4.840908,-37.781214,N
12862,62840,beberibe,CE,-4.184032,-38.123159,N
12863,62842,sucatinga,CE,-4.260907,-38.05241,N
12864,62850,cascavel,CE,-4.132849,-38.241593,N
12865,62852,caponga,CE,-4.044836,-38.192451,N
12866,62860,pindoretama,CE,-4.032751,-38.305222,N
12867,62870,pacajus,CE,-4.175669,-38.463768,N
12868,62875,chorozinho,CE,-4.309796,-38.492865,N
12869,62880,horizonte,CE,-4.099228,-38.494239,N
12870,62881,horizonte,CE,-4.07514,-38.499291,N
12871,62882,horizonte,CE,-4.100242,-38.485884,N
12872,62884,horizonte,CE,-4.110239,-38.484225,N
12873,62885,horizonte,CE,-4.131017,-38.488455,N
12874,62886,horizonte,CE,-4.096054,-38.499497,N
12875,62898,dourado,CE,,,N
12876,62899,queimados,CE,-4.129988,-38.498037,N
12877,62900,russas,CE,-4.938638,-37.973826,N
12878,62903,flores,CE,-5.990887,-38.359394,N
12879,62908,sao joao de deus,CE,-4.995,-38.00333,N
12880,62910,palhano,CE,-4.745662,-37.961761,N
12881,62920,quixere,CE,-5.071964,-37.985429,N
12882,62922,lagoinha,CE,-5.083045,-37.911181,N
12883,62930,limoeiro do norte,CE,-5.163483,-38.10504,N
12884,62940,morada nova,CE,-5.093599,-38.375059,N
12885,62948,morada nova,CE,-5.24333,-38.48056,N
12886,62955,ibicuitinga,CE,-4.968976,-38.634605,N
12887,62960,tabuleiro do norte,CE,-5.249525,-38.129312,N
12888,62965,sao joao do jaguaribe,CE,-5.2751,-38.272668,N
12889,62970,alto santo,CE,-5.519712,-38.267374,N
12890,62980,iracema,CE,-5.812281,-38.312505,N
12891,62990,potiretama,CE,-5.7227,-38.154146,N
12892,63010,juazeiro do norte,CE,-7.205204,-39.315537,N
12893,63011,juazeiro do norte,CE,-7.198652,-39.319433,N
12894,63012,juazeiro do norte,CE,-7.179059,-39.327282,N
12895,63013,juazeiro do norte,CE,-7.206395,-39.301613,N
12896,63016,juazeiro do norte,CE,-7.203227,-39.305305,N
12897,63018,juazeiro do norte,CE,-7.209892,-39.271088,N
12898,63020,juazeiro do norte,CE,-7.214523,-39.309613,N
12899,63021,juazeiro do norte,CE,-7.20841,-39.282397,N
12900,63022,juazeiro do norte,CE,-7.221987,-39.330504,N
12901,63024,juazeiro do norte,CE,-7.228251,-39.345795,N
12902,63028,juazeiro do norte,CE,-7.215955,-39.299573,N
12903,63030,juazeiro do norte,CE,-7.225405,-39.300847,N
12904,63031,juazeiro do norte,CE,-7.233828,-39.294899,N
12905,63033,juazeiro do norte,CE,-7.232885,-39.306907,N
12906,63034,juazeiro do norte,CE,-7.227479,-39.314214,N
12907,63035,juazeiro do norte,CE,-7.217809,-39.295204,N
12908,63036,juazeiro do norte,CE,-7.23355,-39.276589,N
12909,63038,juazeiro do norte,CE,-7.230856,-39.267835,N
12910,63040,juazeiro do norte,CE,-7.243471,-39.321117,N
12911,63041,juazeiro do norte,CE,-7.227069,-39.330352,N
12912,63042,juazeiro do norte,CE,-7.234738,-39.32952,N
12913,63043,juazeiro do norte,CE,-7.244501,-39.337217,N
12914,63044,juazeiro do norte,CE,-7.240563,-39.346738,N
12915,63046,juazeiro do norte,CE,-7.245892,-39.327645,N
12916,63047,juazeiro do norte,CE,-7.247598,-39.310314,N
12917,63048,juazeiro do norte,CE,-7.251681,-39.307096,N
12918,63050,juazeiro do norte,CE,-7.21573,-39.320788,N
12919,63051,juazeiro do norte,CE,-7.233557,-39.316122,N
12920,63100,crato,CE,-7.232359,-39.410113,N
12921,63101,crato,CE,-7.234058,-39.405137,N
12922,63103,crato,CE,-7.243656,-39.417433,N
12923,63104,crato,CE,-7.239392,-39.407922,N
12924,63105,crato,CE,-7.239469,-39.418196,N
12925,63106,crato,CE,-7.254819,-39.423517,N
12926,63107,crato,CE,-7.243538,-39.424049,N
12927,63108,crato,CE,-7.256919,-39.429872,N
12928,63109,crato,CE,-7.272139,-39.436641,N
12929,63110,crato,CE,-7.244445,-39.429875,N
12930,63111,crato,CE,-7.243965,-39.42587,N
12931,63112,crato,CE,-7.244204,-39.431566,N
12932,63113,crato,CE,-7.231233,-39.419291,N
12933,63115,crato,CE,-7.225078,-39.421955,N
12934,63116,crato,CE,-7.228156,-39.421247,N
12935,63118,crato,CE,-7.222774,-39.411774,N
12936,63119,crato,CE,-7.226719,-39.408972,N
12937,63122,crato,CE,-7.228198,-39.398074,N
12938,63123,crato,CE,-7.211907,-39.390433,N
12939,63125,crato,CE,-7.237092,-39.395575,N
12940,63132,crato,CE,-7.225618,-39.3762,N
12941,63133,crato,CE,-7.233614,-39.365309,N
12942,63140,assare,CE,-6.874763,-39.871397,N
12943,63145,tarrafas,CE,-6.684457,-39.756052,N
12944,63150,campos sales,CE,-7.075086,-40.37357,N
12945,63155,salitre,CE,-7.282452,-40.455187,N
12946,63160,potengi,CE,-7.079038,-40.056415,N
12947,63165,nova olinda,CE,-7.097253,-39.675372,N
12948,63170,araripe,CE,-7.19819,-40.141118,N
12949,63180,barbalha,CE,-7.310556,-39.30173,N
12950,63185,farias brito,CE,-6.925764,-39.570758,N
12951,63190,santana do cariri,CE,-7.186811,-39.736091,N
12952,63195,altaneira,CE,-6.99992,-39.739299,N
12953,63200,missao velha,CE,-7.248569,-39.145563,N
12954,63210,mauriti,CE,-7.387736,-38.772139,N
12955,63215,mauriti,CE,-7.380812,-38.774444,N
12956,63220,caririacu,CE,-7.040575,-39.288049,N
12957,63230,granjeiro,CE,-6.88994,-39.217047,N
12958,63240,abaiara,CE,-7.358247,-39.045817,N
12959,63250,milagres,CE,-7.312291,-38.944934,N
12960,63260,brejo santo,CE,-7.489403,-38.984292,N
12961,63270,porteiras,CE,-7.533616,-39.114518,N
12962,63275,jati,CE,-7.688474,-39.005677,N
12963,63280,penaforte,CE,-7.829525,-39.075499,N
12964,63290,jardim,CE,-7.586146,-39.272969,N
12965,63300,lavras da mangabeira,CE,-6.753573,-38.991007,N
12966,63307,mangabeira,CE,-6.966105,-36.978832,N
12967,63310,umari,CE,-6.643562,-38.715085,N
12968,63320,baixio,CE,-6.729919,-38.715948,N
12969,63340,ipaumirim,CE,-6.790161,-38.718908,N
12970,63360,aurora,CE,-6.944246,-38.965894,N
12971,63380,barro,CE,-7.173947,-38.778493,N
12972,63400,cedro,CE,-6.604666,-39.061833,N
12973,63430,ico,CE,-6.400125,-38.860256,N
12974,63460,pereiro,CE,-6.046478,-38.46069,N
12975,63470,erere,CE,-6.031735,-38.348981,N
12976,63475,jaguaribe,CE,-5.900561,-38.637366,N
12977,63477,feiticeiro,CE,-4.962473,-39.012515,N
12978,63478,nova floresta,CE,-5.948293,-38.902562,N
12979,63480,jaguaretama,CE,-5.610361,-38.764242,N
12980,63490,jaguaribara,CE,-5.45559,-38.462476,N
12981,63500,iguatu,CE,-6.359438,-39.291892,N
12982,63501,iguatu,CE,-6.35296,-39.287587,N
12983,63502,iguatu,CE,-6.375823,-39.299359,N
12984,63503,iguatu,CE,-6.37027,-39.288641,N
12985,63504,iguatu,CE,-6.36684,-39.305048,N
12986,63505,iguatu,CE,-6.378329,-39.328106,N
12987,63507,iguatu,CE,-6.358402,-39.307891,N
12988,63508,iguatu,CE,-6.351707,-39.306602,N
12989,63515,quixelo,CE,-6.241156,-39.192,N
12990,63520,oros,CE,-6.24455,-38.914971,N
12991,63527,guassusse,CE,-6.245078,-38.915145,N
12992,63530,cariús,CE,-6.53616,-39.496274,N
12993,63540,varzea alegre,CE,-6.792557,-39.298596,N
12994,63560,acopiara,CE,-6.094118,-39.448978,N
12995,63570,antonina do norte,CE,-6.775232,-39.98814,N
12996,63575,aiuaba,CE,-6.583339,-40.138874,N
12997,63580,jucas,CE,-6.522041,-39.524345,N
12998,63585,sao pedro,CE,-22.551255,-47.89883,N
12999,63590,saboeiro,CE,-6.534402,-39.873533,N
13000,63595,catarina,CE,-6.133214,-39.877866,N
13001,63600,senador pompeu,CE,-5.587877,-39.374741,N
13002,63605,piquet carneiro,CE,-5.82111,-39.419191,N
13003,63608,ibicua,CE,-5.928247,-39.427121,N
13004,63610,mombaca,CE,-5.745164,-39.628786,N
13005,63620,solonopole,CE,-5.736313,-39.017749,N
13006,63630,pedra branca,CE,-5.456975,-39.714497,N
13007,63632,mineirolândia,CE,-5.527701,-39.597728,N
13008,63635,milha,CE,-5.676692,-39.194515,N
13009,63640,independencia,CE,-5.395711,-40.309551,N
13010,63645,deputado irapuan pinheiro,CE,-5.879737,-39.257833,N
13011,63650,quiterianopolis,CE,-5.844916,-40.707095,N
13012,63660,taua,CE,-6.001905,-40.293212,N
13013,63670,arneiroz,CE,-6.325944,-40.15614,N
13014,63680,parambu,CE,-6.210288,-40.696809,N
13015,63700,crateus,CE,-5.178978,-40.667672,N
13016,63740,novo oriente,CE,-5.536525,-40.774149,N
13017,63750,tamboril,CE,-4.820771,-40.329955,N
13018,63765,sucesso,CE,-4.942381,-40.537983,N
13019,63780,monsenhor tabosa,CE,-4.811069,-40.066457,N
13020,63800,quixeramobim,CE,-5.1987,-39.293774,N
13021,63825,sao miguel,CE,-7.206462,-39.309979,N
13022,63860,madalena,CE,-4.842097,-39.564623,N
13023,63870,boa viagem,CE,-5.124593,-39.731297,N
13024,63900,quixada,CE,-4.968532,-39.018496,N
13025,63901,quixada,CE,-4.958992,-39.03185,N
13026,63902,quixada,CE,-4.966852,-39.026666,N
13027,63903,quixada,CE,-4.973001,-39.022934,N
13028,63905,quixada,CE,-4.982964,-39.017682,N
13029,63906,quixada,CE,-4.995082,-39.012319,N
13030,63907,quixada,CE,-4.963401,-39.007718,N
13031,63908,quixadá,CE,-4.965887,-39.008616,N
13032,63910,juatama,CE,-5.083127,-39.040962,N
13033,63960,banabuiu,CE,-5.305421,-38.919616,N
13034,63970,ibaretama,CE,-4.77859,-38.780702,N
13035,64000,teresina,PI,-5.084946,-42.810752,N
13036,64001,teresina,PI,-5.090844,-42.804922,N
13037,64002,teresina,PI,-5.074338,-42.813285,N
13038,64003,teresina,PI,-5.074472,-42.818114,N
13039,64004,teresina,PI,-5.048638,-42.829984,N
13040,64005,teresina,PI,-5.061448,-42.82718,N
13041,64006,teresina,PI,-5.053012,-42.814792,N
13042,64007,teresina,PI,-5.052116,-42.811845,N
13043,64008,teresina,PI,-5.039611,-42.818864,N
13044,64009,teresina,PI,-5.039125,-42.813107,N
13045,64010,teresina,PI,-5.067119,-42.792418,N
13046,64011,teresina,PI,-5.12394,-42.756736,N
13047,64012,teresina,PI,-4.989096,-42.804628,N
13048,64013,teresina,PI,-4.990111,-42.83547,N
13049,64014,teresina,PI,-5.091914,-42.793901,N
13050,64015,teresina,PI,-5.098086,-42.791421,N
13051,64016,teresina,PI,-5.103058,-42.79601,N
13052,64017,teresina,PI,-5.10852,-42.793093,N
13053,64018,teresina,PI,-5.109132,-42.806833,N
13054,64019,teresina,PI,-5.112438,-42.807575,N
13055,64020,teresina,PI,-5.124536,-42.792427,N
13056,64022,teresina,PI,-5.135137,-42.788422,N
13057,64023,teresina,PI,-5.131799,-42.786188,N
13058,64025,teresina,PI,-5.142201,-42.785996,N
13059,64027,teresina,PI,-5.118703,-42.790072,N
13060,64028,teresina,PI,-5.156753,-42.783481,N
13061,64030,teresina,PI,-5.13812,-42.774783,N
13062,64031,teresina,PI,-5.133162,-42.774978,N
13063,64032,teresina,PI,-5.147235,-42.774164,N
13064,64033,teresina,PI,-5.123609,-42.768344,N
13065,64034,teresina,PI,-5.176092,-42.785033,N
13066,64035,teresina,PI,-5.18302,-42.758647,N
13067,64037,teresina,PI,-5.189483,-42.739499,N
13068,64038,teresina,PI,-5.20033,-42.755481,N
13069,64039,teresina,PI,-5.188491,-42.761019,N
13070,64040,teresina,PI,-5.133302,-42.788595,N
13071,64041,teresina,PI,-5.115754,-42.739118,N
13072,64045,teresina,PI,-5.085065,-42.771694,N
13073,64046,teresina,PI,-5.084063,-42.780728,N
13074,64047,teresina,PI,,,N
13075,64048,teresina,PI,-5.070481,-42.78959,N
13076,64049,teresina,PI,-5.068139,-42.788688,N
13077,64050,teresina,PI,-5.059261,-42.775286,N
13078,64051,teresina,PI,-5.07575,-42.773781,N
13079,64052,teresina,PI,-5.068567,-42.777366,N
13080,64053,teresina,PI,-5.072749,-42.755719,N
13081,64055,teresina,PI,-5.067748,-42.765129,N
13082,64056,teresina,PI,-5.069187,-42.766268,N
13083,64057,teresina,PI,-5.05673,-42.746433,N
13084,64058,teresina,PI,-5.06143,-42.755872,N
13085,64059,teresina,PI,-5.049376,-42.755247,N
13086,64060,teresina,PI,-5.055214,-42.78025,N
13087,64062,teresina,PI,-5.044035,-42.765883,N
13088,64063,teresina,PI,-5.041077,-42.770213,N
13089,64064,teresina,PI,-5.04187,-42.770456,N
13090,64066,teresina,PI,-5.009292,-42.781598,N
13091,64067,teresina,PI,-5.007332,-42.780449,N
13092,64069,teresina,PI,-5.02594,-42.7425,N
13093,64071,teresina,PI,-5.037148,-42.734705,N
13094,64073,teresina,PI,-5.076503,-42.776285,N
13095,64074,teresina,PI,-5.063604,-42.721515,N
13096,64075,teresina,PI,-5.108914,-42.772482,N
13097,64076,teresina,PI,-5.116409,-42.761888,N
13098,64077,teresina,PI,-5.10208,-42.75821,N
13099,64078,teresina,PI,-5.103349,-42.752793,N
13100,64079,teresina,PI,-5.11324,-42.751745,N
13101,64080,teresina,PI,-5.108313,-42.745689,N
13102,64081,teresina,PI,-5.110225,-42.739945,N
13103,64082,teresina,PI,-5.112565,-42.752515,N
13104,64083,teresina,PI,-5.10891,-42.7377,N
13105,64084,teresina,PI,-5.085653,-42.734646,N
13106,64085,teresina,PI,-5.10108,-42.729725,N
13107,64086,teresina,PI,-5.115634,-42.719724,N
13108,64090,teresina,PI,-5.08515,-42.752203,N
13109,64091,teresina,PI,-5.149632,-42.755217,N
13110,64095,teresina,PI,,,N
13111,64100,barras,PI,-4.24327,-42.294043,N
13112,64105,cabeceiras do piaui,PI,-4.47665,-42.30833,N
13113,64108,boa hora,PI,-4.395197,-42.114762,N
13114,64110,jose de freitas,PI,-4.755901,-42.576212,N
13115,64120,uniao,PI,-4.586113,-42.862382,N
13116,64130,miguel alves,PI,-4.168806,-42.894167,N
13117,64138,lagoa alegre,PI,-4.512377,-42.623581,N
13118,64140,nossa senhora dos remedios,PI,-3.982394,-42.62201,N
13119,64145,porto,PI,-3.893642,-42.713975,N
13120,64150,matias olimpio,PI,-3.716077,-42.553891,N
13121,64160,luzilandia,PI,-3.461298,-42.369978,N
13122,64165,joca marques,PI,-3.496955,-42.435231,N
13123,64168,madeiro,PI,-3.48452,-42.50447,N
13124,64170,joaquim pires,PI,-3.505859,-42.178031,N
13125,64175,murici dos portelas,PI,-3.322166,-42.090346,N
13126,64178,morro do chapeu do piaui,PI,-3.742339,-42.310152,N
13127,64180,esperantina,PI,-3.892214,-42.233971,N
13128,64190,batalha,PI,-4.023888,-42.075628,N
13129,64200,parnaiba,PI,-2.903244,-41.777041,N
13130,64201,parnaiba,PI,-2.895437,-41.787271,N
13131,64202,parnaiba,PI,-2.907089,-41.760262,N
13132,64204,parnaiba,PI,-2.90697,-41.748975,N
13133,64205,parnaíba,PI,-2.92512,-41.742828,N
13134,64206,parnaiba,PI,-2.900784,-41.756088,N
13135,64207,parnaíba,PI,-2.91601,-41.744743,N
13136,64208,parnaiba,PI,-2.919995,-41.745495,N
13137,64209,parnaíba,PI,-2.921121,-41.736268,N
13138,64210,parnaiba,PI,-2.919927,-41.740863,N
13139,64211,parnaiba,PI,-2.924804,-41.744105,N
13140,64212,parnaiba,PI,-2.929214,-41.755785,N
13141,64213,parnaiba,PI,-2.931025,-41.759956,N
13142,64215,parnaiba,PI,-2.916442,-41.76097,N
13143,64216,parnaiba,PI,-2.930004,-41.762039,N
13144,64217,parnaiba,PI,-2.937571,-41.767681,N
13145,64218,parnaíba,PI,-2.912936,-41.778803,N
13146,64220,luis correia,PI,-2.885592,-41.652642,N
13147,64222,cajueiro da praia,PI,-2.926655,-41.347562,N
13148,64224,ilha grande,PI,-2.852175,-41.812177,N
13149,64225,bom principio do piaui,PI,-3.189095,-41.640847,N
13150,64228,caxingo,PI,-3.42026,-41.894057,N
13151,64230,buriti dos lopes,PI,-3.177493,-41.869415,N
13152,64233,caraubas do piaui,PI,-3.476602,-41.842269,N
13153,64235,cocal,PI,-3.470379,-41.554828,N
13154,64238,cocal dos alves,PI,-3.604635,-41.452464,N
13155,64240,piracuruca,PI,-3.92896,-41.709687,N
13156,64243,sao joao da fronteira,PI,-3.946712,-41.272075,N
13157,64245,sao jose do divino,PI,-3.811342,-41.831727,N
13158,64250,domingos mourao,PI,-4.254568,-41.272472,N
13159,64253,milton brandao,PI,-4.703057,-41.448554,N
13160,64255,pedro ii,PI,-4.429295,-41.453921,N
13161,64258,lagoa de sao francisco,PI,-4.392027,-41.593359,N
13162,64260,piripiri,PI,-4.276353,-41.778086,N
13163,64265,brasileira,PI,-4.130638,-41.778505,N
13164,64270,capitao de campos,PI,-4.45836,-41.941268,N
13165,64278,cocal de telha,PI,-4.555009,-41.969588,N
13166,64280,campo maior,PI,-4.830289,-42.169874,N
13167,64283,boqueirao do piaui,PI,-4.485332,-42.112712,N
13168,64285,sigefredo pacheco,PI,-4.9249,-41.740379,N
13169,64288,nossa senhora de nazare,PI,-4.630764,-42.179599,N
13170,64290,altos,PI,-5.037934,-42.459575,N
13171,64300,valenca do piaui,PI,-6.403096,-41.738497,N
13172,64308,lagoa do sitio,PI,-6.515222,-41.570514,N
13173,64310,aroazes,PI,-6.105346,-41.788323,N
13174,64315,santa cruz dos milagres,PI,-5.803743,-41.955338,N
13175,64320,pimenteiras,PI,-6.235369,-41.420549,N
13176,64325,elesbao veloso,PI,-6.20264,-42.139339,N
13177,64330,sao miguel do tapuio,PI,-5.503125,-41.323028,N
13178,64333,assuncao do piaui,PI,-5.864192,-41.060695,N
13179,64335,coivaras,PI,-5.090599,-42.203212,N
13180,64340,castelo do piaui,PI,-5.3193,-41.550964,N
13181,64343,juazeiro do piauí,PI,-5.166513,-41.70705,N
13182,64345,buriti dos montes,PI,-5.314096,-41.095588,N
13183,64350,sao joao da serra,PI,-5.513235,-41.89601,N
13184,64360,alto longa,PI,-5.252365,-42.208011,N
13185,64365,novo santo antonio,PI,-5.286124,-41.932069,N
13186,64370,prata do piaui,PI,-5.665902,-42.205551,N
13187,64375,sao felix do piaui,PI,-5.933515,-42.111321,N
13188,64378,são miguel da baixa grande,PI,-5.853766,-42.210719,N
13189,64380,beneditinos,PI,-5.454323,-42.361211,N
13190,64388,lagoa do piaui,PI,-5.409659,-42.646812,N
13191,64390,demerval lobao,PI,-5.358005,-42.676658,N
13192,64395,passagem franca do piaui,PI,-5.8556,-42.439492,N
13193,64400,amarante,PI,-6.242805,-42.853531,N
13194,64410,angical do piaui,PI,-6.079024,-42.736124,N
13195,64420,palmeirais,PI,-5.973203,-43.058067,N
13196,64430,sao pedro do piaui,PI,-5.920529,-42.720019,N
13197,64435,sao goncalo do piaui,PI,-5.996955,-42.70287,N
13198,64440,agricolândia,PI,-5.79705,-42.664699,N
13199,64445,miguel leao,PI,-5.681218,-42.738174,N
13200,64450,monsenhor gil,PI,-5.558418,-42.612317,N
13201,64453,curralinhos,PI,-5.620004,-42.831163,N
13202,64455,barro duro,PI,-5.820001,-42.511285,N
13203,64460,agua branca,PI,-5.892095,-42.634028,N
13204,64465,lagoinha do piaui,PI,-5.837362,-42.628027,N
13205,64468,olho d'água do piauí,PI,-5.846247,-42.580371,N
13206,64470,hugo napoleão,PI,-5.988829,-42.559343,N
13207,64475,francisco ayres,PI,-6.622841,-42.695067,N
13208,64480,arraial,PI,-6.652049,-42.532281,N
13209,64490,regeneracao,PI,-6.228167,-42.689498,N
13210,64495,jardim do mulato,PI,-6.09565,-42.63645,N
13211,64500,oeiras,PI,-7.015859,-42.126526,N
13212,64510,sao joao da varjota,PI,-6.913474,-41.863887,N
13213,64512,tanque do piaui,PI,-6.598848,-42.282226,N
13214,64514,cajazeiras do piauí,PI,-6.794131,-42.393486,N
13215,64516,colonia do piaui,PI,-7.226171,-42.178844,N
13216,64518,santa rosa do piaui,PI,-6.798865,-42.273226,N
13217,64520,francinópolis,PI,-6.39602,-42.260375,N
13218,64525,varzea grande,PI,-6.547698,-42.250463,N
13219,64528,barra d'alcantara,PI,-6.521075,-42.105552,N
13220,64530,novo oriente do piauí,PI,-6.456343,-41.933354,N
13221,64535,inhuma,PI,-6.666772,-41.708394,N
13222,64540,ipiranga do piauí,PI,-6.822856,-41.743617,N
13223,64545,santa cruz do piaui,PI,-7.181334,-41.765375,N
13224,64548,wall ferraz,PI,-7.238078,-41.895679,N
13225,64550,sao francisco do piaui,PI,-7.222792,-42.526364,N
13226,64555,sao jose do peixe,PI,-7.494791,-42.565715,N
13227,64558,sao miguel do fidalgo,PI,-7.583347,-42.370918,N
13228,64560,santo inácio do piauí,PI,-7.426451,-41.911367,N
13229,64563,floresta do piaui,PI,-7.467074,-41.80033,N
13230,64565,itainopolis,PI,-7.447786,-41.481488,N
13231,64568,vera mendes,PI,-7.604774,-41.480497,N
13232,64570,isaias coelho,PI,-7.738536,-41.67869,N
13233,64573,massape do piaui,PI,-7.465535,-41.121318,N
13234,64575,jaicos,PI,-7.356676,-41.140374,N
13235,64578,campo grande do piaui,PI,-7.147809,-41.044345,N
13236,64585,simoes,PI,-7.596939,-40.818042,N
13237,64590,caridade do piaui,PI,-7.732448,-40.988639,N
13238,64595,curral novo do piaui,PI,-7.831499,-40.901584,N
13239,64600,picos,PI,-7.08503,-41.469866,N
13240,64601,picos,PI,-7.077676,-41.472011,N
13241,64604,picos,PI,-7.070937,-41.450444,N
13242,64605,picos,PI,,,N
13243,64606,picos,PI,-7.084631,-41.409743,N
13244,64607,picos,PI,-7.082007,-41.445806,N
13245,64608,picos,PI,-7.087301,-41.434454,N
13246,64615,santana do piaui,PI,-6.945684,-41.510671,N
13247,64618,paqueta,PI,-7.103122,-41.703127,N
13248,64620,dom expedito lopes,PI,-6.961682,-41.675079,N
13249,64625,sao jose do piaui,PI,-6.863955,-41.477915,N
13250,64630,bocaina,PI,-6.945765,-41.322247,N
13251,64635,sao joao da canabrava,PI,-6.818036,-41.346437,N
13252,64640,santo antonio de lisboa,PI,-6.982887,-41.228954,N
13253,64645,francisco santos,PI,-6.994789,-41.134853,N
13254,64650,monsenhor hipolito,PI,-6.996862,-41.028189,N
13255,64655,alagoinha do piaui,PI,-7.008904,-40.937384,N
13256,64660,pio ix,PI,-6.83491,-40.613488,N
13257,64670,sao juliao,PI,-7.09324,-40.832212,N
13258,64675,alegrete do piaui,PI,-7.241636,-40.848023,N
13259,64678,belem do piaui,PI,-7.375124,-40.967588,N
13260,64680,padre marcos,PI,-7.353025,-40.90831,N
13261,64685,marcolandia,PI,-7.444321,-40.662472,N
13262,64688,vila nova do piaui,PI,-7.142493,-40.940601,N
13263,64690,fronteiras,PI,-7.086002,-40.615365,N
13264,64695,caldeirao grande do piaui,PI,-7.332229,-40.63667,N
13265,64700,simplicio mendes,PI,-7.859921,-41.91031,N
13266,64705,bela vista do piaui,PI,-7.97126,-41.871204,N
13267,64710,paes landim,PI,-7.777868,-42.254712,N
13268,64720,socorro do piaui,PI,-7.86452,-42.503409,N
13269,64725,ribeira do piaui,PI,-7.753795,-42.678452,N
13270,64728,pedro laurentino,PI,-8.070697,-42.29585,N
13271,64730,campinas do piaui,PI,-7.659327,-41.881402,N
13272,64740,conceicao do caninde,PI,-7.903117,-41.565017,N
13273,64745,sao francisco de assis do piaui,PI,-8.224575,-41.677613,N
13274,64748,acaua,PI,-8.218507,-41.081133,N
13275,64750,paulistana,PI,-8.13532,-41.144073,N
13276,64753,betânia do piauí,PI,-8.145497,-40.795812,N
13277,64755,jacobina do piaui,PI,-7.937483,-41.210251,N
13278,64758,queimada nova,PI,-8.580957,-41.418846,N
13279,64760,sao joao do piaui,PI,-8.23029,-42.252289,N
13280,64763,capitão gervásio oliveira,PI,-8.495785,-41.834127,N
13281,64764,nova santa rita,PI,-8.07445,-42.049576,N
13282,64767,campo alegre do fidalgo,PI,-8.377892,-41.835686,N
13283,64768,lagoa do barro do piaui,PI,-8.483634,-41.548835,N
13284,64770,são raimundo nonato,PI,-9.014477,-42.691398,N
13285,64773,várzea branca,PI,-9.236209,-42.962397,N
13286,64778,sao lourenco do piaui,PI,-9.169084,-42.54439,N
13287,64780,anisio de abreu,PI,-9.186197,-43.048919,N
13288,64782,jurema,PI,-9.220464,-43.129128,N
13289,64783,sao braz do piaui,PI,-9.065175,-42.992565,N
13290,64785,dirceu arcoverde,PI,-9.341009,-42.436723,N
13291,64788,fartura do piauí,PI,-9.481629,-42.789648,N
13292,64790,dom inocencio,PI,-8.988217,-41.957783,N
13293,64793,coronel jose dias,PI,-8.826233,-42.479761,N
13294,64795,caracol,PI,-9.28245,-43.328125,N
13295,64798,guaribas,PI,-9.395735,-43.689614,N
13296,64800,floriano,PI,-6.771735,-43.023093,N
13297,64801,floriano,PI,-6.773387,-43.03469,N
13298,64803,floriano,PI,-6.764046,-43.010729,N
13299,64804,floriano,PI,-6.772814,-43.009938,N
13300,64806,floriano,PI,-6.776733,-43.016499,N
13301,64807,floriano,PI,-6.787773,-43.011334,N
13302,64808,floriano,PI,-6.782539,-43.033118,N
13303,64809,floriano,PI,-6.77263,-43.04355,N
13304,64815,flores do piaui,PI,-7.793561,-42.923562,N
13305,64820,itaueira,PI,-7.600381,-43.026523,N
13306,64825,nazare do piaui,PI,-6.968437,-42.673709,N
13307,64835,rio grande do piaui,PI,-7.775791,-43.137243,N
13308,64838,pavussu,PI,-7.965022,-43.225219,N
13309,64840,guadalupe,PI,-6.79548,-43.586693,N
13310,64845,marcos parente,PI,-7.120923,-43.889738,N
13311,64850,landri sales,PI,-7.264203,-43.929232,N
13312,64855,antonio almeida,PI,-7.220781,-44.194777,N
13313,64858,porto alegre do piaui,PI,-6.970125,-44.19968,N
13314,64860,urucui,PI,-7.237546,-44.555112,N
13315,64865,ribeiro goncalves,PI,-7.559793,-45.243799,N
13316,64868,baixa grande do ribeiro,PI,-7.908424,-45.210883,N
13317,64870,bertolinia,PI,-7.639713,-43.952521,N
13318,64873,sebastiao leal,PI,-7.570047,-44.063227,N
13319,64875,manoel emidio,PI,-8.008656,-43.87227,N
13320,64880,eliseu martins,PI,-8.098803,-43.660468,N
13321,64885,colonia do gurgueia,PI,-8.171285,-43.777965,N
13322,64890,canto do buriti,PI,-8.110066,-42.946757,N
13323,64893,tamboril do piaui,PI,-8.401253,-42.912638,N
13324,64895,brejo do piaui,PI,-8.206383,-42.834627,N
13325,64898,pajeu do piaui,PI,-7.856561,-42.82181,N
13326,64900,bom jesus,PI,-9.07495,-44.364314,N
13327,64910,santa luz,PI,-8.9525,-44.130119,N
13328,64915,redencao do gurgueia,PI,-9.486575,-44.58514,N
13329,64920,cristino castro,PI,-8.815881,-44.220788,N
13330,64923,alvorada do gurgueia,PI,-8.452598,-43.941548,N
13331,64925,palmeira do piauí,PI,-8.727069,-44.237256,N
13332,64930,gilbues,PI,-9.831011,-45.339144,N
13333,64940,monte alegre do piaui,PI,-9.750823,-45.304434,N
13334,64945,santa filomena,PI,-9.114375,-45.921557,N
13335,64960,curimata,PI,-10.035541,-44.305252,N
13336,64963,julio borges,PI,-10.327402,-44.236544,N
13337,64965,avelino lopes,PI,-10.141657,-43.948731,N
13338,64968,morro cabeca no tempo,PI,-9.722472,-43.899959,N
13339,64970,parnagua,PI,-10.21575,-44.614644,N
13340,64975,riacho frio,PI,-10.128281,-44.952381,N
13341,64980,corrente,PI,-10.423993,-45.165335,N
13342,64990,barreiras do piaui,PI,-9.923567,-45.47631,N
13343,64993,sao goncalo do gurgueia,PI,-10.030007,-45.304354,N
13344,64995,cristalandia do piaui,PI,-10.667791,-45.176313,N
13345,65000,sao luis,MA,-2.572348,-44.204766,N
13346,65010,sao luis,MA,-2.535103,-44.292127,N
13347,65015,sao luis,MA,-2.534955,-44.298532,N
13348,65020,sao luis,MA,-2.52744,-44.291954,N
13349,65021,sao luis,MA,-2.530786,-44.291551,N
13350,65025,sao luis,MA,-2.53811,-44.28935,N
13351,65026,são luís,MA,-2.5423,-44.274543,N
13352,65030,sao luis,MA,-2.544402,-44.28104,N
13353,65031,sao luis,MA,-2.54397,-44.283547,N
13354,65032,sao luis,MA,-2.565737,-44.257047,N
13355,65033,sao luis,MA,-2.540111,-44.225184,N
13356,65035,sao luis,MA,-2.532679,-44.279168,N
13357,65036,sao luis,MA,-2.542178,-44.265335,N
13358,65037,sao luis,MA,-2.54029,-44.267186,N
13359,65040,sao luis,MA,-2.550595,-44.264644,N
13360,65041,sao luis,MA,-2.550962,-44.265072,N
13361,65042,sao luis,MA,-2.558118,-44.26266,N
13362,65043,sao luis,MA,-2.557557,-44.249897,N
13363,65044,sao luis,MA,-2.5575,-44.263371,N
13364,65045,sao luis,MA,-2.549307,-44.249808,N
13365,65046,sao luis,MA,-2.548379,-44.250384,N
13366,65047,são luís,MA,-2.548254,-44.236021,N
13367,65048,sao luis,MA,-2.554535,-44.244445,N
13368,65049,sao luis,MA,-2.552761,-44.253871,N
13369,65050,sao luis,MA,-2.547505,-44.224125,N
13370,65051,sao luis,MA,-2.538429,-44.215676,N
13371,65052,sao luis,MA,-2.543522,-44.22287,N
13372,65053,sao luis,MA,-2.546518,-44.213805,N
13373,65054,sao luis,MA,-2.544515,-44.211892,N
13374,65055,sao luis,MA,-2.561914,-44.232626,N
13375,65056,sao luis,MA,-2.560933,-44.235654,N
13376,65057,sao luis,MA,-2.565463,-44.230626,N
13377,65058,sao luis,MA,-2.570936,-44.206468,N
13378,65059,sao luis,MA,-2.552271,-44.231575,N
13379,65060,sao luis,MA,-2.545261,-44.234993,N
13380,65061,sao luis,MA,-2.533658,-44.25081,N
13381,65062,sao luis,MA,-2.536046,-44.237339,N
13382,65063,sao luis,MA,-2.531125,-44.235622,N
13383,65064,sao luis,MA,-2.533518,-44.238775,N
13384,65065,sao luis,MA,-2.500952,-44.227084,N
13385,65066,sao luis,MA,-2.516303,-44.228188,N
13386,65067,sao luis,MA,-2.513,-44.234343,N
13387,65068,sao luis,MA,-2.509168,-44.231684,N
13388,65070,sao luis,MA,-2.522526,-44.259273,N
13389,65071,sao luis,MA,-2.499791,-44.26102,N
13390,65072,sao luis,MA,-2.501242,-44.248163,N
13391,65073,sao luis,MA,-2.517652,-44.241489,N
13392,65074,sao luis,MA,-2.516715,-44.256418,N
13393,65075,sao luis,MA,-2.50222,-44.292314,N
13394,65076,sao luis,MA,-2.514355,-44.298135,N
13395,65077,sao luis,MA,-2.497993,-44.297761,N
13396,65078,sao luis,MA,-2.513009,-44.264308,N
13397,65080,sao luis,MA,-2.55646,-44.3104,N
13398,65081,sao luis,MA,-2.545531,-44.262722,N
13399,65082,sao luis,MA,-2.548198,-44.298136,N
13400,65083,sao luis,MA,-2.551104,-44.215138,N
13401,65085,sao luis,MA,-2.552757,-44.317576,N
13402,65086,sao luis,MA,-2.559667,-44.334828,N
13403,65090,sao luis,MA,-2.56265,-44.250237,N
13404,65091,sao luis,MA,-2.545956,-44.263892,N
13405,65092,sao luis,MA,-2.574635,-44.230377,N
13406,65093,sao luis,MA,-2.563363,-44.246124,N
13407,65094,sao luis,MA,-2.505691,-44.310279,N
13408,65095,sao luis,MA,-2.542308,-44.278277,N
13409,65110,sao jose de ribamar,MA,-2.551848,-44.139002,N
13410,65130,paco do lumiar,MA,-2.532494,-44.161578,N
13411,65137,maioba,MA,,,N
13412,65138,raposa,MA,-2.44642,-44.125376,N
13413,65140,presidente juscelino,MA,-2.923192,-44.062735,N
13414,65143,bacabeira,MA,-2.949606,-44.329325,N
13415,65145,santa rita,MA,-3.135404,-44.320878,N
13416,65148,axixa,MA,-2.837246,-44.055615,N
13417,65150,rosario,MA,-2.940233,-44.249544,N
13418,65160,morros,MA,-2.866135,-44.040963,N
13419,65170,icatu,MA,-2.775034,-44.059487,N
13420,65180,humberto de campos,MA,-2.626226,-43.483556,N
13421,65190,primeira cruz,MA,-2.511296,-43.440914,N
13422,65195,santo amaro,MA,-2.500433,-43.25375,N
13423,65200,pinheiro,MA,-2.523977,-45.086203,N
13424,65204,presidente sarney,MA,-2.594734,-45.395354,N
13425,65206,pedro do rosário,MA,-2.96813,-45.348512,N
13426,65208,santa helena,MA,-2.243948,-45.29676,N
13427,65210,cajari,MA,-3.321817,-45.014889,N
13428,65213,penalva,MA,-3.285249,-45.177923,N
13429,65215,viana,MA,-3.211628,-45.001725,N
13430,65218,matinha,MA,-3.100411,-45.0324,N
13431,65220,sao vicente ferrer,MA,-2.896293,-44.882567,N
13432,65223,olinda nova do maranhão,MA,-2.994232,-44.998899,N
13433,65225,sao joao batista,MA,-2.965918,-44.81225,N
13434,65230,cajapio,MA,-2.876266,-44.672934,N
13435,65233,bacurituba,MA,-2.707781,-44.740039,N
13436,65235,sao bento,MA,-2.701048,-44.83355,N
13437,65238,palmeirandia,MA,-2.647578,-44.895621,N
13438,65245,peri mirim,MA,-2.577803,-44.857218,N
13439,65248,bequimao,MA,-2.451072,-44.787263,N
13440,65250,alcântara,MA,-2.392515,-44.453942,N
13441,65255,guimaraes,MA,-2.131285,-44.611323,N
13442,65260,cedral,MA,-1.999266,-44.53587,N
13443,65263,porto rico do maranhao,MA,-1.879812,-44.600006,N
13444,65265,mirinzal,MA,-2.066874,-44.78518,N
13445,65267,central do maranhao,MA,-2.194815,-44.827992,N
13446,65268,cururupu,MA,-1.827494,-44.8703,N
13447,65269,serrano do maranhao,MA,-1.85424,-45.113083,N
13448,65270,bacuri,MA,-1.728057,-45.141829,N
13449,65272,santa luzia do parua,MA,-2.545479,-45.775244,N
13450,65274,nova olinda do maranhao,MA,-2.806362,-45.704197,N
13451,65275,apicum-acu,MA,-1.532199,-45.079547,N
13452,65276,turilandia,MA,-2.225804,-45.306781,N
13453,65278,turiacu,MA,-1.666688,-45.370789,N
13454,65279,presidente medici,MA,-2.380197,-45.824285,N
13455,65280,cândido mendes,MA,-1.488876,-45.730644,N
13456,65283,maranhaozinho,MA,-2.244437,-45.858554,N
13457,65284,governador nunes freire,MA,-2.094321,-45.879338,N
13458,65285,godofredo viana,MA,-1.40213,-45.776071,N
13459,65288,centro do guilherme,MA,-2.467556,-45.873423,N
13460,65289,maracacume,MA,-2.047598,-45.957679,N
13461,65290,luís domingues,MA,-1.330313,-45.899044,N
13462,65292,boa vista do gurupi,MA,-1.795313,-46.291987,N
13463,65293,amapá do maranhão,MA,-1.674015,-46.010752,N
13464,65294,junco do maranhao,MA,-1.878768,-46.072504,N
13465,65295,carutapera,MA,-1.204073,-46.021044,N
13466,65299,centro novo do maranhao,MA,-2.175848,-46.167782,N
13467,65300,santa inês,MA,-3.661624,-45.379973,N
13468,65301,santa ines,MA,-3.652816,-45.388038,N
13469,65302,santa inês,MA,-3.656914,-45.370641,N
13470,65304,santa inês,MA,-3.665728,-45.368165,N
13471,65306,santa ines,MA,-3.668706,-45.38372,N
13472,65310,altamira do maranhao,MA,-4.16924,-45.486814,N
13473,65315,brejo de areia,MA,-4.330462,-45.587151,N
13474,65320,vitorino freire,MA,-4.286866,-45.247419,N
13475,65335,bela vista do maranhao,MA,-3.744962,-45.260182,N
13476,65340,conceição do lago-açu,MA,-3.838491,-44.885814,N
13477,65345,igarape do meio,MA,-3.630164,-45.166986,N
13478,65350,vitoria do mearim,MA,-3.484248,-44.88049,N
13479,65360,moncao,MA,-3.495278,-45.247705,N
13480,65363,governador newton bello,MA,-3.413099,-45.697874,N
13481,65365,ze doca,MA,-3.276285,-45.654905,N
13482,65368,araguana,MA,-2.95051,-45.665426,N
13483,65370,pindare mirim,MA,-3.619697,-45.349366,N
13484,65378,tufilandia,MA,-3.702622,-45.509681,N
13485,65380,bom jardim,MA,-3.54369,-45.608763,N
13486,65385,sao joao do caru,MA,-3.53068,-46.27506,N
13487,65390,santa luzia,MA,-3.989193,-45.67119,N
13488,65393,buriticupu,MA,-4.316757,-46.458039,N
13489,65395,bom jesus das selvas,MA,-4.502896,-46.855491,N
13490,65398,alto alegre do pindare,MA,-3.724104,-45.863997,N
13491,65400,codo,MA,-4.461757,-43.8916,N
13492,65413,alto alegre do maranhao,MA,-4.214135,-44.449513,N
13493,65415,coroata,MA,-4.129402,-44.12655,N
13494,65418,peritoro,MA,-4.374288,-44.34112,N
13495,65420,timbiras,MA,-4.25687,-43.940075,N
13496,65430,vargem grande,MA,-3.544078,-43.918261,N
13497,65440,são benedito do rio preto,MA,-3.331285,-43.52927,N
13498,65450,nina rodrigues,MA,-3.463558,-43.908173,N
13499,65455,presidente vargas,MA,-3.391338,-43.99204,N
13500,65460,pirapemas,MA,-3.727274,-44.227421,N
13501,65465,cantanhede,MA,-3.635163,-44.377993,N
13502,65468,matoes do norte,MA,-3.628301,-44.556836,N
13503,65470,sao mateus do maranhao,MA,-4.032419,-44.465845,N
13504,65480,arari,MA,-3.450955,-44.778442,N
13505,65485,itapecuru mirim,MA,-3.39033,-44.366672,N
13506,65490,anajatuba,MA,-3.265782,-44.615627,N
13507,65495,miranda do norte,MA,-3.563524,-44.582103,N
13508,65500,chapadinha,MA,-3.740762,-43.360511,N
13509,65505,afonso cunha,MA,-4.131088,-43.323997,N
13510,65510,mata roma,MA,-3.624041,-43.114993,N
13511,65515,buriti,MA,-3.944244,-42.91443,N
13512,65520,brejo,MA,-3.679675,-42.75323,N
13513,65525,anapurus,MA,-3.674194,-43.110397,N
13514,65530,urbano santos,MA,-3.208319,-43.403097,N
13515,65535,belágua,MA,-3.160118,-43.504782,N
13516,65540,santa quiteria do maranhao,MA,-3.485752,-42.586179,N
13517,65545,milagres do maranhao,MA,-3.580944,-42.611866,N
13518,65550,sao bernardo,MA,-3.350792,-42.422342,N
13519,65555,santana do maranhao,MA,-3.116956,-42.41405,N
13520,65560,magalhães de almeida,MA,-3.394953,-42.205322,N
13521,65570,araióses,MA,-2.885632,-41.904304,N
13522,65578,agua doce do maranhao,MA,-2.869205,-42.130011,N
13523,65580,tutoia,MA,-2.770939,-42.27715,N
13524,65582,barro duro,MA,-2.890615,-42.310004,N
13525,65585,paulino neves,MA,-2.746931,-42.547768,N
13526,65590,barreirinhas,MA,-2.75723,-42.831795,N
13527,65600,caxias,MA,-4.859831,-43.353213,N
13528,65602,caxias,MA,-4.853858,-43.35704,N
13529,65603,caxias,MA,-4.837762,-43.355983,N
13530,65604,caxias,MA,-4.866527,-43.347526,N
13531,65605,caxias,MA,-4.871409,-43.345035,N
13532,65606,caxias,MA,-4.88036,-43.353366,N
13533,65607,caxias,MA,-4.869046,-43.367078,N
13534,65608,caxias,MA,-4.860336,-43.371097,N
13535,65609,caxias,MA,-4.872058,-43.355292,N
13536,65610,aldeias altas,MA,-4.625968,-43.467305,N
13537,65615,sao joao do soter,MA,-5.112263,-43.807688,N
13538,65620,coelho neto,MA,-4.25461,-43.015046,N
13539,65625,duque bacelar,MA,-4.152454,-42.946172,N
13540,65630,timon,MA,-5.102923,-42.824265,N
13541,65631,timon,MA,-5.090515,-42.835935,N
13542,65632,timon,MA,-5.109211,-42.832274,N
13543,65633,timon,MA,-5.122385,-42.835516,N
13544,65634,timon,MA,-5.113068,-42.83225,N
13545,65635,timon,MA,-5.116537,-42.836729,N
13546,65636,timon,MA,-5.101433,-42.837659,N
13547,65637,timon,MA,-5.116198,-42.837185,N
13548,65640,parnarama,MA,-5.681527,-43.093914,N
13549,65645,matoes,MA,-5.521319,-43.20351,N
13550,65650,sao francisco do maranhao,MA,-6.227291,-42.991183,N
13551,65660,barao de grajau,MA,-6.750453,-43.04152,N
13552,65665,sao joao dos patos,MA,-6.497455,-43.701513,N
13553,65668,sucupira do riachao,MA,-6.413689,-43.545261,N
13554,65670,paraibano,MA,-6.431676,-43.987968,N
13555,65680,passagem franca,MA,-6.179897,-43.779182,N
13556,65683,lagoa do mato,MA,-6.049635,-43.527242,N
13557,65685,buriti bravo,MA,-5.839493,-43.834271,N
13558,65690,colinas,MA,-6.030385,-44.247236,N
13559,65693,jatoba,MA,-5.818083,-44.225213,N
13560,65695,fortuna,MA,-5.732709,-44.155474,N
13561,65700,bacabal,MA,-4.226385,-44.789064,N
13562,65704,bom lugar,MA,-4.372369,-45.031643,N
13563,65705,lago verde,MA,-4.041772,-44.936248,N
13564,65706,olho d'agua das cunhas,MA,-4.14183,-45.11597,N
13565,65707,pio xii,MA,-3.889422,-45.170445,N
13566,65708,são luís gonzaga do maranhão,MA,-4.377545,-44.671924,N
13567,65709,satubinha,MA,-4.038562,-45.237376,N
13568,65710,lago do junco,MA,-4.605897,-45.051457,N
13569,65712,lago dos rodrigues,MA,-4.612501,-44.97919,N
13570,65714,maraja do sena,MA,-4.620044,-45.459979,N
13571,65715,lago da pedra,MA,-4.565357,-45.129397,N
13572,65716,paulo ramos,MA,-4.447534,-45.239285,N
13573,65718,lagoa grande do maranhao,MA,-4.993194,-45.388239,N
13574,65720,igarape grande,MA,-4.661492,-44.85552,N
13575,65723,bernardo do mearim,MA,-4.630666,-44.761597,N
13576,65725,pedreiras,MA,-4.572865,-44.598831,N
13577,65727,trizidela do vale,MA,-4.566751,-44.617271,N
13578,65728,lima campos,MA,-4.523497,-44.463839,N
13579,65730,santo antonio dos lopes,MA,-4.861042,-44.375444,N
13580,65735,capinzal do norte,MA,-4.717117,-44.326687,N
13581,65740,poção de pedras,MA,-4.753592,-44.94243,N
13582,65750,esperantinopolis,MA,-4.878589,-44.883378,N
13583,65753,sao raimundo do doca bezerra,MA,-5.104809,-45.081465,N
13584,65755,joselandia,MA,-4.981589,-44.699478,N
13585,65758,sao roberto,MA,-5.021523,-44.994967,N
13586,65760,presidente dutra,MA,-5.293305,-44.491505,N
13587,65762,sao jose dos basilios,MA,-5.043546,-44.572616,N
13588,65763,tuntum,MA,-5.260865,-44.644175,N
13589,65765,dom pedro,MA,-5.036883,-44.437953,N
13590,65768,santa filomena do maranhao,MA,-5.499676,-44.560971,N
13591,65770,governador archer,MA,-5.024767,-44.269997,N
13592,65775,goncalves dias,MA,-5.155081,-44.299881,N
13593,65780,governador eugênio barros,MA,-5.325738,-44.233929,N
13594,65783,senador alexandre costa,MA,-5.258921,-44.056009,N
13595,65785,graca aranha,MA,-5.408619,-44.332383,N
13596,65790,sao domingos do maranhao,MA,-5.582265,-44.380916,N
13597,65795,governador luiz rocha,MA,-5.48545,-44.08426,N
13598,65800,balsas,MA,-7.531475,-46.043105,N
13599,65805,fortaleza dos nogueiras,MA,-6.964211,-46.176953,N
13600,65808,nova colinas,MA,-7.118898,-46.259934,N
13601,65810,alto parnaiba,MA,-9.12347,-45.945087,N
13602,65820,tasso fragoso,MA,-8.476693,-45.746961,N
13603,65830,sambaiba,MA,,,N
13604,65840,sao raimundo das mangabeiras,MA,-7.020645,-45.502736,N
13605,65850,mirador,MA,-6.342931,-44.432747,N
13606,65860,sucupira do norte,MA,-6.477823,-44.191217,N
13607,65870,pastos bons,MA,-6.59969,-44.084405,N
13608,65880,nova iorque,MA,-6.738953,-44.043986,N
13609,65885,benedito leite,MA,-7.218532,-44.555072,N
13610,65888,sao domingos do azeitao,MA,-6.814148,-44.628641,N
13611,65890,sao felix de balsas,MA,-7.083945,-44.81308,N
13612,65895,loreto,MA,-7.087964,-45.136127,N
13613,65900,imperatriz,MA,-5.520295,-47.48297,N
13614,65901,imperatriz,MA,-5.5268,-47.48298,N
13615,65903,imperatriz,MA,-5.519588,-47.475126,N
13616,65904,imperatriz,MA,-5.483315,-47.492281,N
13617,65905,imperatriz,MA,-5.497265,-47.487915,N
13618,65906,imperatriz,MA,-5.484749,-47.488239,N
13619,65907,imperatriz,MA,-5.516082,-47.482074,N
13620,65908,imperatriz,MA,-5.489582,-47.470381,N
13621,65910,imperatriz,MA,-5.516372,-47.476872,N
13622,65911,imperatriz,MA,-5.506636,-47.476667,N
13623,65912,imperatriz,MA,-5.519211,-47.461428,N
13624,65913,imperatriz,MA,-5.523626,-47.468449,N
13625,65914,imperatriz,MA,-5.510018,-47.456999,N
13626,65915,imperatriz,MA,-5.530296,-47.455938,N
13627,65916,imperatriz,MA,-5.531371,-47.475917,N
13628,65917,imperatriz,MA,-5.495658,-47.482169,N
13629,65918,imperatriz,MA,-5.539362,-47.45481,N
13630,65919,imperatriz,MA,-5.511723,-47.476644,N
13631,65920,sao pedro da agua branca,MA,-5.076684,-48.418814,N
13632,65921,cidelandia,MA,-5.173429,-47.78619,N
13633,65922,joao lisboa,MA,-5.446865,-47.405189,N
13634,65923,amarante do maranhao,MA,-5.550369,-46.719194,N
13635,65924,vila nova dos martirios,MA,-5.165139,-48.127159,N
13636,65925,sitio novo,MA,-5.877514,-46.702464,N
13637,65927,davinopolis,MA,-5.527045,-47.394562,N
13638,65928,governador edison lobao,MA,-5.750425,-47.361496,N
13639,65929,sao francisco do brejao,MA,-5.125625,-47.385513,N
13640,65930,acailandia,MA,-4.945934,-47.484496,N
13641,65935,buritirana,MA,-5.482465,-47.220831,N
13642,65936,montes altos,MA,-5.832444,-47.066722,N
13643,65937,lajeado novo,MA,-6.190852,-47.036828,N
13644,65938,ribamar fiquene,MA,-5.928939,-47.384075,N
13645,65939,itinga do maranhao,MA,-4.445839,-47.518708,N
13646,65940,grajau,MA,-5.817305,-46.145619,N
13647,65943,formosa da serra negra,MA,-6.440041,-46.188581,N
13648,65945,arame,MA,-4.889731,-46.00678,N
13649,65948,itaipava do grajau,MA,-5.275052,-45.855505,N
13650,65950,barra do corda,MA,-5.504495,-45.246724,N
13651,65962,jenipapo dos vieiras,MA,-5.366789,-45.62122,N
13652,65968,campestre do maranhao,MA,-6.207448,-47.304531,N
13653,65970,porto franco,MA,-6.344079,-47.393865,N
13654,65973,sao joao do paraiso,MA,-6.465309,-47.054312,N
13655,65975,estreito,MA,-6.559559,-47.444239,N
13656,65978,sao pedro dos crentes,MA,-6.820902,-46.535056,N
13657,65980,carolina,MA,-7.331741,-47.468651,N
13658,65990,riachao,MA,-7.36437,-46.627231,N
13659,65995,feira nova do maranhao,MA,-6.9623,-46.684571,N
13660,66010,belem,PA,-1.450655,-48.49759,N
13661,66013,belem,PA,-1.337293,-48.482424,N
13662,66015,belém,PA,-1.444944,-48.495661,N
13663,66017,belem,PA,-1.447459,-48.482619,N
13664,66019,belem,PA,-1.451964,-48.499315,N
13665,66020,belem,PA,-1.46077,-48.500965,N
13666,66023,belem,PA,-1.461374,-48.49753,N
13667,66025,belém,PA,-1.464344,-48.492818,N
13668,66030,belem,PA,-1.469043,-48.489062,N
13669,66033,belem,PA,-1.461061,-48.483919,N
13670,66035,belem,PA,-1.454399,-48.487758,N
13671,66040,belem,PA,-1.4556,-48.479381,N
13672,66045,belém,PA,-1.461505,-48.478981,N
13673,66050,belem,PA,-1.437018,-48.487057,N
13674,66053,belem,PA,-1.448012,-48.49023,N
13675,66055,belem,PA,-1.444504,-48.48447,N
13676,66060,belem,PA,-1.4485,-48.47542,N
13677,66063,belem,PA,-1.456308,-48.472132,N
13678,66065,belem,PA,-1.464561,-48.474393,N
13679,66070,belem,PA,-1.450167,-48.45934,N
13680,66073,belem,PA,-1.457373,-48.463767,N
13681,66075,belem,PA,-1.459311,-48.46334,N
13682,66077,belem,PA,-1.403778,-48.457547,N
13683,66079,belem,PA,-1.464197,-48.452038,N
13684,66080,belem,PA,-1.426556,-48.465663,N
13685,66083,belem,PA,-1.427352,-48.472874,N
13686,66085,belem,PA,-1.433681,-48.469773,N
13687,66087,belem,PA,-1.426635,-48.464116,N
13688,66090,belem,PA,-1.43445,-48.466386,N
13689,66093,belem,PA,-1.438142,-48.462479,N
13690,66095,belem,PA,-1.436809,-48.455447,N
13691,66110,belem,PA,-1.397145,-48.476939,N
13692,66113,belem,PA,-1.430878,-48.484008,N
13693,66115,belem,PA,-1.398354,-48.485855,N
13694,66117,belem,PA,-1.414479,-48.480444,N
13695,66120,belem,PA,-1.416119,-48.475276,N
13696,66123,belem,PA,-1.412799,-48.470787,N
13697,66610,belem,PA,-1.428619,-48.449376,N
13698,66613,belem,PA,-1.416163,-48.448729,N
13699,66615,belem,PA,-1.400407,-48.451784,N
13700,66617,belem,PA,-1.394247,-48.467843,N
13701,66620,belem,PA,-1.402246,-48.456699,N
13702,66623,belem,PA,-1.401286,-48.444657,N
13703,66625,belem,PA,-1.369653,-48.442615,N
13704,66630,belem,PA,-1.379196,-48.465637,N
13705,66633,belém,PA,-1.394564,-48.454578,N
13706,66635,belem,PA,-1.327974,-48.455539,N
13707,66640,belem,PA,-1.363502,-48.449308,N
13708,66645,belem,PA,-1.383347,-48.431787,N
13709,66650,belem,PA,-1.357606,-48.43855,N
13710,66652,belem,PA,-1.368306,-48.424072,N
13711,66670,belem,PA,-1.331882,-48.442308,N
13712,66690,belem,PA,-1.400551,-48.400394,N
13713,66695,belem,PA,-1.390904,-48.473219,N
13714,66810,belem,PA,-1.288205,-48.476196,N
13715,66811,belem,PA,-1.301055,-48.470231,N
13716,66812,belem,PA,-1.312214,-48.483159,N
13717,66813,belem,PA,-1.321536,-48.472286,N
13718,66814,belem,PA,-1.317817,-48.471146,N
13719,66815,belem,PA,-1.323952,-48.455361,N
13720,66816,belem,PA,-1.376519,-48.471603,N
13721,66820,belem,PA,-1.348566,-48.445876,N
13722,66821,belem,PA,-1.339607,-48.458876,N
13723,66822,belem,PA,-1.336232,-48.45943,N
13724,66823,belem,PA,-1.318818,-48.439298,N
13725,66825,belem,PA,-1.355195,-48.478345,N
13726,66830,belem,PA,-1.354898,-48.456143,N
13727,66831,belem,PA,-1.355807,-48.466028,N
13728,66833,belem,PA,-1.327163,-48.453638,N
13729,66840,belem,PA,-1.293032,-48.45859,N
13730,66843,belem,PA,-1.24975,-48.456199,N
13731,66845,belem,PA,-1.278199,-48.474808,N
13732,66910,belém,PA,-1.163001,-48.470966,N
13733,66911,belem,PA,-1.167731,-48.45984,N
13734,66912,belém,PA,-1.147701,-48.462499,N
13735,66913,belém,PA,-1.268773,-48.472436,N
13736,66914,belém,PA,-1.230955,-48.450132,N
13737,66916,belém,PA,-1.457859,-48.49193,N
13738,66918,belem,PA,-1.123039,-48.437795,N
13739,66920,belém,PA,-1.263225,-48.47028,N
13740,66923,belem,PA,-1.097028,-48.410072,N
13741,67010,ananindeua,PA,-1.388108,-48.409104,N
13742,67013,ananindeua,PA,-1.380069,-48.415569,N
13743,67015,ananindeua,PA,-1.364774,-48.395226,N
13744,67020,ananindeua,PA,-1.379323,-48.386956,N
13745,67030,ananindeua,PA,-1.365625,-48.384235,N
13746,67033,ananindeua,PA,-1.372987,-48.373427,N
13747,67035,ananindeua,PA,-1.340881,-48.374484,N
13748,67040,ananindeua,PA,-1.358956,-48.383102,N
13749,67100,ananindeua,PA,-1.381548,-48.424301,N
13750,67103,ananindeua,PA,-1.350902,-48.392734,N
13751,67105,ananindeua,PA,,,N
13752,67110,ananindeua,PA,-1.38997,-48.411404,N
13753,67113,ananindeua,PA,-1.372825,-48.418949,N
13754,67115,ananindeua,PA,-1.364,-48.414151,N
13755,67118,ananindeua,PA,-1.383956,-48.40086,N
13756,67120,ananindeua,PA,-1.351691,-48.418611,N
13757,67125,ananindeua,PA,-1.339016,-48.405741,N
13758,67130,ananindeua,PA,-1.365623,-48.404662,N
13759,67133,ananindeua,PA,-1.35919,-48.402328,N
13760,67140,ananindeua,PA,-1.348259,-48.401487,N
13761,67143,ananindeua,PA,-1.353799,-48.392451,N
13762,67145,ananindeua,PA,-1.351062,-48.384592,N
13763,67146,ananindeua,PA,-1.360727,-48.390929,N
13764,67200,marituba,PA,-1.366982,-48.337637,N
13765,68005,santarem,PA,-2.424863,-54.712287,N
13766,68010,santarem,PA,-2.433685,-54.705277,N
13767,68015,santarem,PA,-2.442105,-54.698963,N
13768,68020,santarem,PA,-2.446873,-54.707483,N
13769,68022,santarem,PA,-2.463736,-54.708104,N
13770,68025,santarem,PA,-2.464394,-54.71443,N
13771,68030,santarem,PA,-2.442208,-54.723443,N
13772,68035,santarém,PA,-2.445978,-54.737971,N
13773,68038,santarem,PA,-2.444336,-54.746731,N
13774,68040,santarém,PA,-2.42779,-54.729924,N
13775,68041,santarem,PA,-2.423954,-54.732853,N
13776,68045,santarem,PA,-2.45424,-54.700608,N
13777,68047,santarem,PA,-2.457484,-54.748582,N
13778,68050,santarem,PA,-2.465656,-54.71721,N
13779,68129,mojuí dos campos,PA,-2.683238,-54.638468,N
13780,68130,prainha,PA,-1.935072,-53.602536,N
13781,68138,placas,PA,-3.866943,-54.217563,N
13782,68140,uruara,PA,-3.720278,-53.739742,N
13783,68143,belterra,PA,-2.699038,-54.921827,N
13784,68145,medicilandia,PA,-3.450932,-52.890699,N
13785,68148,brasil novo,PA,-3.302929,-52.539433,N
13786,68165,ruropolis,PA,-4.104069,-54.923006,N
13787,68170,juruti,PA,-2.159039,-56.0852,N
13788,68180,itaituba,PA,-4.264414,-55.986346,N
13789,68181,itaituba,PA,-4.267716,-55.989836,N
13790,68182,itaituba,PA,-4.261503,-55.994238,N
13791,68184,itaituba,PA,-4.269944,-55.983302,N
13792,68193,novo progresso,PA,-7.093481,-55.403061,N
13793,68195,jacareacanga,PA,-6.222312,-57.759444,N
13794,68198,trairao,PA,-4.715588,-56.002877,N
13795,68200,alenquer,PA,-1.946095,-54.738224,N
13796,68210,curua,PA,-1.890064,-55.117006,N
13797,68220,monte alegre,PA,-1.996995,-54.070974,N
13798,68230,almeirim,PA,-1.527504,-52.57715,N
13799,68250,óbidos,PA,-1.90441,-55.515067,N
13800,68270,oriximina,PA,-1.763714,-55.863392,N
13801,68275,porto trombetas,PA,22.567952,-27.698087,N
13802,68280,faro,PA,-2.173455,-56.744427,N
13803,68285,terra santa,PA,-2.104774,-56.490398,N
13804,68300,gurupa,PA,-1.408107,-51.646188,N
13805,68330,porto de moz,PA,-1.753783,-52.236425,N
13806,68360,senador jose porfirio,PA,-2.615754,-51.936138,N
13807,68365,anapu,PA,-3.463681,-51.20705,N
13808,68371,altamira,PA,-3.208189,-52.213946,N
13809,68372,altamira,PA,-3.216921,-52.221922,N
13810,68373,altamira,PA,-3.213759,-52.226736,N
13811,68374,altamira,PA,-3.205891,-52.223939,N
13812,68375,altamira,PA,-3.195677,-52.217653,N
13813,68376,altamira,PA,-3.201371,-52.194927,N
13814,68377,altamira,PA,-3.194258,-52.206848,N
13815,68379,castelo dos sonhos,PA,9.049063,-25.170903,N
13816,68380,sao felix do xingu,PA,-6.693011,-51.980997,N
13817,68383,vitória do xingu,PA,-2.941669,-52.013696,N
13818,68385,tucuma,PA,-6.75317,-51.15679,N
13819,68388,bannach,PA,-7.644858,-50.357473,N
13820,68390,ourilandia do norte,PA,-6.783329,-51.081627,N
13821,68398,cumaru do norte,PA,-7.811284,-50.769206,N
13822,68400,cametá,PA,-2.250635,-49.497735,N
13823,68415,limoeiro do ajuru,PA,-1.89634,-49.382435,N
13824,68420,mocajuba,PA,-2.581605,-49.506408,N
13825,68430,igarape-miri,PA,-1.979899,-48.959711,N
13826,68435,maiauata,PA,-1.967669,-48.954403,N
13827,68440,abaetetuba,PA,-1.723024,-48.881065,N
13828,68445,barcarena,PA,-1.510228,-48.627406,N
13829,68447,barcarena,PA,7.271649,-40.315884,N
13830,68448,murucupi,PA,-1.565007,-48.761538,N
13831,68450,moju,PA,-1.889786,-48.766954,N
13832,68455,tucurui,PA,-3.820301,-49.678063,N
13833,68456,tucurui,PA,-3.766033,-49.674349,N
13834,68457,tucurui,PA,-3.758794,-49.674553,N
13835,68458,tucurui,PA,-3.764023,-49.668328,N
13836,68459,tucuruí,PA,-3.779341,-49.672604,N
13837,68460,tucurui,PA,-3.756015,-49.667358,N
13838,68464,hidreletrica tucurui,PA,-3.765916,-49.675877,N
13839,68465,baiao,PA,-2.792829,-49.669377,N
13840,68470,oeiras do para,PA,-2.005084,-49.8588,N
13841,68473,novo repartimento,PA,-4.258293,-49.975435,N
13842,68475,bagre,PA,-1.900003,-50.209688,N
13843,68480,portel,PA,-1.93639,-50.819035,N
13844,68485,pacaja,PA,-3.815265,-50.618767,N
13845,68488,breu branco,PA,-3.774969,-49.564171,N
13846,68490,melgaco,PA,-1.805807,-50.715175,N
13847,68500,marabá,PA,-5.349464,-49.134265,N
13848,68501,maraba,PA,-5.379029,-49.130689,N
13849,68502,marabá,PA,-5.368475,-49.128421,N
13850,68503,marabá,PA,-5.369681,-49.117481,N
13851,68504,maraba,PA,-5.345907,-49.080633,N
13852,68505,maraba,PA,-5.343238,-49.098827,N
13853,68506,maraba,PA,-5.346572,-49.072787,N
13854,68507,maraba,PA,-5.355712,-49.091776,N
13855,68508,maraba,PA,-5.34514,-49.115203,N
13856,68509,maraba,PA,-5.355627,-49.104503,N
13857,68510,maraba,PA,-5.363847,-49.10196,N
13858,68511,maraba,PA,,,N
13859,68512,maraba,PA,-5.348395,-49.099423,N
13860,68513,maraba,PA,-5.312033,-49.074195,N
13861,68514,maraba,PA,-5.367055,-49.124991,N
13862,68515,parauapebas,PA,-6.074387,-49.90637,N
13863,68516,carajas,PA,-12.521264,-48.403494,N
13864,68520,sao domingos do araguaia,PA,-5.545978,-48.724077,N
13865,68521,brejo grande do araguaia,PA,-5.717254,-48.415422,N
13866,68523,curionopolis,PA,-6.110952,-49.60658,N
13867,68524,eldorado dos carajas,PA,-6.107891,-49.360998,N
13868,68525,bom jesus do tocantins,PA,-5.046902,-48.599681,N
13869,68527,abel figueiredo,PA,-4.953901,-48.398123,N
13870,68530,rio maria,PA,-7.313044,-50.047236,N
13871,68533,agua azul do norte,PA,-6.804581,-50.48392,N
13872,68535,palestina do para,PA,-5.796205,-48.327941,N
13873,68537,canaa dos carajas,PA,-6.52521,-49.872795,N
13874,68540,conceição do araguaia,PA,-8.258829,-49.298064,N
13875,68543,floresta do araguaia,PA,-7.55954,-49.697682,N
13876,68545,pau d'arco,PA,-7.833845,-50.041476,N
13877,68548,sapucaia,PA,-6.944049,-49.699307,N
13878,68550,redencao,PA,-8.040803,-50.026642,N
13879,68551,redencao,PA,-8.041281,-50.035643,N
13880,68552,redencao,PA,-8.035249,-50.039581,N
13881,68553,redencao,PA,-8.027278,-50.027296,N
13882,68554,redencao,PA,-8.042245,-50.041485,N
13883,68555,xinguara,PA,-7.084786,-49.921636,N
13884,68556,xinguara,PA,-7.094312,-49.942886,N
13885,68557,xinguara,PA,-7.099043,-49.937395,N
13886,68560,santana do araguaia,PA,-9.335263,-50.349458,N
13887,68565,santa maria das barreiras,PA,-8.868053,-49.716316,N
13888,68570,sao geraldo do araguaia,PA,-6.388938,-48.581803,N
13889,68575,picarra,PA,-6.449662,-48.867988,N
13890,68580,itupiranga,PA,-5.135283,-49.356353,N
13891,68585,nova ipixuna,PA,-4.921471,-49.078807,N
13892,68590,jacunda,PA,-4.450476,-49.115596,N
13893,68600,braganca,PA,-1.059169,-46.768459,N
13894,68610,augusto corrêa,PA,-1.029011,-46.63186,N
13895,68617,cachoeira do piriá,PA,-1.800456,-46.519759,N
13896,68618,nova esperanca do piria,PA,-2.257226,-46.958858,N
13897,68620,viseu,PA,-1.202184,-46.138999,N
13898,68625,paragominas,PA,-2.996849,-47.357211,N
13899,68626,paragominas,PA,-2.997589,-47.358378,N
13900,68627,paragominas,PA,-3.004374,-47.371878,N
13901,68628,paragominas,PA,-2.983375,-47.349851,N
13902,68629,paragominas,PA,,,N
13903,68630,paragominas,PA,-2.996167,-47.342668,N
13904,68632,ulianopolis,PA,-3.749901,-47.499746,N
13905,68633,dom eliseu,PA,-4.289138,-47.568081,N
13906,68635,são domingos do capim,PA,-1.68975,-47.762216,N
13907,68637,ipixuna do para,PA,-2.689476,-47.635108,N
13908,68638,rondon do para,PA,-4.772531,-48.072663,N
13909,68639,goianesia do para,PA,-3.858681,-49.076711,N
13910,68640,ourém,PA,-1.548476,-47.114415,N
13911,68644,santa luzia do para,PA,-1.551168,-46.908246,N
13912,68645,bonito,PA,-1.363816,-47.30778,N
13913,68647,tracuateua,PA,-1.07778,-46.903005,N
13914,68650,capitao poco,PA,-1.753966,-47.06706,N
13915,68655,irituia,PA,-1.773876,-47.442142,N
13916,68658,aurora do para,PA,-2.135055,-47.55796,N
13917,68660,sao miguel do guama,PA,-1.612113,-47.484672,N
13918,68665,garrafao do norte,PA,-1.93438,-47.050272,N
13919,68670,bujaru,PA,-1.514824,-48.04169,N
13920,68675,mae do rio,PA,-2.046024,-47.556156,N
13921,68680,tome-acu,PA,-2.402479,-48.145346,N
13922,68682,quatro bocas,PA,-2.584963,-49.125185,N
13923,68685,concordia do para,PA,-1.996006,-47.944717,N
13924,68690,acará,PA,-1.959971,-48.197917,N
13925,68695,tailandia,PA,-2.940026,-48.945193,N
13926,68700,capanema,PA,-1.191626,-47.177708,N
13927,68701,capanema,PA,-1.201536,-47.17497,N
13928,68702,capanema,PA,-1.19782,-47.185268,N
13929,68703,capanema,PA,-1.188804,-47.186025,N
13930,68707,primavera,PA,-0.940192,-47.118043,N
13931,68709,quatipuru,PA,-0.878586,-47.019024,N
13932,68710,maracana,PA,-0.774007,-47.45103,N
13933,68719,sao joao de pirabas,PA,-0.778926,-47.183534,N
13934,68720,santarem novo,PA,-0.930662,-47.392803,N
13935,68721,salinopolis,PA,-0.628022,-47.346074,N
13936,68722,magalhaes barata,PA,-0.800464,-47.600937,N
13937,68725,igarape-acu,PA,-1.127958,-47.619739,N
13938,68730,nova timboteua,PA,-1.182793,-47.388936,N
13939,68734,peixe-boi,PA,-1.153121,-47.303224,N
13940,68738,santa maria do para,PA,-1.348617,-47.572776,N
13941,68740,castanhal,PA,-1.299141,-47.932071,N
13942,68741,castanhal,PA,-1.301477,-47.936455,N
13943,68742,castanhal,PA,-1.289451,-47.93784,N
13944,68743,castanhal,PA,-1.284981,-47.927089,N
13945,68744,castanhal,PA,-1.280477,-47.915908,N
13946,68745,castanhal,PA,-1.295788,-47.913756,N
13947,68746,castanhal,PA,-1.29866,-47.898253,N
13948,68747,apeu,PA,-1.295253,-47.978118,N
13949,68748,sao francisco do para,PA,-1.168411,-47.794568,N
13950,68750,curuca,PA,-0.733825,-47.853524,N
13951,68760,marapanim,PA,-0.748171,-47.689251,N
13952,68773,terra alta,PA,-1.038966,-47.910633,N
13953,68780,vigia,PA,-0.862741,-48.135873,N
13954,68785,colares,PA,-0.930104,-48.277925,N
13955,68786,santo antonio do taua,PA,-1.145151,-48.127609,N
13956,68790,santa isabel do para,PA,-1.301138,-48.156599,N
13957,68792,americano,PA,-1.305296,-48.046983,N
13958,68795,benevides,PA,-1.350459,-48.255533,N
13959,68797,benfica,PA,-20.905149,-51.369696,N
13960,68798,santa barbara do para,PA,-1.231836,-48.289346,N
13961,68800,breves,PA,-1.682764,-50.47972,N
13962,68810,anajas,PA,-0.999352,-49.92611,N
13963,68815,curralinho,PA,-1.813814,-49.796497,N
13964,68820,são sebastião da boa vista,PA,-1.681315,-49.550469,N
13965,68825,muaná,PA,-1.534285,-49.227174,N
13966,68830,ponta de pedras,PA,-1.395219,-48.868241,N
13967,68840,cachoeira do arari,PA,-1.013228,-48.961975,N
13968,68850,santa cruz do arari,PA,-0.664628,-49.173785,N
13969,68860,salvaterra,PA,-0.791355,-48.542672,N
13970,68870,soure,PA,-0.728123,-48.514957,N
13971,68890,afuá,PA,-0.158054,-50.390683,N
13972,68900,macapa,AP,0.035666,-51.063103,N
13973,68901,macapá,AP,0.033395,-51.067884,N
13974,68902,macapa,AP,0.017415,-51.070164,N
13975,68903,macapa,AP,-0.000724,-51.084184,N
13976,68904,macapá,AP,0.016429,-51.082907,N
13977,68905,macapa,AP,0.048362,-51.05369,N
13978,68906,macapa,AP,0.036307,-51.095214,N
13979,68907,macapá,AP,0.076197,-51.047076,N
13980,68908,macapa,AP,0.055709,-51.06155,N
13981,68909,macapa,AP,0.082159,-51.058756,N
13982,68911,macapá,AP,-0.034001,-51.105343,N
13983,68915,ferreira gomes,AP,0.856806,-51.178438,N
13984,68920,laranjal do jari,AP,-0.467907,-52.615314,N
13985,68924,vitória do jari,AP,-0.91009,-52.421071,N
13986,68925,santana,AP,-0.044103,-51.172784,N
13987,68926,santana,AP,-0.055137,-51.159109,N
13988,68927,santana,AP,-0.044592,-51.163463,N
13989,68928,santana,AP,-0.025469,-51.174201,N
13990,68940,mazagao,AP,-0.106959,-51.286353,N
13991,68945,pedra branca do amapari,AP,0.777539,-51.953204,N
13992,68948,serra do navio,AP,0.896353,-52.000683,N
13993,68950,amapa,AP,2.05379,-50.792152,N
13994,68960,calcoene,AP,2.496282,-50.952124,N
13995,68980,oiapoque,AP,3.842508,-51.833958,N
13996,68985,clevelandia do norte,AP,-16.331144,-52.189767,N
13997,68997,porto grande,AP,0.707681,-51.409521,N
13998,69005,manaus,AM,-3.131672,-60.019225,N
13999,69006,manaus,AM,-3.053082,-59.932145,N
14000,69007,manaus,AM,-3.092036,-59.921575,N
14001,69008,manaus,AM,-3.090604,-59.894009,N
14002,69009,manaus,AM,-3.060451,-59.845674,N
14003,69010,manaus,AM,-3.127744,-60.024833,N
14004,69015,manaus,AM,-3.03752,-59.999309,N
14005,69017,manaus,AM,-2.998336,-59.988985,N
14006,69018,manaus,AM,-2.972925,-60.004895,N
14007,69020,manaus,AM,-3.125439,-60.016492,N
14008,69021,manaus,AM,-3.003455,-60.036605,N
14009,69022,manaus,AM,-2.995443,-60.084021,N
14010,69023,manaus,AM,-2.979196,-60.022304,N
14011,69025,manaus,AM,-3.120036,-60.025,N
14012,69027,manaus,AM,-3.118843,-60.033252,N
14013,69028,manaus,AM,-3.049705,-60.006473,N
14014,69029,manaus,AM,-3.112484,-60.036335,N
14015,69030,manaus,AM,-3.099482,-60.033509,N
14016,69033,manaus,AM,-3.106257,-60.034311,N
14017,69035,manaus,AM,-3.106169,-60.061105,N
14018,69036,manaus,AM,-3.094213,-60.05881,N
14019,69037,manaus,AM,-3.072286,-60.081665,N
14020,69038,manaus,AM,-3.077463,-60.056903,N
14021,69039,manaus,AM,-3.02755,-60.011837,N
14022,69040,manaus,AM,-3.088615,-60.037443,N
14023,69041,manaus,AM,-3.011807,-60.040932,N
14024,69042,manaus,AM,-3.078685,-60.050464,N
14025,69043,manaus,AM,-3.074262,-60.028003,N
14026,69044,manaus,AM,-3.065017,-60.058982,N
14027,69045,manaus,AM,-3.065284,-60.051943,N
14028,69046,manaus,AM,-3.063064,-60.044739,N
14029,69047,manaus,AM,-3.059881,-60.042314,N
14030,69048,manaus,AM,-3.063766,-60.025179,N
14031,69049,manaus,AM,-3.053227,-60.031535,N
14032,69050,manaus,AM,-3.096086,-60.020553,N
14033,69053,manaus,AM,-3.107759,-60.023895,N
14034,69054,manaus,AM,-3.07335,-60.001953,N
14035,69055,manaus,AM,-3.083741,-60.011319,N
14036,69057,manaus,AM,-3.101026,-60.008135,N
14037,69058,manaus,AM,-3.059253,-60.005999,N
14038,69059,manaus,AM,-2.985218,-60.011732,N
14039,69060,manaus,AM,-3.092578,-59.999978,N
14040,69063,manaus,AM,-3.115485,-59.996893,N
14041,69065,manaus,AM,-3.125169,-60.005476,N
14042,69067,manaus,AM,-3.103533,-59.988796,N
14043,69068,manaus,AM,-3.125356,-59.99664,N
14044,69070,manaus,AM,-3.143827,-60.00815,N
14045,69072,manaus,AM,-3.154617,-59.982887,N
14046,69073,manaus,AM,-3.127534,-59.989448,N
14047,69074,manaus,AM,-3.135251,-60.005461,N
14048,69075,manaus,AM,-3.114482,-59.964945,N
14049,69076,manaus,AM,-3.114899,-59.978318,N
14050,69077,manaus,AM,-3.110366,-59.973744,N
14051,69078,manaus,AM,-3.111194,-59.987124,N
14052,69079,manaus,AM,-3.107806,-60.00415,N
14053,69080,manaus,AM,-3.096562,-59.985744,N
14054,69082,manaus,AM,-3.0862,-59.971684,N
14055,69083,manaus,AM,-3.078585,-59.979865,N
14056,69084,manaus,AM,-3.076893,-59.947197,N
14057,69085,manaus,AM,-3.069822,-59.956428,N
14058,69086,manaus,AM,-3.068491,-59.945223,N
14059,69087,manaus,AM,-3.060929,-59.950968,N
14060,69088,manaus,AM,-3.038687,-59.933885,N
14061,69089,manaus,AM,-3.09196,-59.95543,N
14062,69090,manaus,AM,-3.030742,-59.991964,N
14063,69092,manaus,AM,-3.000916,-59.989809,N
14064,69093,manaus,AM,-3.019055,-60.009305,N
14065,69094,manaus,AM,-3.041051,-59.97702,N
14066,69095,manaus,AM,-3.028252,-59.976255,N
14067,69096,manaus,AM,-3.037518,-59.968363,N
14068,69097,manaus,AM,-3.017869,-59.968011,N
14069,69098,manaus,AM,-3.053257,-59.966322,N
14070,69099,manaus,AM,-3.030127,-59.951613,N
14071,69100,itacoatiara,AM,-3.142479,-58.444142,N
14072,69101,itacoatiara,AM,-3.131583,-58.438196,N
14073,69103,itacoatiara,AM,-3.131789,-58.431687,N
14074,69104,itacoatiara,AM,-3.140058,-58.438958,N
14075,69114,silves,AM,-2.836873,-58.212906,N
14076,69117,rio preto da eva,AM,-2.696622,-59.70047,N
14077,69120,itapiranga,AM,-2.745442,-58.030895,N
14078,69130,urucará,AM,-2.53266,-57.757485,N
14079,69135,sao sebastiao do uatuma,AM,-2.567293,-57.873615,N
14080,69140,nhamunda,AM,-2.192188,-56.714206,N
14081,69151,parintins,AM,-2.629035,-56.738356,N
14082,69152,parintins,AM,-2.640277,-56.748212,N
14083,69153,parintins,AM,-2.633194,-56.73098,N
14084,69170,freguesia do andira,AM,-2.864207,-56.998028,N
14085,69180,urucurituba,AM,-3.055412,-58.076888,N
14086,69190,maues,AM,-3.393414,-57.714382,N
14087,69195,boa vista do ramos,AM,-2.968904,-57.585344,N
14088,69200,borba,AM,-4.39127,-59.593648,N
14089,69230,nova olinda do norte,AM,-3.890888,-59.093169,N
14090,69240,autazes,AM,-3.581536,-59.12927,N
14091,69250,careiro,AM,-3.81921,-60.361053,N
14092,69255,careiro da varzea,AM,-3.195967,-59.828353,N
14093,69260,novo aripuanã,AM,-5.123737,-60.372974,N
14094,69265,apui,AM,-7.197026,-59.888627,N
14095,69280,manicore,AM,-5.809237,-61.295776,N
14096,69301,boa vista,RR,2.822775,-60.670698,N
14097,69303,boa vista,RR,2.811251,-60.678297,N
14098,69304,boa vista,RR,2.824631,-60.687982,N
14099,69305,boa vista,RR,2.835272,-60.673422,N
14100,69306,boa vista,RR,2.832975,-60.665785,N
14101,69307,boa vista,RR,2.855558,-60.660713,N
14102,69308,boa vista,RR,2.796401,-60.685355,N
14103,69309,boa vista,RR,2.813746,-60.701007,N
14104,69310,boa vista,RR,2.838025,-60.704451,N
14105,69311,boa vista,RR,2.846929,-60.712952,N
14106,69312,boa vista,RR,2.812956,-60.713471,N
14107,69313,boa vista,RR,2.829995,-60.72275,N
14108,69314,boa vista,RR,2.823096,-60.735425,N
14109,69315,boa vista,RR,2.823856,-60.678432,N
14110,69316,boa vista,RR,2.779962,-60.7347,N
14111,69317,boa vista,RR,2.822592,-60.754147,N
14112,69318,boa vista,RR,2.760685,-60.740591,N
14113,69340,mucajai,RR,2.443151,-60.939683,N
14114,69345,pacaraima,RR,4.478955,-61.145968,N
14115,69348,iracema,RR,2.168834,-61.052855,N
14116,69350,alto alegre,RR,2.993401,-61.38615,N
14117,69355,normandia,RR,3.882838,-59.625763,N
14118,69360,caracarai,RR,1.810341,-61.133659,N
14119,69370,sao luiz,RR,1.01524,-60.03833,N
14120,69373,rorainopolis,RR,0.937588,-60.429564,N
14121,69375,sao joao da baliza,RR,0.951335,-59.912553,N
14122,69378,caroebe,RR,0.862679,-59.64093,N
14123,69380,bonfim,RR,3.362115,-59.833222,N
14124,69400,manacapuru,AM,-3.292533,-60.622774,N
14125,69401,manacapuru,AM,-3.282945,-60.639551,N
14126,69405,iranduba,AM,-3.272974,-60.196802,N
14127,69410,caapiranga,AM,-3.328865,-61.210016,N
14128,69415,iranduba,AM,-3.274628,-60.187226,N
14129,69425,caapiranga,AM,-3.328865,-61.210016,N
14130,69435,manaquiri,AM,-3.427935,-60.458954,N
14131,69440,anori,AM,-3.745415,-61.658786,N
14132,69445,anama,AM,-3.579163,-61.404779,N
14133,69450,codajás,AM,-3.839305,-62.067085,N
14134,69460,coari,AM,-4.093743,-63.141173,N
14135,69470,tefe,AM,-3.350851,-64.714537,N
14136,69480,tapauá,AM,-5.625403,-63.187047,N
14137,69490,maraa,AM,-1.8582,-65.591059,N
14138,69495,japura,AM,-1.880549,-66.998967,N
14139,69500,carauari,AM,-4.874305,-66.895107,N
14140,69510,itamarati,AM,-6.438327,-68.245503,N
14141,69520,jurua,AM,-3.471951,-66.059407,N
14142,69540,alvaraes,AM,-3.211019,-64.80427,N
14143,69550,tefe,AM,-3.347865,-64.704407,N
14144,69552,tefe,AM,-3.350394,-64.717271,N
14145,69553,tefe,AM,-3.355836,-64.72592,N
14146,69555,carauari,AM,-3.374207,-64.711848,N
14147,69557,tefe,AM,-3.35061,-64.711072,N
14148,69600,são paulo de olivença,AM,-3.466222,-68.952924,N
14149,69620,amatura,AM,-3.364425,-68.197835,N
14150,69630,benjamin constant,AM,-4.416762,-70.031705,N
14151,69640,tabatinga,AM,-4.235398,-69.932945,N
14152,69650,atalaia do norte,AM,-4.365365,-70.192567,N
14153,69660,jutai,AM,-2.749441,-66.770565,N
14154,69670,fonte boa,AM,-2.5199,-66.092046,N
14155,69685,tonantins,AM,-2.858382,-67.772721,N
14156,69700,barcelos,AM,-0.970815,-62.927657,N
14157,69730,novo airao,AM,-2.627642,-60.947793,N
14158,69735,presidente figueiredo,AM,-2.027317,-60.019996,N
14159,69750,sao gabriel da cachoeira,AM,0.160948,-66.876656,N
14160,69790,iauarete,AM,-3.082304,-60.067404,N
14161,69800,humaita,AM,-7.515036,-63.020309,N
14162,69820,canutama,AM,-6.530684,-64.387391,N
14163,69830,lábrea,AM,-7.260528,-64.791462,N
14164,69850,boca do acre,AM,-8.776119,-67.386094,N
14165,69860,pauini,AM,-7.709367,-66.997837,N
14166,69870,envira,AM,-7.43625,-70.027754,N
14167,69880,eirunepé,AM,-6.663393,-69.867009,N
14168,69890,ipixuna,AM,-7.048135,-71.691736,N
14169,69895,guajara,AM,-7.54624,-72.583184,N
14170,69900,rio branco,AC,-9.967843,-67.813284,N
14171,69901,rio branco,AC,-9.959352,-67.805481,N
14172,69902,rio branco,AC,-9.944534,-67.816887,N
14173,69903,rio branco,AC,-9.945319,-67.82316,N
14174,69904,rio branco,AC,-9.981986,-67.828745,N
14175,69905,rio branco,AC,-9.976919,-67.808109,N
14176,69906,rio branco,AC,-9.993372,-67.816433,N
14177,69907,rio branco,AC,-10.001462,-67.796506,N
14178,69908,rio branco,AC,-9.979282,-67.880204,N
14179,69909,rio branco,AC,-10.021021,-67.80168,N
14180,69910,rio branco,AC,-9.957906,-67.818083,N
14181,69911,rio branco,AC,-9.979872,-67.826349,N
14182,69912,rio branco,AC,-9.989061,-67.84409,N
14183,69914,rio branco,AC,-9.976838,-67.868666,N
14184,69915,rio branco,AC,-9.977964,-67.834306,N
14185,69917,rio branco,AC,-9.949074,-67.876759,N
14186,69918,rio branco,AC,-9.956479,-67.8285,N
14187,69919,rio branco,AC,-9.955303,-67.848538,N
14188,69920,rio branco,AC,-9.956576,-67.81885,N
14189,69921,rio branco,AC,-9.939931,-67.827183,N
14190,69922,rio branco,AC,-9.928917,-67.840127,N
14191,69925,senador guiomard,AC,-10.153304,-67.734258,N
14192,69926,bujari,AC,-9.798651,-68.004247,N
14193,69927,porto acre,AC,-9.59514,-67.542961,N
14194,69928,placido de castro,AC,-10.328657,-67.183065,N
14195,69929,campinas,AC,-22.861615,-47.064303,N
14196,69930,xapuri,AC,-10.652226,-68.502935,N
14197,69931,capixaba,AC,-10.57123,-67.674421,N
14198,69932,brasileia,AC,-11.005941,-68.749175,N
14199,69934,epitaciolândia,AC,-11.020953,-68.729392,N
14200,69935,assis brasil,AC,-10.935106,-69.557831,N
14201,69940,sena madureira,AC,-9.06641,-68.659951,N
14202,69945,acrelandia,AC,-10.059374,-67.037486,N
14203,69950,manoel urbano,AC,-8.838578,-69.261385,N
14204,69955,santa rosa do purus,AC,-9.45133,-70.477411,N
14205,69960,feijó,AC,-8.169583,-70.357297,N
14206,69970,tarauaca,AC,-8.162819,-70.768442,N
14207,69975,jordão,AC,-9.191311,-71.950423,N
14208,69980,cruzeiro do sul,AC,-7.6262,-72.668881,N
14209,69982,porto walter,AC,-8.596674,-71.442823,N
14210,69983,marechal thaumaturgo,AC,-8.95455,-72.783659,N
14211,69985,rodrigues alves,AC,-7.736559,-72.651635,N
14212,69990,mancio lima,AC,-7.605106,-72.916069,N
14213,70002,brasilia,DF,-15.790439,-47.880655,N
14214,70037,brasilia,DF,-15.845994,-47.920766,N
14215,70040,brasilia,DF,-15.79177,-47.87907,N
14216,70041,brasilia,DF,-15.788286,-47.878388,N
14217,70043,brasilia,DF,-15.798929,-47.870924,N
14218,70044,brasilia,DF,-15.797782,-47.874682,N
14219,70047,brasilia,DF,-15.797782,-47.874682,N
14220,70048,brasilia,DF,-15.797782,-47.874682,N
14221,70053,brasília,DF,-15.797782,-47.874682,N
14222,70054,brasilia,DF,-15.7982,-47.873371,N
14223,70055,brasilia,DF,-15.797782,-47.874682,N
14224,70056,brasilia,DF,-15.799446,-47.869285,N
14225,70057,brasilia,DF,-15.790439,-47.880655,N
14226,70059,brasilia,DF,-15.799446,-47.869285,N
14227,70064,brasilia,DF,-15.797782,-47.874682,N
14228,70065,brasilia,DF,-15.797782,-47.874682,N
14229,70067,brasilia,DF,-15.799189,-47.870102,N
14230,70068,brasilia,DF,-15.798429,-47.872575,N
14231,70070,brasília,DF,-15.784914,-47.893015,N
14232,70072,brasília,DF,-15.801169,-47.882541,N
14233,70074,brasilia,DF,-15.801638,-47.882476,N
14234,70077,brasilia,DF,-15.790767,-47.884439,N
14235,70078,brasilia,DF,-15.801638,-47.882476,N
14236,70150,brasilia,DF,-15.800488,-47.861001,N
14237,70160,brasilia,DF,-15.800375,-47.860523,N
14238,70175,brasilia,DF,-15.800386,-47.860527,N
14239,70200,brasilia,DF,-15.815631,-47.855211,N
14240,70210,brasilia,DF,-15.848599,-47.921188,N
14241,70232,brasilia,DF,-15.805785,-47.886095,N
14242,70233,brasilia,DF,-15.808538,-47.88911,N
14243,70234,brasília,DF,-15.810877,-47.891055,N
14244,70235,brasilia,DF,-15.813195,-47.893305,N
14245,70236,brasilia,DF,-15.807457,-47.88441,N
14246,70237,brasilia,DF,-15.810245,-47.886628,N
14247,70238,brasilia,DF,-15.812917,-47.889004,N
14248,70239,brasilia,DF,-15.815554,-47.89131,N
14249,70252,brasilia,DF,-15.815715,-47.895745,N
14250,70253,brasilia,DF,-15.817679,-47.898426,N
14251,70254,brasilia,DF,-15.819885,-47.901313,N
14252,70255,brasilia,DF,-15.817653,-47.893606,N
14253,70256,brasília,DF,-15.820387,-47.896928,N
14254,70257,brasilia,DF,-15.822194,-47.899578,N
14255,70258,brasilia,DF,-15.821871,-47.90111,N
14256,70272,brasilia,DF,-15.821719,-47.904012,N
14257,70273,brasilia,DF,-15.823885,-47.906591,N
14258,70274,brasilia,DF,-15.825806,-47.909323,N
14259,70275,brasilia,DF,-15.827828,-47.91225,N
14260,70276,brasilia,DF,-15.82591,-47.904667,N
14261,70277,brasilia,DF,-15.827988,-47.907447,N
14262,70278,brasilia,DF,-15.829928,-47.910213,N
14263,70292,brasilia,DF,-15.829891,-47.914775,N
14264,70293,brasilia,DF,-15.831395,-47.917221,N
14265,70294,brasilia,DF,-15.833309,-47.920001,N
14266,70295,brasilia,DF,-15.835438,-47.922833,N
14267,70296,brasilia,DF,-15.83201,-47.912972,N
14268,70297,brasilia,DF,-15.831099,-47.914455,N
14269,70298,brasilia,DF,-15.836118,-47.918684,N
14270,70299,brasilia,DF,-15.83783,-47.921006,N
14271,70316,brasilia,DF,,,N
14272,70324,brasilia,DF,,,N
14273,70330,brasilia,DF,-15.80307,-47.890419,N
14274,70331,brasilia,DF,-15.803145,-47.896957,N
14275,70333,brasilia,DF,,,N
14276,70335,brasilia,DF,-15.800597,-47.889454,N
14277,70336,brasilia,DF,-15.803758,-47.894079,N
14278,70337,brasilia,DF,-15.806441,-47.896243,N
14279,70338,brasilia,DF,-15.801751,-47.891961,N
14280,70340,brasilia,DF,-15.797741,-47.893713,N
14281,70342,brasilia,DF,-15.805877,-47.891782,N
14282,70343,brasilia,DF,-15.808557,-47.893981,N
14283,70344,brasilia,DF,-15.810822,-47.89636,N
14284,70345,brasilia,DF,-15.81295,-47.898492,N
14285,70346,brasília,DF,-15.81469,-47.900954,N
14286,70347,brasilia,DF,-15.816539,-47.90398,N
14287,70350,brasilia,DF,-15.807573,-47.901829,N
14288,70351,brasília,DF,-15.810963,-47.905699,N
14289,70352,brasilia,DF,-15.808449,-47.89826,N
14290,70353,brasilia,DF,-15.810654,-47.900343,N
14291,70354,brasilia,DF,-15.812571,-47.902977,N
14292,70355,brasilia,DF,-15.814285,-47.905558,N
14293,70360,brasilia,DF,-15.814701,-47.910341,N
14294,70361,brasilia,DF,-15.819354,-47.916623,N
14295,70362,brasilia,DF,-15.816388,-47.908156,N
14296,70363,brasilia,DF,-15.818504,-47.911093,N
14297,70364,brasilia,DF,-15.820458,-47.913185,N
14298,70365,brasilia,DF,-15.822256,-47.916381,N
14299,70372,brasília,DF,-15.818426,-47.906625,N
14300,70373,brasília,DF,-15.820387,-47.909319,N
14301,70374,brasilia,DF,-15.822588,-47.911848,N
14302,70375,brasilia,DF,-15.824598,-47.914452,N
14303,70376,brasilia,DF,-15.826462,-47.917088,N
14304,70377,brasília,DF,-15.828295,-47.920164,N
14305,70380,brasilia,DF,-15.822378,-47.92161,N
14306,70381,brasilia,DF,-15.826651,-47.926959,N
14307,70382,brasilia,DF,-15.824249,-47.919168,N
14308,70383,brasilia,DF,-15.826243,-47.921645,N
14309,70384,brasilia,DF,-15.827494,-47.924433,N
14310,70385,brasilia,DF,-15.830308,-47.922899,N
14311,70386,brasilia,DF,-15.832215,-47.925233,N
14312,70387,brasilia,DF,-15.829742,-47.927314,N
14313,70390,brasilia,DF,-15.815334,-47.916666,N
14314,70391,brasilia,DF,-15.796373,-47.848955,N
14315,70393,brasilia,DF,-11.003214,-68.744723,N
14316,70402,brasilia,DF,-15.802478,-47.874711,N
14317,70406,brasília,DF,-15.807899,-47.874064,N
14318,70415,brasilia,DF,-15.823971,-47.887206,N
14319,70422,brasilia,DF,-15.824902,-47.892586,N
14320,70602,brasilia,DF,-15.748033,-47.92425,N
14321,70610,brasilia,DF,-15.791945,-47.91225,N
14322,70620,brasília,DF,-15.77603,-47.909373,N
14323,70630,brasilia,DF,-15.771691,-47.923092,N
14324,70631,brasilia,DF,-15.769281,-47.959345,N
14325,70632,brasilia,DF,-15.762944,-47.935482,N
14326,70634,brasilia,DF,-15.747189,-47.925361,N
14327,70636,brasilia,DF,-15.717314,-47.906416,N
14328,70640,brasilia,DF,-15.785749,-47.936385,N
14329,70645,brasilia,DF,-15.781852,-47.934055,N
14330,70648,brasilia,DF,-15.788493,-47.936097,N
14331,70650,brasília,DF,-15.798037,-47.942735,N
14332,70655,brasilia,DF,-15.797092,-47.936997,N
14333,70658,brasilia,DF,-15.794687,-47.935467,N
14334,70660,brasilia,DF,-15.806496,-47.942175,N
14335,70666,brasilia,DF,-15.748866,-47.893932,N
14336,70670,brasília,DF,-15.80192,-47.923663,N
14337,70673,brasilia,DF,-15.800124,-47.92841,N
14338,70675,brasilia,DF,-15.790726,-47.930093,N
14339,70680,brasília,DF,-15.784432,-47.917046,N
14340,70686,brasilia,DF,,,N
14341,70687,brasilia,DF,-15.815976,-47.907328,N
14342,70701,brasilia,DF,,,N
14343,70702,brasilia,DF,,,N
14344,70710,brasilia,DF,-15.754118,-47.891831,N
14345,70711,brasilia,DF,-15.788581,-47.882425,N
14346,70712,brasilia,DF,-15.786936,-47.883765,N
14347,70716,brasilia,DF,,,N
14348,70719,brasília,DF,-15.786284,-47.889118,N
14349,70720,brasilia,DF,-15.780985,-47.889283,N
14350,70722,brasília,DF,-15.782329,-47.882921,N
14351,70723,brasília,DF,-15.781554,-47.885515,N
14352,70730,brasilia,DF,-15.776597,-47.889147,N
14353,70732,brasilia,DF,-15.778555,-47.882784,N
14354,70733,brasilia,DF,-15.775865,-47.883117,N
14355,70734,brasilia,DF,-15.772568,-47.8835,N
14356,70735,brasília,DF,-15.780191,-47.886894,N
14357,70736,brasilia,DF,-15.775965,-47.886268,N
14358,70737,brasilia,DF,-15.772889,-47.886288,N
14359,70740,brasilia,DF,-15.767956,-47.891012,N
14360,70741,brasilia,DF,-15.763977,-47.89268,N
14361,70742,brasilia,DF,-15.769691,-47.883989,N
14362,70743,brasilia,DF,-15.766207,-47.884728,N
14363,70744,brasilia,DF,-15.763581,-47.885824,N
14364,70745,brasilia,DF,-15.77018,-47.887016,N
14365,70746,brasilia,DF,-15.767569,-47.887577,N
14366,70747,brasilia,DF,-15.763901,-47.888789,N
14367,70750,brasília,DF,-15.759942,-47.894499,N
14368,70752,brasilia,DF,-15.760244,-47.886655,N
14369,70753,brasilia,DF,-15.756922,-47.887273,N
14370,70754,brasilia,DF,-15.754188,-47.888936,N
14371,70755,brasilia,DF,-15.761076,-47.889596,N
14372,70756,brasilia,DF,-15.7575,-47.890054,N
14373,70757,brasilia,DF,-15.755014,-47.891477,N
14374,70760,brasilia,DF,-15.750462,-47.896493,N
14375,70761,brasilia,DF,-15.745466,-47.89912,N
14376,70762,brasilia,DF,-15.751235,-47.889673,N
14377,70763,brasilia,DF,-15.747831,-47.890561,N
14378,70764,brasilia,DF,-15.745606,-47.892041,N
14379,70765,brasilia,DF,-15.751753,-47.89296,N
14380,70766,brasilia,DF,-15.748789,-47.89359,N
14381,70767,brasilia,DF,-15.745499,-47.894866,N
14382,70770,brasilia,DF,-15.739483,-47.899416,N
14383,70772,brasilia,DF,-15.741595,-47.892781,N
14384,70773,brasilia,DF,-15.738457,-47.894133,N
14385,70774,brasilia,DF,-15.742646,-47.895573,N
14386,70775,brasilia,DF,-15.739488,-47.896791,N
14387,70785,brasilia,DF,-15.736693,-47.89046,N
14388,70790,brasilia,DF,-15.754821,-47.89825,N
14389,70800,brasilia,DF,-15.777904,-47.851736,N
14390,70801,brasilia,DF,-15.793241,-47.850357,N
14391,70802,brasilia,DF,-15.793848,-47.852311,N
14392,70803,brasilia,DF,-15.791246,-47.851083,N
14393,70804,brasilia,DF,-15.794146,-47.848354,N
14394,70830,brasília,DF,-15.777625,-47.874008,N
14395,70832,brasilia,DF,-15.781778,-47.878469,N
14396,70833,brasilia,DF,-15.778821,-47.878401,N
14397,70834,brasilia,DF,-15.782076,-47.875271,N
14398,70835,brasilia,DF,-15.778163,-47.875695,N
14399,70842,brasilia,DF,-15.776026,-47.878939,N
14400,70843,brasilia,DF,-15.771866,-47.879769,N
14401,70844,brasilia,DF,-15.768619,-47.880049,N
14402,70845,brasilia,DF,-15.774497,-47.87603,N
14403,70846,brasília,DF,-15.771566,-47.876032,N
14404,70847,brasilia,DF,-15.767633,-47.877517,N
14405,70852,brasília,DF,-15.763761,-47.881313,N
14406,70853,brasilia,DF,-15.762306,-47.881682,N
14407,70854,brasilia,DF,-15.759189,-47.882997,N
14408,70855,brasília,DF,-15.764658,-47.878428,N
14409,70856,brasilia,DF,-15.761387,-47.878923,N
14410,70857,brasilia,DF,-15.758677,-47.879975,N
14411,70862,brasília,DF,-15.75589,-47.883743,N
14412,70863,brasilia,DF,-15.752913,-47.884885,N
14413,70864,brasilia,DF,-15.750113,-47.885753,N
14414,70865,brasilia,DF,-15.754762,-47.881233,N
14415,70866,brasilia,DF,-15.751877,-47.882128,N
14416,70867,brasilia,DF,-15.748239,-47.882895,N
14417,70872,brasilia,DF,-15.746321,-47.887489,N
14418,70873,brasilia,DF,-15.743387,-47.887975,N
14419,70874,brasília,DF,-15.740512,-47.888811,N
14420,70875,brasilia,DF,-15.737441,-47.889864,N
14421,70876,brasilia,DF,-15.747799,-47.884767,N
14422,70878,brasilia,DF,-15.739511,-47.88641,N
14423,70879,brasília,DF,-15.737373,-47.886985,N
14424,70908,brasilia,DF,-15.765285,-47.856663,N
14425,70910,brasilia,DF,-11.014056,-68.746653,N
14426,71009,brasilia,DF,-15.787327,-47.885828,N
14427,71010,brasilia,DF,-15.815648,-47.986908,N
14428,71015,brasilia,DF,-15.823198,-47.987108,N
14429,71020,brasilia,DF,-15.817341,-47.973845,N
14430,71050,brasilia,DF,-15.832843,-47.976061,N
14431,71060,brasilia,DF,-15.834369,-47.982749,N
14432,71065,brasilia,DF,-15.84261,-47.975783,N
14433,71070,brasilia,DF,-15.832787,-47.946367,N
14434,71090,guara,DF,-15.815613,-47.995721,N
14435,71100,brasilia,DF,-15.808729,-47.989449,N
14436,71200,brasilia,DF,-15.79971,-47.951363,N
14437,71205,brasilia,DF,-15.795586,-47.949004,N
14438,71208,brasilia,DF,,,N
14439,71215,brasília,DF,-15.813933,-47.947025,N
14440,71218,brasilia,DF,-14.616069,-53.158591,N
14441,71225,brasilia,DF,-15.800797,-47.976775,N
14442,71250,brasilia,DF,-15.778685,-48.000023,N
14443,71261,brasilia,DF,,,N
14444,71503,brasília,DF,-15.714994,-47.885778,N
14445,71505,brasília,DF,-15.726398,-47.867599,N
14446,71510,brasília,DF,-15.727568,-47.881111,N
14447,71515,brasília,DF,-15.744121,-47.845403,N
14448,71520,brasilia,DF,-15.737963,-47.865656,N
14449,71525,brasilia,DF,-15.747138,-47.851365,N
14450,71530,brasília,DF,-15.759529,-47.838894,N
14451,71535,brasilia,DF,-15.757264,-47.832414,N
14452,71539,brasilia,DF,,,N
14453,71540,brasília,DF,-15.738616,-47.880548,N
14454,71551,brasilia,DF,,,N
14455,71570,brasilia,DF,-15.781099,-47.783624,N
14456,71571,brasília,DF,-15.773414,-47.778536,N
14457,71572,brasilia,DF,-15.768227,-47.779886,N
14458,71573,brasilia,DF,-15.762943,-47.780058,N
14459,71574,brasilia,DF,,,N
14460,71590,brasilia,DF,,,N
14461,71591,brasilia,DF,,,N
14462,71593,brasilia,DF,,,N
14463,71596,brasília,DF,-15.704509,-47.824643,N
14464,71600,brasilia,DF,-15.852051,-47.888206,N
14465,71605,brasilia,DF,-15.85768,-47.917072,N
14466,71610,brasilia,DF,-15.855338,-47.921751,N
14467,71615,brasilia,DF,-15.847746,-47.89594,N
14468,71620,brasilia,DF,-15.846666,-47.902556,N
14469,71625,brasilia,DF,-15.836025,-47.87567,N
14470,71630,brasília,DF,-15.832141,-47.875545,N
14471,71635,brasilia,DF,-15.845958,-47.877173,N
14472,71640,brasília,DF,-15.848487,-47.872191,N
14473,71645,brasilia,DF,-15.864126,-47.875381,N
14474,71650,brasilia,DF,-15.848744,-47.856344,N
14475,71655,brasilia,DF,-15.857904,-47.859055,N
14476,71660,brasilia,DF,-15.841623,-47.838334,N
14477,71665,brasilia,DF,-15.8357,-47.835614,N
14478,71670,lago sul,DF,-15.819915,-47.814722,N
14479,71675,brasilia,DF,-15.825232,-47.806013,N
14480,71676,brasilia,DF,,,N
14481,71680,brasília,DF,-15.846516,-47.831132,N
14482,71691,brasília,DF,-15.880162,-47.816959,N
14483,71692,brasilia,DF,-15.901159,-47.778445,N
14484,71693,brasilia,DF,-15.895528,-47.771707,N
14485,71694,brasília,DF,-15.908956,-47.752844,N
14486,71697,brasilia,DF,-15.794197,-47.848101,N
14487,71698,brasilia,DF,,,N
14488,71699,brasilia,DF,-15.793097,-47.851616,N
14489,71705,brasilia,DF,-15.87209,-47.966097,N
14490,71710,brasilia,DF,-15.869444,-47.967242,N
14491,71715,brasília,DF,-15.871597,-47.972968,N
14492,71720,brasilia,DF,-15.862817,-47.955918,N
14493,71725,brasilia,DF,-15.85108,-47.951094,N
14494,71727,brasilia,DF,-15.856209,-47.950866,N
14495,71730,brasília,DF,-15.832127,-47.903761,N
14496,71731,brasilia,DF,-15.854468,-47.934051,N
14497,71735,brasilia,DF,-15.853956,-47.991487,N
14498,71736,nucleo bandeirante,DF,-15.868243,-47.973234,N
14499,71738,brasilia,DF,-15.872279,-47.977064,N
14500,71740,brasilia,DF,-15.899457,-47.967818,N
14501,71741,brasilia,DF,-15.920195,-47.953876,N
14502,71742,brasilia,DF,-15.891074,-47.930659,N
14503,71745,brasilia,DF,-15.907904,-47.946654,N
14504,71746,brasilia,DF,-15.945623,-47.968667,N
14505,71750,brasilia,DF,-15.919418,-47.93223,N
14506,71800,riacho fundo,DF,-15.883455,-47.995019,N
14507,71805,brasilia,DF,-15.88043,-48.015903,N
14508,71810,brasilia,DF,,,N
14509,71820,brasilia,DF,-15.885034,-48.016882,N
14510,71825,brasilia,DF,-15.887537,-48.017072,N
14511,71880,brasilia,DF,-15.902923,-48.045897,N
14512,71881,brasilia,DF,-15.894031,-48.049677,N
14513,71882,brasília,DF,-15.913412,-48.046669,N
14514,71884,brasilia,DF,,,N
14515,71900,brasilia,DF,-15.832414,-48.037455,N
14516,71901,brasilia,DF,-15.831129,-48.015988,N
14517,71904,brasilia,DF,-15.830768,-48.018024,N
14518,71905,brasilia,DF,,,N
14519,71906,brasilia,DF,-15.831018,-48.01103,N
14520,71907,brasilia,DF,-15.823894,-47.977906,N
14521,71908,brasilia,DF,-15.816555,-47.942944,N
14522,71909,brasilia,DF,-15.831817,-47.999838,N
14523,71910,brasilia,DF,-15.838667,-48.013562,N
14524,71915,brasilia,DF,-15.839831,-47.996872,N
14525,71916,brasilia,DF,-15.839677,-48.014092,N
14526,71917,brasilia,DF,-15.837306,-48.022359,N
14527,71918,brasilia,DF,-15.837454,-48.02744,N
14528,71919,brasilia,DF,,,N
14529,71920,brasília,DF,-15.830105,-48.032349,N
14530,71925,brasilia,DF,-15.843049,-48.00841,N
14531,71926,brasilia,DF,-15.840374,-48.014728,N
14532,71927,brasilia,DF,-15.844935,-48.018743,N
14533,71928,brasilia,DF,-15.845346,-48.031424,N
14534,71929,brasilia,DF,-15.841933,-48.008386,N
14535,71930,brasilia,DF,-15.837822,-48.036888,N
14536,71931,brasília,DF,-15.836793,-48.039553,N
14537,71936,brasilia,DF,-15.840002,-48.024675,N
14538,71937,brasilia,DF,-15.830023,-47.980466,N
14539,71938,brasilia,DF,-15.807589,-47.902347,N
14540,71939,brasilia,DF,-15.836814,-48.004469,N
14541,71940,brasilia,DF,-15.84731,-47.922777,N
14542,71950,brasilia,DF,-15.839228,-48.043637,N
14543,71953,brasilia,DF,,,N
14544,71955,brasilia,DF,-15.854505,-48.037664,N
14545,71956,brasilia,DF,-15.854646,-48.036986,N
14546,71957,brasilia,DF,-15.853709,-48.036796,N
14547,71958,brasilia,DF,-15.853074,-48.036079,N
14548,71959,brasilia,DF,-15.85157,-48.035284,N
14549,71960,brasilia,DF,-15.851968,-48.034328,N
14550,71961,brasilia,DF,-15.85459,-48.032,N
14551,71963,brasilia,DF,-15.854834,-48.03334,N
14552,71964,brasília,DF,-15.859462,-48.035727,N
14553,71965,brasilia,DF,-15.86014,-48.027434,N
14554,71967,brasilia,DF,-15.864074,-48.026261,N
14555,71968,brasília,DF,-15.864895,-48.024801,N
14556,71969,brasilia,DF,-15.865867,-48.025779,N
14557,71971,brasilia,DF,,,N
14558,71972,taguatinga,DF,-15.86529,-48.032172,N
14559,71973,brasília,DF,-15.860763,-48.024452,N
14560,71975,brasilia,DF,,,N
14561,71976,brasilia,DF,,,N
14562,71978,brasilia,DF,-15.861765,-47.985516,N
14563,71979,brasília,DF,-15.869834,-48.019132,N
14564,71980,brasilia,DF,-15.869012,-48.017754,N
14565,71981,brasilia,DF,-15.868906,-48.016266,N
14566,71982,brasilia,DF,-15.871865,-48.016141,N
14567,71985,brasilia,DF,-15.874837,-48.015121,N
14568,71987,brasilia,DF,-15.876937,-48.016294,N
14569,71988,brasilia,DF,-15.876864,-48.012103,N
14570,71989,brasilia,DF,-15.876791,-48.007973,N
14571,71990,brasilia,DF,-15.875174,-48.000291,N
14572,71991,brasília,DF,-15.875034,-47.997764,N
14573,71993,brasilia,DF,,,N
14574,71995,brasilia,DF,,,N
14575,71996,brasilia,DF,,,N
14576,72001,brasilia,DF,-15.791398,-47.856989,N
14577,72002,brasilia,DF,,,N
14578,72003,brasilia,DF,-15.792503,-47.845127,N
14579,72005,brasilia,DF,,,N
14580,72006,brasilia,DF,-15.791155,-47.85673,N
14581,72007,taguatinga,DF,-15.774816,-48.046806,N
14582,72010,brasilia,DF,-15.83209,-48.054668,N
14583,72015,brasília,DF,-15.838226,-48.053401,N
14584,72016,brasilia,DF,-15.839932,-48.060073,N
14585,72017,brasilia,DF,,,N
14586,72020,brasília,DF,-15.845375,-48.043877,N
14587,72023,brasilia,DF,,,N
14588,72025,brasilia,DF,-15.859336,-48.040781,N
14589,72035,brasilia,DF,-15.870403,-48.034805,N
14590,72110,brasilia,DF,-15.825253,-48.051906,N
14591,72115,brasilia,DF,-15.824737,-48.059918,N
14592,72120,brasilia,DF,-15.808028,-48.062275,N
14593,72125,brasilia,DF,-15.81312,-48.067734,N
14594,72130,brasilia,DF,-15.797879,-48.062249,N
14595,72135,brasilia,DF,-15.809373,-48.076808,N
14596,72140,brasilia,DF,-15.814202,-48.084185,N
14597,72145,brasilia,DF,-15.803333,-48.09795,N
14598,72146,brasilia,DF,-15.795248,-48.106375,N
14599,72150,brasilia,DF,-15.825764,-48.082298,N
14600,72151,brasilia,DF,-15.826454,-48.087209,N
14601,72152,brasilia,DF,-15.815545,-48.091046,N
14602,72153,brasilia,DF,-15.746433,-47.925418,N
14603,72155,brasília,DF,-15.828559,-48.075943,N
14604,72156,brasilia,DF,-15.820004,-48.079357,N
14605,72160,brasilia,DF,-15.832591,-48.087972,N
14606,72161,brasilia,DF,-15.821838,-48.091479,N
14607,72162,brasilia,DF,-15.814021,-48.094974,N
14608,72210,brasilia,DF,-15.806986,-48.104959,N
14609,72215,brasilia,DF,-15.827368,-48.097776,N
14610,72220,brasilia,DF,-15.831954,-48.107784,N
14611,72225,brasilia,DF,-15.811414,-48.119196,N
14612,72230,ceilandia,DF,-15.838524,-48.122217,N
14613,72231,brasilia,DF,-15.84163,-48.114682,N
14614,72233,brasilia,DF,-15.847901,-48.112501,N
14615,72235,brasilia,DF,-15.842796,-48.124887,N
14616,72236,brasilia,DF,-15.849457,-48.119861,N
14617,72237,brasilia,DF,,,N
14618,72238,brasilia,DF,,,N
14619,72240,brasilia,DF,-15.817626,-48.126926,N
14620,72241,brasilia,DF,-15.810054,-48.131834,N
14621,72242,brasilia,DF,,,N
14622,72243,brasilia,DF,,,N
14623,72250,brasília,DF,-15.794833,-48.118347,N
14624,72251,brasília,DF,-15.78893,-48.124815,N
14625,72252,brasília,DF,-15.800094,-48.126186,N
14626,72255,brasilia,DF,-15.792442,-48.124107,N
14627,72260,brasilia,DF,-15.799547,-48.135474,N
14628,72261,brasilia,DF,-15.790978,-48.138909,N
14629,72268,brasilia,DF,,,N
14630,72270,brasilia,DF,-15.805427,-48.143809,N
14631,72275,brasilia,DF,-15.801553,-48.13106,N
14632,72280,brasilia,DF,,,N
14633,72300,brasilia,DF,,,N
14634,72301,brasilia,DF,-15.885131,-48.106204,N
14635,72302,brasilia,DF,-15.871994,-48.075793,N
14636,72303,brasilia,DF,-15.893589,-48.124597,N
14637,72304,brasilia,DF,-15.867325,-48.058868,N
14638,72305,brasília,DF,-15.884696,-48.095858,N
14639,72306,brasilia,DF,-15.877419,-48.07636,N
14640,72307,brasilia,DF,-15.890644,-48.107893,N
14641,72308,brasilia,DF,-15.874161,-48.066664,N
14642,72309,brasilia,DF,-15.896281,-48.119424,N
14643,72310,brasilia,DF,-15.88223,-48.07489,N
14644,72311,brasilia,DF,-15.890446,-48.097913,N
14645,72312,samambaia,DF,-15.882191,-48.072365,N
14646,72313,brasilia,DF,-15.891597,-48.103052,N
14647,72314,brasilia,DF,-15.879536,-48.064567,N
14648,72315,brasilia,DF,-15.890869,-48.096132,N
14649,72316,brasilia,DF,-15.865116,-48.078485,N
14650,72317,brasilia,DF,-15.898355,-48.118018,N
14651,72318,brasilia,DF,-15.862281,-48.080445,N
14652,72319,brasilia,DF,-15.870816,-48.09646,N
14653,72320,brasília,DF,-15.858506,-48.075622,N
14654,72321,brasilia,DF,-15.877785,-48.107471,N
14655,72322,brasilia,DF,-15.858656,-48.085575,N
14656,72323,brasilia,DF,-15.88026,-48.114602,N
14657,72325,brasília,DF,-15.88449,-48.123212,N
14658,72327,samambaia,DF,-15.888372,-48.131065,N
14659,72329,brasilia,DF,-15.893796,-48.143115,N
14660,72331,brasilia,DF,-15.870942,-48.107664,N
14661,72333,brasilia,DF,-15.879932,-48.124795,N
14662,72335,samambaia,DF,-15.889402,-48.143515,N
14663,72338,brasilia,DF,,,N
14664,72341,brasilia,DF,,,N
14665,72405,brasilia,DF,-15.985292,-48.029907,N
14666,72410,brasilia,DF,-16.035234,-48.063484,N
14667,72415,brasilia,DF,-16.025166,-48.078822,N
14668,72420,gama,DF,-16.016768,-48.072015,N
14669,72425,brasilia,DF,-16.024003,-48.07165,N
14670,72427,brasilia,DF,,,N
14671,72430,brasilia,DF,-16.010051,-48.066052,N
14672,72440,brasilia,DF,,,N
14673,72445,gama,DF,-15.625478,-48.640787,N
14674,72450,brasilia,DF,-16.008512,-48.050017,N
14675,72455,brasilia,DF,,,N
14676,72457,brasilia,DF,,,N
14677,72460,brasilia,DF,-16.022947,-48.050718,N
14678,72465,brasilia,DF,,,N
14679,72500,brasília,DF,-16.044743,-48.037981,N
14680,72501,brasilia,DF,-16.04341,-48.03053,N
14681,72502,brasilia,DF,-16.040001,-48.02844,N
14682,72503,brasilia,DF,-16.036868,-48.030355,N
14683,72504,brasília,DF,-16.033149,-48.029236,N
14684,72506,brasília,DF,-16.028056,-48.030188,N
14685,72507,brasilia,DF,-16.028183,-48.026818,N
14686,72508,brasília,DF,-16.025423,-48.023842,N
14687,72509,brasilia,DF,-16.023673,-48.021737,N
14688,72510,brasília,DF,-16.021323,-48.019306,N
14689,72535,brasilia,DF,,,N
14690,72536,brasilia,DF,,,N
14691,72542,brasilia,DF,-16.01209,-48.005017,N
14692,72543,brasilia,DF,-16.01048,-48.002268,N
14693,72544,brasilia,DF,-16.008409,-47.999527,N
14694,72545,brasilia,DF,-16.008784,-47.997935,N
14695,72546,brasília,DF,-16.008992,-47.994307,N
14696,72547,brasilia,DF,-16.007533,-47.99101,N
14697,72548,brasilia,DF,-16.009054,-47.987529,N
14698,72549,brasilia,DF,,,N
14699,72580,brasilia,DF,,,N
14700,72583,brasilia,DF,,,N
14701,72587,brasilia,DF,,,N
14702,72592,brasilia,DF,-15.992715,-47.993198,N
14703,72593,brasilia,DF,-15.997001,-47.99574,N
14704,72594,brasilia,DF,-15.996629,-48.00017,N
14705,72595,brasilia,DF,,,N
14706,72596,brasilia,DF,,,N
14707,72600,brasilia,DF,-15.900981,-48.06433,N
14708,72601,brasília,DF,-15.906816,-48.085422,N
14709,72602,brasilia,DF,-15.912409,-48.100341,N
14710,72603,brasilia,DF,-15.923361,-48.106876,N
14711,72610,brasilia,DF,-15.906025,-48.06349,N
14712,72620,brasilia,DF,-15.909409,-48.080825,N
14713,72621,brasilia,DF,-15.917134,-48.097769,N
14714,72622,brasília,DF,-15.92454,-48.102823,N
14715,72630,brasilia,DF,-15.910072,-48.059648,N
14716,72631,brasilia,DF,-15.912624,-48.066492,N
14717,72640,brasilia,DF,-15.916752,-48.056802,N
14718,72641,brasília,DF,-15.918128,-48.06361,N
14719,72650,brasília,DF,-15.921425,-48.052788,N
14720,72660,brasilia,DF,-15.930038,-48.103605,N
14721,72669,brasília,DF,-15.793363,-47.849224,N
14722,72705,brasilia,DF,-15.677783,-48.195984,N
14723,72710,brasilia,DF,-15.692184,-48.166901,N
14724,72715,brasilia,DF,-15.684001,-48.194708,N
14725,72720,brasilia,DF,-15.696767,-48.155131,N
14726,72725,brasilia,DF,-15.671696,-48.201443,N
14727,72726,brasília,DF,-15.667347,-48.201072,N
14728,72735,brasília,DF,-15.663188,-48.193908,N
14729,72736,brasilia,DF,-15.66361,-48.196141,N
14730,72737,brasilia,DF,-15.663246,-48.19865,N
14731,72738,brasília,DF,-15.662543,-48.201148,N
14732,72745,brasilia,DF,-15.660125,-48.19333,N
14733,72746,brasilia,DF,-15.659135,-48.195675,N
14734,72747,brasília,DF,-15.65911,-48.197766,N
14735,72748,brasilia,DF,-15.659381,-48.2012,N
14736,72755,brasilia,DF,-15.645185,-48.179637,N
14737,72760,brasilia,DF,,,N
14738,72800,luziania,GO,-16.255154,-47.954572,N
14739,72801,luziania,GO,-16.262499,-47.95646,N
14740,72803,luziania,GO,-16.232094,-47.945782,N
14741,72804,luziania,GO,-16.249068,-47.923717,N
14742,72805,luziania,GO,-16.263238,-47.938021,N
14743,72806,luziania,GO,-16.264264,-47.924213,N
14744,72810,luziania,GO,-16.250396,-47.956891,N
14745,72811,luziania,GO,-16.248762,-47.963046,N
14746,72812,luziania,GO,-16.246671,-47.951389,N
14747,72813,luziania,GO,-16.239441,-47.948252,N
14748,72814,luziania,GO,-16.25011,-47.938165,N
14749,72815,luziania,GO,-16.236922,-47.932729,N
14750,72820,luziania,GO,-16.251847,-47.908351,N
14751,72821,luziania,GO,,,N
14752,72822,luziania,GO,-16.255927,-47.928343,N
14753,72823,luziania,GO,-16.245275,-47.898777,N
14754,72830,luziania,GO,-16.243445,-47.917762,N
14755,72831,luziania,GO,-16.241505,-47.904583,N
14756,72834,luziania,GO,-16.21738,-47.919176,N
14757,72836,luziânia,GO,-16.210019,-47.929634,N
14758,72850,luziania,GO,-16.141663,-47.956494,N
14759,72851,luziania,GO,-16.132046,-47.951834,N
14760,72853,luziania,GO,-16.232123,-47.93354,N
14761,72855,luziania,GO,-16.177639,-47.927029,N
14762,72858,luziania,GO,-16.140112,-47.988877,N
14763,72860,novo gama,GO,-16.056321,-48.034915,N
14764,72862,novo gama,GO,-16.069204,-48.050542,N
14765,72863,novo gama,GO,,,N
14766,72865,novo gama,GO,-16.091275,-48.031745,N
14767,72867,novo gama,GO,,,N
14768,72870,valparaiso de goias,GO,-16.069336,-47.996903,N
14769,72871,valparaiso de goias,GO,-16.058834,-48.002534,N
14770,72872,valparaiso de goias,GO,-16.087705,-47.988034,N
14771,72873,valparaiso de goias,GO,-16.076002,-47.972253,N
14772,72874,valparaiso de goias,GO,-16.11021,-47.98036,N
14773,72875,valparaiso de goias,GO,-16.074361,-47.989306,N
14774,72876,valparaiso de goias,GO,-16.077465,-47.977609,N
14775,72878,valparaíso de goiás,GO,-16.058602,-47.979304,N
14776,72879,valparaiso de goias,GO,-16.060499,-47.9644,N
14777,72880,cidade ocidental,GO,-16.094872,-47.915484,N
14778,72883,cidade ocidental,GO,-16.11151,-47.920562,N
14779,72885,cidade ocidental,GO,-16.107462,-47.951775,N
14780,72887,cidade ocidental,GO,-16.082745,-47.932241,N
14781,72899,jardim abc de goias,GO,-21.467829,-56.171869,N
14782,72900,santo antonio do descoberto,GO,-15.995048,-48.269197,N
14783,72901,santo antonio do descoberto,GO,-15.934317,-48.276993,N
14784,72902,santo antonio do descoberto,GO,-16.106475,-48.479483,N
14785,72904,santo antonio do descoberto,GO,,,N
14786,72906,santo antonio do descoberto,GO,-15.9511,-48.264647,N
14787,72907,santo antonio do descoberto,GO,-15.956928,-48.269707,N
14788,72910,aguas lindas de goias,GO,-15.728158,-48.27733,N
14789,72911,aguas lindas de goias,GO,-15.74032,-48.244279,N
14790,72912,aguas lindas de goias,GO,-15.716847,-48.269284,N
14791,72914,aguas lindas de goias,GO,-15.724556,-48.277139,N
14792,72915,aguas lindas de goias,GO,-15.641771,-48.223118,N
14793,72916,aguas lindas de goias,GO,-15.709672,-48.272561,N
14794,72917,aguas lindas de goias,GO,-15.693992,-48.266542,N
14795,72920,águas lindas de goiás,GO,-15.720628,-48.286193,N
14796,72921,aguas lindas de goias,GO,-15.72476,-48.32086,N
14797,72922,aguas lindas de goias,GO,-15.728452,-48.317315,N
14798,72925,aguas lindas de goias,GO,-15.741381,-48.298043,N
14799,72926,aguas lindas de goias,GO,-15.745837,-48.308069,N
14800,72927,aguas lindas de goias,GO,-15.776851,-48.292559,N
14801,72930,alexania,GO,-16.084077,-48.506773,N
14802,72940,abadiânia,GO,-16.193742,-48.709521,N
14803,72960,corumbá de goiás,GO,-15.925016,-48.809348,N
14804,72975,cocalzinho de goias,GO,-15.76316,-48.744713,N
14805,72980,pirenopolis,GO,-15.861728,-48.968852,N
14806,73005,brasilia,DF,-15.645093,-47.798414,N
14807,73006,brasilia,DF,-15.646588,-47.799459,N
14808,73010,brasilia,DF,-15.650453,-47.792022,N
14809,73011,brasilia,DF,-15.649675,-47.789861,N
14810,73015,brasilia,DF,-15.65751,-47.796658,N
14811,73020,brasilia,DF,-15.657448,-47.80951,N
14812,73025,brasilia,DF,-15.65249,-47.801063,N
14813,73030,brasilia,DF,-15.650778,-47.80831,N
14814,73035,brasilia,DF,-15.641499,-47.80597,N
14815,73036,brasilia,DF,-15.644224,-47.805536,N
14816,73040,brasilia,DF,-15.644593,-47.786527,N
14817,73041,brasilia,DF,-15.646059,-47.786049,N
14818,73045,brasília,DF,-15.643309,-47.778006,N
14819,73050,brasília,DF,-15.647896,-47.777836,N
14820,73060,sobradinho,DF,-15.640895,-47.816042,N
14821,73062,brasilia,DF,-15.646596,-47.823789,N
14822,73063,brasilia,DF,-15.644657,-47.817386,N
14823,73070,brasília,DF,-15.633457,-47.846874,N
14824,73080,sobradinho,DF,-15.633883,-47.815845,N
14825,73081,brasilia,DF,,,N
14826,73082,brasilia,DF,,,N
14827,73083,brasília,DF,-15.793452,-47.845852,N
14828,73088,brasilia,DF,,,N
14829,73090,brasilia,DF,,,N
14830,73091,brasilia,DF,,,N
14831,73092,brasília,DF,-15.666352,-47.82438,N
14832,73093,brasilia,DF,,,N
14833,73100,brasilia,DF,-15.754988,-47.831646,N
14834,73105,brasília,DF,-15.662755,-47.860392,N
14835,73150,brasilia,DF,-15.791401,-47.849365,N
14836,73250,brasilia,DF,-15.577966,-48.007302,N
14837,73251,sobradinho,DF,-15.670449,-47.815963,N
14838,73252,brasilia,DF,-15.68861,-47.824936,N
14839,73255,brasilia,DF,,,N
14840,73270,brasilia,DF,-15.792495,-47.850487,N
14841,73272,brasilia,DF,,,N
14842,73310,brasilia,DF,,,N
14843,73320,brasília,DF,-15.653689,-47.683913,N
14844,73330,brasilia,DF,-15.630511,-47.668708,N
14845,73340,brasília,DF,-15.606237,-47.651105,N
14846,73350,brasilia,DF,-15.616808,-47.647053,N
14847,73355,brasilia,DF,-15.613376,-47.636348,N
14848,73356,brasilia,DF,-15.619921,-47.640156,N
14849,73357,brasilia,DF,-15.618217,-47.638937,N
14850,73358,brasilia,DF,-15.619426,-47.638054,N
14851,73360,brasilia,DF,-15.624929,-47.647174,N
14852,73365,brasilia,DF,-15.74969,-47.927246,N
14853,73366,brasilia,DF,-15.748649,-47.925066,N
14854,73367,brasília,DF,-15.746777,-47.922968,N
14855,73368,brasilia,DF,-15.74973,-47.927174,N
14856,73369,brasilia,DF,,,N
14857,73370,brasilia,DF,-15.650884,-47.644511,N
14858,73375,brasília,DF,-15.792337,-47.851812,N
14859,73380,brasilia,DF,-15.612037,-47.678134,N
14860,73391,brasilia,DF,,,N
14861,73401,brasilia,DF,,,N
14862,73402,brasilia,DF,,,N
14863,73403,brasília,DF,-15.792914,-47.85562,N
14864,73700,padre bernardo,GO,-15.173406,-48.283737,N
14865,73730,mimoso de goiás,GO,-15.058481,-48.161432,N
14866,73740,colinas do sul,GO,-14.152289,-48.074542,N
14867,73750,planaltina,GO,-15.457371,-47.603749,N
14868,73751,planaltina,GO,-15.435886,-47.605278,N
14869,73752,planaltina,GO,-15.453751,-47.599788,N
14870,73753,planaltina,GO,-15.456575,-47.610193,N
14871,73754,planaltina,GO,-15.49435,-47.636365,N
14872,73755,planaltina,GO,-15.482401,-47.589635,N
14873,73760,são joão d'aliança,GO,-14.706667,-47.523099,N
14874,73770,alto paraiso de goias,GO,-14.139317,-47.516898,N
14875,73780,agua fria de goias,GO,-14.974495,-47.784387,N
14876,73790,cavalcante,GO,-13.794653,-47.458384,N
14877,73795,teresina de goias,GO,-13.764676,-47.263436,N
14878,73801,formosa,GO,-15.54095,-47.337334,N
14879,73802,formosa,GO,-15.555614,-47.339383,N
14880,73803,formosa,GO,-15.547841,-47.340878,N
14881,73804,formosa,GO,-15.561774,-47.344292,N
14882,73805,formosa,GO,-15.536659,-47.343677,N
14883,73807,formosa,GO,-15.538143,-47.327037,N
14884,73808,formosa,GO,-15.53784,-47.303509,N
14885,73809,formosa,GO,-15.540659,-47.326734,N
14886,73813,formosa,GO,-15.550183,-47.329496,N
14887,73814,formosa,GO,-15.553925,-47.29894,N
14888,73820,nova roma,GO,-13.741771,-46.881513,N
14889,73825,vila boa,GO,-15.034887,-47.062537,N
14890,73830,monte alegre de goiás,GO,-13.262897,-46.883887,N
14891,73840,campos belos,GO,-13.037164,-46.769694,N
14892,73850,cristalina,GO,-16.769916,-47.610723,N
14893,73860,sao domingos,GO,-13.406064,-46.314639,N
14894,73865,divinopolis de goias,GO,-13.286609,-46.413964,N
14895,73870,cabeceiras,GO,-15.805249,-46.930585,N
14896,73890,flores de goias,GO,-14.489044,-46.989503,N
14897,73900,posse,GO,-14.086973,-46.36157,N
14898,73910,guarani de goias,GO,-13.912892,-46.454674,N
14899,73920,iaciara,GO,-14.10074,-46.634244,N
14900,73930,simolandia,GO,-14.467797,-46.482638,N
14901,73950,alvorada do norte,GO,-14.485339,-46.506224,N
14902,73970,mambai,GO,-14.494591,-46.111533,N
14903,73975,buritinopolis,GO,-14.455765,-46.436024,N
14904,73980,damianopolis,GO,-14.558825,-46.17525,N
14905,73990,sitio d'abadia,GO,-14.803551,-46.254998,N
14906,74001,goiânia,GO,-16.68034,-49.254444,N
14907,74003,goiania,GO,-16.680719,-49.256911,N
14908,74005,goiania,GO,-16.651296,-49.264272,N
14909,74010,goiania,GO,-16.665331,-49.260596,N
14910,74013,goiania,GO,-16.673743,-49.259886,N
14911,74015,goiania,GO,-16.678496,-49.259307,N
14912,74020,goiania,GO,-16.672278,-49.258822,N
14913,74023,goiania,GO,-16.673519,-49.256671,N
14914,74025,goiania,GO,-16.673786,-49.261587,N
14915,74030,goiânia,GO,-16.676626,-49.253491,N
14916,74040,goiania,GO,-16.674044,-49.255713,N
14917,74043,goiânia,GO,-16.675217,-49.259844,N
14918,74045,goiania,GO,-16.666669,-49.264232,N
14919,74050,goiania,GO,-16.667678,-49.260543,N
14920,74053,goiania,GO,-16.667648,-49.260285,N
14921,74055,goiania,GO,-16.66675,-49.257193,N
14922,74063,goiania,GO,-16.660542,-49.262139,N
14923,74070,goiania,GO,-16.669569,-49.268831,N
14924,74075,goiania,GO,-16.672833,-49.268873,N
14925,74080,goiânia,GO,-16.687175,-49.256528,N
14926,74083,goiania,GO,-16.684216,-49.251493,N
14927,74085,goiania,GO,-16.696096,-49.252417,N
14928,74093,goiania,GO,-16.69482,-49.256165,N
14929,74110,goiania,GO,-16.680678,-49.269497,N
14930,74115,goiânia,GO,-16.685355,-49.264543,N
14931,74120,goiania,GO,-16.688905,-49.267128,N
14932,74125,goiânia,GO,-16.677826,-49.274637,N
14933,74130,goiania,GO,-16.686666,-49.272296,N
14934,74140,goiania,GO,-16.689512,-49.272145,N
14935,74150,goiania,GO,-16.696728,-49.267449,N
14936,74160,goiania,GO,-16.696447,-49.264524,N
14937,74170,goiania,GO,-16.696448,-49.262091,N
14938,74175,goiania,GO,-16.704174,-49.261945,N
14939,74180,goiania,GO,-16.698301,-49.255841,N
14940,74210,goiania,GO,-16.695509,-49.277109,N
14941,74215,goiania,GO,-16.697612,-49.275774,N
14942,74223,goiania,GO,-16.710022,-49.266587,N
14943,74230,goiania,GO,-16.715024,-49.267861,N
14944,74250,goiania,GO,-16.717414,-49.288126,N
14945,74255,goiania,GO,-16.709891,-49.289235,N
14946,74265,goiania,GO,-16.697189,-49.289033,N
14947,74270,goiânia,GO,-16.701348,-49.283515,N
14948,74275,goiania,GO,-16.714468,-49.281095,N
14949,74280,goiânia,GO,-16.716108,-49.272634,N
14950,74290,goiânia,GO,-16.708974,-49.276644,N
14951,74303,goiania,GO,-16.700936,-49.306084,N
14952,74305,goiania,GO,-16.693945,-49.296994,N
14953,74310,goiania,GO,-16.698891,-49.294572,N
14954,74313,goiania,GO,-16.708498,-49.303393,N
14955,74315,goiânia,GO,-16.704003,-49.280601,N
14956,74320,goiania,GO,-16.694072,-49.311342,N
14957,74323,goiania,GO,-16.690438,-49.327015,N
14958,74325,goiania,GO,-16.709839,-49.311225,N
14959,74330,goiania,GO,-16.711964,-49.31154,N
14960,74333,goiania,GO,-16.711462,-49.305728,N
14961,74335,goiania,GO,-16.720089,-49.300171,N
14962,74339,goiania,GO,-16.713452,-49.316267,N
14963,74340,goiania,GO,-16.720565,-49.310571,N
14964,74343,goiania,GO,-16.735881,-49.302333,N
14965,74345,goiania,GO,-16.745025,-49.298145,N
14966,74350,goiania,GO,-16.741047,-49.316484,N
14967,74351,goiania,GO,-16.678634,-49.283104,N
14968,74353,goiania,GO,-16.741939,-49.328468,N
14969,74354,goiania,GO,-16.775167,-49.356214,N
14970,74355,goiania,GO,-16.780593,-49.36186,N
14971,74356,goiania,GO,-16.788126,-49.371245,N
14972,74357,goiania,GO,-16.751217,-49.337903,N
14973,74360,goiania,GO,-16.730186,-49.319454,N
14974,74363,goiania,GO,-16.714993,-49.32007,N
14975,74365,goiania,GO,-16.720338,-49.316249,N
14976,74366,goiania,GO,-16.714465,-49.327121,N
14977,74367,goiania,GO,-16.708635,-49.328704,N
14978,74369,goiânia,GO,-16.744028,-49.345249,N
14979,74370,goiania,GO,-16.725525,-49.340979,N
14980,74371,goiania,GO,-16.732544,-49.346279,N
14981,74372,goiania,GO,-16.747748,-49.3674,N
14982,74373,goiania,GO,-16.709025,-49.32391,N
14983,74375,goiania,GO,-16.687422,-49.310686,N
14984,74390,goiânia,GO,-16.676014,-49.322831,N
14985,74391,goiania,GO,-16.704046,-49.352149,N
14986,74392,goiania,GO,-16.709762,-49.366921,N
14987,74393,goiania,GO,-16.727017,-49.36753,N
14988,74394,goiania,GO,-16.730019,-49.399878,N
14989,74395,goiania,GO,-16.728631,-49.366122,N
14990,74403,goiânia,GO,-16.67735,-49.298723,N
14991,74405,goiania,GO,-16.68017,-49.295347,N
14992,74410,goiania,GO,-16.685411,-49.296552,N
14993,74413,goiânia,GO,-16.68236,-49.297498,N
14994,74415,goiania,GO,-16.689186,-49.313695,N
14995,74420,goiânia,GO,-16.671113,-49.305169,N
14996,74423,goiania,GO,-16.681334,-49.312826,N
14997,74425,goiania,GO,-16.67846,-49.313638,N
14998,74430,goiania,GO,-16.671819,-49.307106,N
14999,74433,goiania,GO,-16.663214,-49.311576,N
15000,74435,goiânia,GO,-16.665166,-49.301681,N
15001,74440,goiania,GO,-16.658019,-49.301819,N
15002,74445,goiania,GO,-16.643979,-49.29778,N
15003,74450,goiania,GO,-16.65725,-49.323958,N
15004,74453,goiania,GO,-16.659796,-49.330637,N
15005,74455,goiania,GO,-16.652249,-49.321533,N
15006,74460,goiania,GO,-16.658609,-49.333639,N
15007,74461,goiania,GO,-16.659075,-49.357327,N
15008,74463,goiania,GO,-16.648302,-49.331635,N
15009,74464,goiania,GO,-16.655862,-49.35485,N
15010,74465,goiania,GO,-16.638794,-49.325729,N
15011,74470,goiania,GO,-16.630814,-49.357718,N
15012,74471,goiania,GO,-16.65067,-49.344867,N
15013,74473,goiania,GO,-16.620498,-49.319277,N
15014,74474,goiania,GO,-16.613033,-49.315663,N
15015,74475,goiania,GO,-16.611184,-49.325678,N
15016,74476,goiânia,GO,-16.610328,-49.347444,N
15017,74477,goiania,GO,-16.589859,-49.353933,N
15018,74480,goiania,GO,-16.612175,-49.344505,N
15019,74481,goiania,GO,-16.60071,-49.332986,N
15020,74483,goiânia,GO,-16.685904,-49.350067,N
15021,74484,goiania,GO,-16.700868,-49.354168,N
15022,74485,goiânia,GO,-16.677004,-49.343525,N
15023,74486,goiania,GO,-16.679323,-49.332632,N
15024,74487,goiânia,GO,-16.703709,-49.375035,N
15025,74490,goiania,GO,-16.685101,-49.407033,N
15026,74491,goiânia,GO,-16.675656,-49.423187,N
15027,74492,goiania,GO,-16.677263,-49.357223,N
15028,74493,goiania,GO,-16.661324,-49.385116,N
15029,74494,goiania,GO,-16.6865,-49.394702,N
15030,74495,goiania,GO,-16.676501,-49.378716,N
15031,74496,goiania,GO,-16.651108,-49.383196,N
15032,74503,goiania,GO,-16.67094,-49.29469,N
15033,74505,goiania,GO,-16.667859,-49.294606,N
15034,74510,goiânia,GO,-16.663297,-49.301598,N
15035,74513,goiânia,GO,-16.674024,-49.290919,N
15036,74515,goiânia,GO,-16.672813,-49.295173,N
15037,74520,goiania,GO,-16.666198,-49.292409,N
15038,74523,goiânia,GO,-16.659635,-49.289643,N
15039,74525,goiânia,GO,-16.66905,-49.28927,N
15040,74530,goiania,GO,-16.680635,-49.288141,N
15041,74533,goiania,GO,-16.681213,-49.277883,N
15042,74535,goiania,GO,-16.680415,-49.281619,N
15043,74543,goiania,GO,-16.670062,-49.277213,N
15044,74550,goiania,GO,-16.664213,-49.282105,N
15045,74553,goiania,GO,-16.67164,-49.286856,N
15046,74555,goiania,GO,-16.655033,-49.27969,N
15047,74560,goiania,GO,-16.659396,-49.273808,N
15048,74563,goiania,GO,-16.651042,-49.26761,N
15049,74565,goiania,GO,-16.640574,-49.276483,N
15050,74573,goiania,GO,-16.638579,-49.283583,N
15051,74574,goiânia,GO,-16.646002,-49.279215,N
15052,74575,goiânia,GO,-16.651123,-49.286941,N
15053,74580,goiania,GO,-16.650025,-49.299486,N
15054,74583,goiânia,GO,-16.63637,-49.301503,N
15055,74584,goiania,GO,-16.628759,-49.298828,N
15056,74590,goiania,GO,-16.612523,-49.296091,N
15057,74591,goiânia,GO,-16.617192,-49.287641,N
15058,74593,goiania,GO,-16.620062,-49.292941,N
15059,74594,goiania,GO,-16.621688,-49.301029,N
15060,74595,goiania,GO,-16.625932,-49.293377,N
15061,74603,goiania,GO,-16.681754,-49.240674,N
15062,74605,goiania,GO,-16.676979,-49.244251,N
15063,74610,goiania,GO,-16.67465,-49.237308,N
15064,74611,goiania,GO,-16.675153,-49.233028,N
15065,74615,goiania,GO,-16.677405,-49.233543,N
15066,74620,goiânia,GO,-16.666564,-49.22596,N
15067,74630,goiania,GO,-16.662782,-49.223907,N
15068,74633,goiania,GO,-16.667519,-49.245853,N
15069,74635,goiania,GO,-16.660747,-49.239599,N
15070,74640,goiania,GO,-16.667258,-49.242591,N
15071,74643,goiania,GO,-16.670509,-49.246763,N
15072,74645,goiania,GO,-16.664457,-49.244693,N
15073,74650,goiania,GO,-16.654931,-49.242079,N
15074,74653,goiania,GO,-16.656754,-49.252032,N
15075,74655,goiania,GO,-16.653173,-49.255945,N
15076,74660,goiania,GO,-16.647937,-49.259765,N
15077,74663,goiania,GO,-16.632315,-49.25828,N
15078,74665,goiania,GO,-16.621436,-49.254087,N
15079,74670,goiania,GO,-16.639744,-49.240675,N
15080,74672,goiania,GO,-16.632564,-49.235863,N
15081,74673,goiânia,GO,-16.648564,-49.23675,N
15082,74674,goiania,GO,-16.640535,-49.227954,N
15083,74675,goiania,GO,-16.621347,-49.217424,N
15084,74680,goiania,GO,-16.623705,-49.21648,N
15085,74681,goiânia,GO,-16.622349,-49.194727,N
15086,74682,goiania,GO,-16.507687,-49.437324,N
15087,74683,goiania,GO,-16.611888,-49.218757,N
15088,74684,goiania,GO,-16.60029,-49.210731,N
15089,74685,goiânia,GO,-16.628645,-49.256996,N
15090,74686,goiania,GO,-16.556178,-49.244786,N
15091,74690,goiania,GO,-16.637147,-49.251433,N
15092,74691,goiania,GO,-16.590137,-49.281495,N
15093,74692,goiania,GO,-16.584082,-49.264868,N
15094,74693,goiania,GO,-16.543065,-49.2829,N
15095,74703,goiania,GO,-16.663204,-49.224932,N
15096,74705,goiania,GO,-16.670962,-49.221708,N
15097,74710,goiania,GO,-16.674842,-49.215224,N
15098,74711,goiânia,GO,-16.670715,-49.225415,N
15099,74713,goiania,GO,-16.675156,-49.228334,N
15100,74715,goiania,GO,-16.689658,-49.229026,N
15101,74720,goiania,GO,-16.686012,-49.239199,N
15102,74723,goiania,GO,-16.695734,-49.221718,N
15103,74730,goiania,GO,-16.69336,-49.214461,N
15104,74735,goiania,GO,-16.682282,-49.204,N
15105,74740,goiania,GO,-16.691933,-49.223433,N
15106,74765,goiania,GO,-16.64837,-49.220738,N
15107,74766,goiania,GO,-16.667088,-49.18061,N
15108,74767,goiania,GO,-16.667913,-49.194272,N
15109,74769,goiania,GO,-16.645812,-49.201664,N
15110,74770,goiania,GO,-16.657356,-49.191158,N
15111,74775,goiânia,GO,-16.651263,-49.211305,N
15112,74780,goiania,GO,-16.651495,-49.190946,N
15113,74781,goiania,GO,-16.651748,-49.199744,N
15114,74783,goiania,GO,-16.64708,-49.29002,N
15115,74785,goiânia,GO,-16.645346,-49.185355,N
15116,74786,goiania,GO,-16.644973,-49.178765,N
15117,74805,goiania,GO,-16.691109,-49.240541,N
15118,74810,goiania,GO,-16.701907,-49.239576,N
15119,74815,goiania,GO,-16.699545,-49.255437,N
15120,74817,goiânia,GO,-16.713203,-49.243771,N
15121,74820,goiania,GO,-16.706129,-49.248758,N
15122,74823,goiania,GO,-16.715397,-49.25962,N
15123,74825,goiania,GO,-16.717011,-49.253662,N
15124,74830,goiania,GO,-16.713205,-49.262379,N
15125,74835,goiania,GO,-16.715789,-49.274026,N
15126,74840,goiania,GO,-16.736667,-49.277614,N
15127,74843,goiania,GO,-16.719741,-49.293977,N
15128,74845,goiania,GO,-16.717347,-49.242839,N
15129,74850,goiania,GO,-16.709211,-49.238423,N
15130,74853,goiania,GO,-16.729474,-49.247721,N
15131,74855,goiania,GO,-16.726189,-49.225963,N
15132,74860,goiânia,GO,-16.725859,-49.224447,N
15133,74863,goiania,GO,-16.712551,-49.257374,N
15134,74865,goiânia,GO,-16.709324,-49.225362,N
15135,74870,goiania,GO,-16.728961,-49.21805,N
15136,74883,goiania,GO,-16.687063,-49.226895,N
15137,74884,goiania,GO,-16.709365,-49.197591,N
15138,74885,goiania,GO,-16.697834,-49.247263,N
15139,74886,goiania,GO,-16.725834,-49.212229,N
15140,74890,goiania,GO,-16.747019,-49.201317,N
15141,74893,goiania,GO,-16.737889,-49.201926,N
15142,74905,aparecida de goiania,GO,-16.739662,-49.258397,N
15143,74910,aparecida de goiania,GO,-16.746918,-49.248692,N
15144,74911,aparecida de goiania,GO,-16.738582,-49.244638,N
15145,74912,aparecida de goiania,GO,-16.739862,-49.239572,N
15146,74913,aparecida de goiania,GO,-16.761882,-49.259239,N
15147,74914,aparecida de goiania,GO,-16.75352,-49.263289,N
15148,74915,aparecida de goiania,GO,-16.744576,-49.270449,N
15149,74916,aparecida de goiania,GO,-16.752305,-49.281126,N
15150,74917,aparecida de goiania,GO,-16.760504,-49.272236,N
15151,74919,aparecida de goiania,GO,-16.771388,-49.250282,N
15152,74920,aparecida de goiania,GO,-16.758755,-49.255786,N
15153,74921,aparecida de goiânia,GO,-16.75776,-49.214016,N
15154,74922,aparecida de goiânia,GO,-16.750497,-49.224577,N
15155,74923,aparecida de goiânia,GO,-16.776445,-49.22905,N
15156,74924,aparecida de goiania,GO,-16.785423,-49.21583,N
15157,74926,aparecida de goiania,GO,-16.756619,-49.209278,N
15158,74927,aparecida de goiânia,GO,-16.75599,-49.205853,N
15159,74930,aparecida de goiania,GO,-16.766552,-49.339374,N
15160,74932,aparecida de goiania,GO,-16.760989,-49.335594,N
15161,74933,aparecida de goiania,GO,-16.754972,-49.318593,N
15162,74934,aparecida de goiania,GO,-16.772457,-49.312559,N
15163,74935,aparecida de goiania,GO,-16.750328,-49.295551,N
15164,74936,aparecida de goiania,GO,-16.762133,-49.294035,N
15165,74937,aparecida de goiania,GO,-16.773188,-49.294807,N
15166,74938,aparecida de goiania,GO,-16.752852,-49.287637,N
15167,74940,aparecida de goiania,GO,-16.787394,-49.278773,N
15168,74942,aparecida de goiânia,GO,-16.784541,-49.315863,N
15169,74943,aparecida de goiânia,GO,-16.776495,-49.330116,N
15170,74944,aparecida de goiania,GO,-16.786551,-49.327571,N
15171,74945,aparecida de goiania,GO,-16.789704,-49.333486,N
15172,74946,aparecida de goiania,GO,-16.77479,-49.344522,N
15173,74947,aparecida de goiania,GO,-16.797695,-49.348324,N
15174,74948,aparecida de goiania,GO,-16.809502,-49.34974,N
15175,74950,aparecida de goiania,GO,-16.778832,-49.274902,N
15176,74952,aparecida de goiania,GO,-16.775195,-49.275615,N
15177,74953,aparecida de goiania,GO,-16.784627,-49.291631,N
15178,74954,aparecida de goiânia,GO,-16.792612,-49.278311,N
15179,74955,aparecida de goiania,GO,-16.806286,-49.283031,N
15180,74956,aparecida de goiania,GO,-16.801107,-49.2933,N
15181,74957,aparecida de goiânia,GO,-16.806509,-49.309985,N
15182,74958,aparecida de goiania,GO,-16.801399,-49.318683,N
15183,74959,aparecida de goiania,GO,-16.8194,-49.310584,N
15184,74960,aparecida de goiania,GO,-16.799345,-49.31585,N
15185,74961,aparecida de goiania,GO,-16.811305,-49.321744,N
15186,74962,aparecida de goiania,GO,-16.816164,-49.341347,N
15187,74963,aparecida de goiania,GO,-16.819209,-49.360338,N
15188,74965,aparecida de goiania,GO,-16.832641,-49.365642,N
15189,74966,aparecida de goiania,GO,-16.825127,-49.297354,N
15190,74967,aparecida de goiania,GO,-16.816896,-49.290546,N
15191,74968,aparecida de goiânia,GO,-16.818953,-49.26211,N
15192,74969,aparecida de goiânia,GO,-16.816035,-49.281863,N
15193,74970,aparecida de goiânia,GO,-16.826759,-49.285751,N
15194,74971,aparecida de goiania,GO,-16.83221,-49.275858,N
15195,74973,aparecida de goiania,GO,-16.825995,-49.252883,N
15196,74975,aparecida de goiania,GO,-16.838343,-49.249194,N
15197,74976,aparecida de goiania,GO,-16.825126,-49.241618,N
15198,74980,aparecida de goiania,GO,-16.822735,-49.248175,N
15199,74981,aparecida de goiania,GO,-16.811435,-49.241468,N
15200,74982,aparecida de goiania,GO,-16.800688,-49.244869,N
15201,74983,aparecida de goiania,GO,-16.788881,-49.244119,N
15202,74984,aparecida de goiânia,GO,-16.791034,-49.243138,N
15203,74985,aparecida de goiânia,GO,-16.795545,-49.259118,N
15204,74986,aparecida de goiania,GO,-16.815534,-49.234475,N
15205,74987,aparecida de goiania,GO,-16.823089,-49.234002,N
15206,74988,aparecida de goiania,GO,-16.833227,-49.223291,N
15207,74989,aparecida de goiânia,GO,-16.844529,-49.237054,N
15208,74990,aparecida de goiania,GO,-16.828065,-49.237591,N
15209,74993,aparecida de goiania,GO,-16.813143,-49.219335,N
15210,75020,anapolis,GO,-16.324623,-48.952675,N
15211,75023,anápolis,GO,-16.334041,-48.959982,N
15212,75024,anapolis,GO,-16.328168,-48.959208,N
15213,75025,anapolis,GO,-16.331768,-48.958017,N
15214,75040,anapolis,GO,-16.312724,-48.956497,N
15215,75043,anapolis,GO,-16.326158,-48.958667,N
15216,75044,anapolis,GO,-16.321019,-48.965853,N
15217,75045,anapolis,GO,-16.313077,-48.961703,N
15218,75050,anapolis,GO,-16.29867,-48.971477,N
15219,75053,anapolis,GO,-16.288304,-48.968175,N
15220,75054,anapolis,GO,-16.270335,-48.976691,N
15221,75060,anapolis,GO,-16.30248,-48.959544,N
15222,75063,anapolis,GO,-16.287849,-48.956702,N
15223,75064,anapolis,GO,-16.289732,-48.969145,N
15224,75065,anapolis,GO,-16.28391,-48.964672,N
15225,75066,anapolis,GO,-16.277415,-48.979363,N
15226,75070,anapolis,GO,-16.311215,-48.949113,N
15227,75071,anapolis,GO,-16.28074,-48.944772,N
15228,75072,anapolis,GO,-16.277983,-48.935133,N
15229,75073,anapolis,GO,-16.257216,-48.961649,N
15230,75074,anapolis,GO,-16.27834,-48.928721,N
15231,75075,anapolis,GO,-16.302668,-48.938646,N
15232,75076,anapolis,GO,-16.303635,-48.926677,N
15233,75080,anapolis,GO,-16.31894,-48.945939,N
15234,75083,anapolis,GO,-16.304343,-48.946899,N
15235,75084,anapolis,GO,-16.310764,-48.93861,N
15236,75085,anapolis,GO,-16.284151,-48.921936,N
15237,75090,anapolis,GO,-16.304699,-48.895394,N
15238,75091,anapolis,GO,-16.315124,-48.903451,N
15239,75093,anápolis,GO,-16.319566,-48.916794,N
15240,75094,anapolis,GO,-16.321477,-48.930403,N
15241,75095,anápolis,GO,-16.338388,-48.921201,N
15242,75096,anapolis,GO,-16.327645,-48.928609,N
15243,75097,anapolis,GO,-16.322742,-48.921096,N
15244,75100,anapolis,GO,-16.356678,-48.940205,N
15245,75101,anápolis,GO,-16.336756,-48.903687,N
15246,75102,anapolis,GO,-16.373441,-48.822395,N
15247,75103,anapolis,GO,-16.350688,-48.906125,N
15248,75104,anapolis,GO,-16.355254,-48.912581,N
15249,75105,anápolis,GO,-16.363778,-48.940813,N
15250,75106,anapolis,GO,-16.366619,-48.949528,N
15251,75110,anapolis,GO,-16.333204,-48.93963,N
15252,75113,anápolis,GO,-16.326567,-48.941578,N
15253,75114,anapolis,GO,-16.341106,-48.937741,N
15254,75115,anapolis,GO,-16.343895,-48.945626,N
15255,75120,anapolis,GO,-16.342259,-48.961588,N
15256,75123,anapolis,GO,-16.349355,-48.955467,N
15257,75124,anapolis,GO,-16.358533,-48.966521,N
15258,75125,anapolis,GO,-16.353366,-48.954026,N
15259,75126,anapolis,GO,-16.337586,-48.953488,N
15260,75130,anapolis,GO,-16.369022,-48.966672,N
15261,75131,anapolis,GO,-16.373922,-48.974197,N
15262,75132,anapolis,GO,-16.386384,-48.929041,N
15263,75133,anapolis,GO,-16.381321,-48.957756,N
15264,75134,anapolis,GO,-16.357332,-48.98245,N
15265,75135,anapolis,GO,-16.386168,-48.980727,N
15266,75136,anapolis,GO,-16.391064,-48.982926,N
15267,75140,anapolis,GO,-16.331673,-48.967206,N
15268,75143,anapolis,GO,-16.335811,-48.972484,N
15269,75144,anapolis,GO,-16.327954,-48.988554,N
15270,75145,anapolis,GO,-16.346651,-48.973106,N
15271,75154,sousania,GO,-16.869901,-49.855602,N
15272,75160,campo limpo de goias,GO,-16.295374,-49.090704,N
15273,75165,ouro verde de goias,GO,-16.21849,-49.196336,N
15274,75170,goianapolis,GO,-16.506991,-49.019551,N
15275,75175,terezópolis de goiás,GO,-16.480988,-49.094156,N
15276,75180,silvania,GO,-16.664838,-48.611173,N
15277,75184,gameleira de goias,GO,-16.452449,-48.699208,N
15278,75185,sao miguel do passa quatro,GO,-17.044378,-48.666684,N
15279,75190,leopoldo de bulhoes,GO,-16.619399,-48.751745,N
15280,75195,bonfinópolis,GO,-16.613538,-48.96374,N
15281,75200,pires do rio,GO,-17.305108,-48.282126,N
15282,75202,catalão,GO,-18.199245,-47.941801,N
15283,75210,palmelo,GO,-17.325617,-48.42651,N
15284,75220,santa cruz de goias,GO,-17.306083,-48.501689,N
15285,75230,cristianópolis,GO,-17.196753,-48.705735,N
15286,75240,bela vista de goiás,GO,-16.970749,-48.950997,N
15287,75245,caldazinha,GO,-16.714291,-49.00094,N
15288,75250,senador canedo,GO,-16.692694,-49.116798,N
15289,75251,senador canedo,GO,-16.713163,-49.103752,N
15290,75254,senador canedo,GO,-16.69457,-49.145878,N
15291,75255,senador canedo,GO,-16.671752,-49.175228,N
15292,75256,senador canedo,GO,-16.652238,-49.153427,N
15293,75257,senador canedo,GO,,,N
15294,75258,senador canedo,GO,-16.67543,-49.110498,N
15295,75259,senador canedo,GO,-16.687186,-49.104243,N
15296,75260,vianopolis,GO,-16.720247,-48.799338,N
15297,75261,senador canedo,GO,-16.694947,-49.100114,N
15298,75262,senador canedo,GO,-16.702839,-49.093367,N
15299,75263,senador canedo,GO,-16.715705,-49.09517,N
15300,75264,senador canedo,GO,-16.688838,-49.089381,N
15301,75265,vianópolis,GO,-16.74515,-48.514783,N
15302,75280,orizona,GO,-17.032172,-48.300018,N
15303,75340,hidrolandia,GO,-16.962596,-49.22926,N
15304,75345,abadia de goias,GO,-16.767063,-49.438089,N
15305,75350,guapo,GO,-16.836711,-49.536099,N
15306,75355,varjao,GO,-17.047355,-49.630991,N
15307,75360,aragoiania,GO,-16.911487,-49.449755,N
15308,75370,goianira,GO,-16.513283,-49.42095,N
15309,75375,santo antonio de goias,GO,-16.493532,-49.311984,N
15310,75380,trindade,GO,-16.638331,-49.424935,N
15311,75381,trindade,GO,-16.59111,-49.39673,N
15312,75382,trindade,GO,-16.63022,-49.406316,N
15313,75383,trindade,GO,-16.640432,-49.416093,N
15314,75384,trindade,GO,-16.638179,-49.437957,N
15315,75386,trindade,GO,-16.651004,-49.469674,N
15316,75387,trindade,GO,-16.643518,-49.481301,N
15317,75388,trindade,GO,-16.652982,-49.483372,N
15318,75389,trindade,GO,-16.668122,-49.485488,N
15319,75390,trindade,GO,-16.656751,-49.5079,N
15320,75391,trindade,GO,-16.654349,-49.498337,N
15321,75392,trindade,GO,-16.64482,-49.488071,N
15322,75393,trindade,GO,-16.639481,-49.501957,N
15323,75395,avelinopolis,GO,-16.470293,-49.759743,N
15324,75396,campestre de goias,GO,-16.762699,-49.695901,N
15325,75398,santa barbara de goias,GO,-16.574554,-49.69513,N
15326,75400,inhumas,GO,-16.361254,-49.497143,N
15327,75410,aracu,GO,-16.355163,-49.683567,N
15328,75420,damolandia,GO,-16.253342,-49.368304,N
15329,75430,caturai,GO,-16.44551,-49.494955,N
15330,75440,brazabrantes,GO,-16.432414,-49.387132,N
15331,75450,itaucu,GO,-16.202998,-49.607781,N
15332,75455,santa rosa de goias,GO,-16.080539,-49.490065,N
15333,75460,neropolis,GO,-16.405922,-49.22132,N
15334,75470,nova veneza,GO,-16.372802,-49.316667,N
15335,75480,petrolina de goias,GO,-16.1037,-49.330363,N
15336,75490,sao francisco de goias,GO,-15.932325,-49.26301,N
15337,75495,jesupolis,GO,-15.954505,-49.385724,N
15338,75503,itumbiara,GO,-18.417264,-49.216782,N
15339,75510,itumbiara,GO,-18.410863,-49.219902,N
15340,75513,itumbiara,GO,-18.401654,-49.216395,N
15341,75514,itumbiara,GO,-18.383603,-49.216753,N
15342,75515,itumbiara,GO,-18.381766,-49.214247,N
15343,75516,itumbiara,GO,-18.398375,-49.208399,N
15344,75520,itumbiara,GO,-18.390944,-49.197749,N
15345,75522,itumbiara,GO,-18.409936,-49.200376,N
15346,75523,itumbiara,GO,-18.409417,-49.206378,N
15347,75524,itumbiara,GO,-18.429977,-49.215128,N
15348,75526,itumbiara,GO,-18.425153,-49.228155,N
15349,75528,itumbiara,GO,-18.39778,-49.240845,N
15350,75530,itumbiara,GO,-18.415842,-49.227159,N
15351,75532,itumbiara,GO,-18.409438,-49.241569,N
15352,75533,itumbiara,GO,-18.406055,-49.246055,N
15353,75534,itumbiara,GO,-18.421107,-49.249102,N
15354,75535,itumbiara,GO,-18.411577,-49.266788,N
15355,75536,itumbiara,GO,-18.411526,-49.247246,N
15356,75550,inaciolandia,GO,-18.486858,-49.992164,N
15357,75555,vicentinópolis,GO,-17.733277,-49.804893,N
15358,75560,cachoeira dourada,GO,-18.493616,-49.490934,N
15359,75570,bom jesus,GO,-18.215964,-49.738251,N
15360,75580,panama,GO,-18.182668,-49.353477,N
15361,75600,goiatuba,GO,-18.010415,-49.379212,N
15362,75603,porteirao,GO,-17.813879,-50.16332,N
15363,75610,joviania,GO,-17.805798,-49.621613,N
15364,75615,aloandia,GO,-17.729603,-49.477599,N
15365,75620,pontalina,GO,-17.518139,-49.450411,N
15366,75630,mairipotaba,GO,-17.297301,-49.492303,N
15367,75635,crominia,GO,-17.289032,-49.375334,N
15368,75640,piracanjuba,GO,-17.303499,-49.026369,N
15369,75645,professor jamil,GO,-17.253069,-49.245145,N
15370,75650,morrinhos,GO,-17.733896,-49.115909,N
15371,75660,buriti alegre,GO,-18.134504,-49.041262,N
15372,75665,agua limpa,GO,-18.076322,-48.761604,N
15373,75670,marzagao,GO,-17.979562,-48.644984,N
15374,75680,corumbaiba,GO,-18.14226,-48.563532,N
15375,75690,caldas novas,GO,-17.739424,-48.619853,N
15376,75695,rio quente,GO,-17.798938,-48.763058,N
15377,75701,catalao,GO,-18.171155,-47.946778,N
15378,75702,catalao,GO,-18.161834,-47.952853,N
15379,75703,catalao,GO,-18.159434,-47.940549,N
15380,75704,catalao,GO,-18.158632,-47.935291,N
15381,75705,catalao,GO,-18.14509,-47.925758,N
15382,75706,catalão,GO,-18.162401,-47.922918,N
15383,75707,catalao,GO,-18.169931,-47.935512,N
15384,75708,catalao,GO,-18.17027,-47.922503,N
15385,75709,catalao,GO,-18.179142,-47.946014,N
15386,75710,catalao,GO,-18.218536,-47.939191,N
15387,75711,catalao,GO,-18.168931,-47.970229,N
15388,75712,catalao,GO,-18.164887,-47.958359,N
15389,75713,catalao,GO,-18.166662,-47.95475,N
15390,75714,santo antônio do rio verde,GO,-17.831421,-47.478185,N
15391,75715,ouvidor,GO,-18.232894,-47.834264,N
15392,75720,três ranchos,GO,-18.361393,-47.779259,N
15393,75730,davinopolis,GO,-18.154181,-47.561352,N
15394,75740,goiandira,GO,-18.134085,-48.086972,N
15395,75750,nova aurora,GO,-18.058584,-48.25594,N
15396,75760,cumari,GO,-18.264754,-48.149794,N
15397,75770,anhanguera,GO,-18.339833,-48.219371,N
15398,75780,ipameri,GO,-17.708782,-48.15034,N
15399,75784,domiciano ribeiro,GO,,,N
15400,75790,urutai,GO,-17.464962,-48.202144,N
15401,75795,campo alegre de goias,GO,-17.634402,-47.776589,N
15402,75800,jataí,GO,-17.884337,-51.71699,N
15403,75801,jatai,GO,-17.895216,-51.715566,N
15404,75802,jatai,GO,-17.900096,-51.731048,N
15405,75803,jatai,GO,-17.889045,-51.733374,N
15406,75804,jatai,GO,-17.876285,-51.73097,N
15407,75805,jatai,GO,-17.873743,-51.726455,N
15408,75806,jatai,GO,-17.864937,-51.713619,N
15409,75807,jatai,GO,-17.879393,-51.705509,N
15410,75810,itaruma,GO,-18.76322,-51.346681,N
15411,75813,cacu,GO,-18.566649,-51.135007,N
15412,75814,cacu,GO,-18.556727,-51.135392,N
15413,75815,itaja,GO,-19.065247,-51.54855,N
15414,75819,lagoa santa,GO,-19.182994,-51.398983,N
15415,75820,serranopolis,GO,-18.30699,-51.958235,N
15416,75822,serranopolis,GO,-18.311621,-51.954097,N
15417,75823,perolandia,GO,-17.528448,-52.064499,N
15418,75825,aporé,GO,-18.962628,-51.926942,N
15419,75827,aparecida do rio doce,GO,-18.288549,-51.157996,N
15420,75828,chapadao do ceu,GO,-18.397333,-52.662565,N
15421,75830,mineiros,GO,-17.557091,-52.55032,N
15422,75831,mineiros,GO,-17.560862,-52.559655,N
15423,75832,mineiros,GO,-17.554603,-52.549681,N
15424,75833,mineiros,GO,-17.555075,-52.549556,N
15425,75834,mineiros,GO,-17.542151,-52.543046,N
15426,75835,portelandia,GO,-17.354796,-52.679187,N
15427,75836,mineiros,GO,-17.569465,-52.536247,N
15428,75837,mineiros,GO,-17.55428,-52.542913,N
15429,75838,mineiros,GO,-17.579539,-52.549004,N
15430,75840,santa rita do araguaia,GO,-17.31932,-53.193994,N
15431,75843,portelandia,GO,-17.357162,-52.678264,N
15432,75845,palestina de goias,GO,-16.74473,-51.529463,N
15433,75850,caiaponia,GO,-16.956805,-51.813556,N
15434,75855,doverlândia,GO,-16.727849,-52.32081,N
15435,75860,quirinópolis,GO,-18.446014,-50.451541,N
15436,75865,gouvelandia,GO,-18.439389,-50.138402,N
15437,75870,cachoeira alta,GO,-18.731117,-50.955088,N
15438,75880,paranaiguara,GO,-18.903257,-50.649641,N
15439,75890,sao simao,GO,-18.999782,-50.550462,N
15440,75893,itaguacu,GO,-17.922965,-49.958459,N
15441,75900,rio verde,GO,-17.867023,-50.82712,N
15442,75901,rio verde,GO,-17.804501,-50.916495,N
15443,75902,rio verde,GO,-17.798393,-50.922386,N
15444,75903,rio verde,GO,-17.782867,-50.918177,N
15445,75904,rio verde,GO,-17.777496,-50.904724,N
15446,75905,rio verde,GO,-17.799541,-50.893812,N
15447,75906,rio verde,GO,-17.804123,-50.921374,N
15448,75907,rio verde,GO,-17.81402,-50.934924,N
15449,75908,rio verde,GO,-17.800097,-50.946486,N
15450,75909,rio verde,GO,-17.778793,-50.964757,N
15451,75910,rio verde,GO,-17.755746,-50.911952,N
15452,75911,rio verde,GO,-17.81384,-50.863741,N
15453,75912,rio verde,GO,-17.85855,-50.961609,N
15454,75913,rio verde,GO,-17.806676,-50.926613,N
15455,75914,ouroana,GO,-18.100148,-50.5614,N
15456,75915,montividiu,GO,-17.41878,-51.185786,N
15457,75920,santa helena de goias,GO,-17.81313,-50.596445,N
15458,75925,castelandia,GO,-18.089078,-50.221593,N
15459,75930,maurilandia,GO,-17.978577,-50.340164,N
15460,75935,santo antônio da barra,GO,-17.559546,-50.636073,N
15461,75940,edeia,GO,-17.339194,-49.929004,N
15462,75945,edealina,GO,-17.421931,-49.680514,N
15463,75950,jandaia,GO,-17.079845,-50.160288,N
15464,75955,indiara,GO,-17.144728,-49.991641,N
15465,75960,acreuna,GO,-17.398332,-50.373015,N
15466,75970,turvelandia,GO,-17.852312,-50.305787,N
15467,75980,parauna,GO,-16.966459,-50.461019,N
15468,75985,sao joao da parauna,GO,-16.819073,-50.40797,N
15469,75990,palminópolis,GO,-16.793398,-50.162222,N
15470,76100,são luís de montes belos,GO,-16.51288,-50.374943,N
15471,76105,firminopolis,GO,-16.579554,-50.305721,N
15472,76110,turvania,GO,-16.608937,-50.134095,N
15473,76120,aurilandia,GO,-16.68005,-50.465261,N
15474,76125,cachoeira de goias,GO,-16.667475,-50.645818,N
15475,76130,ivolandia,GO,-16.608244,-50.790712,N
15476,76135,moipora,GO,-16.543596,-50.739762,N
15477,76140,amorinopolis,GO,-16.619799,-51.095801,N
15478,76145,corrego do ouro,GO,-16.294531,-50.549304,N
15479,76150,mossamedes,GO,-16.124703,-50.213409,N
15480,76152,buriti de goiás,GO,-16.183272,-50.434172,N
15481,76155,adelandia,GO,-16.416263,-50.167602,N
15482,76160,sanclerlandia,GO,-16.201416,-50.311995,N
15483,76165,americano do brasil,GO,-16.253588,-49.981569,N
15484,76170,anicuns,GO,-16.459841,-49.960815,N
15485,76180,nazario,GO,-16.580899,-49.882921,N
15486,76190,palmeiras de goias,GO,-16.80658,-49.922137,N
15487,76195,cezarina,GO,-16.979258,-49.770816,N
15488,76200,ipora,GO,-16.439021,-51.116656,N
15489,76205,israelandia,GO,-16.315315,-50.904679,N
15490,76210,jaupaci,GO,-16.183539,-50.95325,N
15491,76220,fazenda nova,GO,-16.181703,-50.78892,N
15492,76230,piranhas,GO,-16.432635,-51.817599,N
15493,76235,arenopolis,GO,-16.38549,-51.559567,N
15494,76240,aragarcas,GO,-15.910836,-52.232512,N
15495,76244,aragarças,GO,-15.897244,-52.233865,N
15496,76245,bom jardim de goias,GO,-16.201743,-52.174555,N
15497,76250,baliza,GO,-16.200376,-52.544148,N
15498,76255,montes claros de goias,GO,-16.004447,-51.394097,N
15499,76260,diorama,GO,-16.234017,-51.258095,N
15500,76265,santa fe de goias,GO,-15.769411,-51.102574,N
15501,76270,jussara,GO,-15.865331,-50.873291,N
15502,76280,britania,GO,-15.243477,-51.164331,N
15503,76285,novo brasil,GO,-16.034789,-50.712108,N
15504,76290,itapirapua,GO,-15.818487,-50.617735,N
15505,76293,jacilandia,GO,-17.804908,-50.92345,N
15506,76300,ceres,GO,-15.303639,-49.60722,N
15507,76304,ipiranga de goias,GO,-15.173099,-49.672087,N
15508,76305,nova gloria,GO,-15.149076,-49.5742,N
15509,76310,rialma,GO,-15.317312,-49.580426,N
15510,76315,rianapolis,GO,-15.44834,-49.51162,N
15511,76320,santa isabel,GO,-15.3023,-49.423905,N
15512,76330,jaraguá,GO,-15.749187,-49.332105,N
15513,76335,uruana,GO,-15.514913,-49.679422,N
15514,76340,carmo do rio verde,GO,-15.356895,-49.702355,N
15515,76343,sao patricio,GO,-15.350685,-49.819236,N
15516,76345,nova america,GO,-15.022067,-49.893398,N
15517,76350,rubiataba,GO,-15.163986,-49.803761,N
15518,76355,morro agudo de goias,GO,-15.315497,-50.05804,N
15519,76360,itapaci,GO,-14.958344,-49.548872,N
15520,76365,sao luiz do norte,GO,-14.863245,-49.328595,N
15521,76370,pilar de goias,GO,-14.763707,-49.579896,N
15522,76372,pilar de goias,GO,-14.763079,-49.578339,N
15523,76374,guarinos,GO,-14.732958,-49.704326,N
15524,76375,hidrolina,GO,-14.722033,-49.468872,N
15525,76380,goianesia,GO,-15.318296,-49.121184,N
15526,76381,goianésia,GO,-15.305443,-49.116222,N
15527,76382,goianesia,GO,-15.329765,-49.117893,N
15528,76383,goianesia,GO,-15.337253,-49.103909,N
15529,76385,goianesia,GO,-15.244293,-49.187385,N
15530,76386,goianésia,GO,-15.84849,-49.179932,N
15531,76387,goianésia,GO,-15.303478,-49.126439,N
15532,76388,goianesia,GO,-15.315055,-49.134871,N
15533,76390,barro alto,GO,-14.965874,-48.919186,N
15534,76393,vila propicio,GO,-15.34241,-48.84807,N
15535,76395,santa rita do novo destino,GO,-14.913345,-49.059678,N
15536,76400,uruacu,GO,-14.518475,-49.142097,N
15537,76410,campinorte,GO,-14.312748,-49.153688,N
15538,76420,niquelandia,GO,-14.469845,-48.45695,N
15539,76440,campinacu,GO,-13.805494,-48.56667,N
15540,76450,minaçu,GO,-13.528557,-48.221096,N
15541,76460,trombas,GO,-13.510238,-48.743034,N
15542,76465,montividiu do norte,GO,-13.352843,-48.690562,N
15543,76470,formoso,GO,-13.658156,-48.877507,N
15544,76480,santa tereza de goias,GO,-13.697086,-49.0145,N
15545,76485,estrela do norte,GO,-13.869616,-49.069006,N
15546,76490,mara rosa,GO,-14.018137,-49.178364,N
15547,76493,amaralina,GO,-13.902455,-49.404027,N
15548,76495,nova iguacu de goias,GO,-14.287632,-49.388669,N
15549,76500,santa terezinha de goiás,GO,-14.430734,-49.710603,N
15550,76510,crixas,GO,-14.540577,-49.969017,N
15551,76515,campos verdes,GO,-14.261394,-49.656982,N
15552,76520,nova crixas,GO,-14.09453,-50.343502,N
15553,76523,nova crixás,GO,-14.09911,-50.329886,N
15554,76525,uirapuru,GO,-14.284241,-49.918223,N
15555,76530,mundo novo,GO,-13.773088,-50.27831,N
15556,76540,mutunopolis,GO,-13.728156,-49.282559,N
15557,76550,porangatu,GO,-13.43892,-49.146558,N
15558,76555,bonopolis,GO,-13.649576,-49.830409,N
15559,76560,alto horizonte,GO,-14.19438,-49.340156,N
15560,76580,novo planalto,GO,-13.240725,-49.508519,N
15561,76590,sao miguel do araguaia,GO,-13.256779,-50.163798,N
15562,76600,goiás,GO,-15.938606,-50.142781,N
15563,76630,itaberaí,GO,-16.023821,-49.800356,N
15564,76640,taquaral de goias,GO,-16.053282,-49.602261,N
15565,76650,itaguari,GO,-15.920651,-49.60473,N
15566,76660,itaguaru,GO,-15.761628,-49.633566,N
15567,76670,heitorai,GO,-15.719988,-49.826468,N
15568,76680,itapuranga,GO,-15.560605,-49.947141,N
15569,76690,guaraíta,GO,-15.631943,-50.030337,N
15570,76700,mozarlandia,GO,-14.751274,-50.568165,N
15571,76710,aruana,GO,-14.925082,-51.079543,N
15572,76720,araguapaz,GO,-15.098426,-50.617515,N
15573,76730,matrincha,GO,-15.444496,-50.723389,N
15574,76740,faina,GO,-15.441665,-50.376902,N
15575,76801,porto velho,RO,-8.752744,-63.905512,N
15576,76802,porto velho,RO,-8.735549,-63.904963,N
15577,76803,porto velho,RO,-8.742421,-63.895646,N
15578,76804,porto velho,RO,-8.766195,-63.893565,N
15579,76805,porto velho,RO,-8.77972,-63.907752,N
15580,76806,porto velho,RO,-8.781499,-63.879635,N
15581,76807,porto velho,RO,-8.7912,-63.884537,N
15582,76808,porto velho,RO,-8.793823,-63.888909,N
15583,76810,porto velho,RO,-9.057527,-64.529652,N
15584,76811,porto velho,RO,-8.798674,-63.863475,N
15585,76812,porto velho,RO,-8.775767,-63.858513,N
15586,76813,porto velho,RO,-8.774703,-63.825546,N
15587,76814,porto velho,RO,-8.780578,-63.802463,N
15588,76815,porto velho,RO,-8.800485,-63.719816,N
15589,76817,porto velho,RO,-8.807959,-63.806055,N
15590,76820,porto velho,RO,-8.75722,-63.87493,N
15591,76821,porto velho,RO,-8.738175,-63.876866,N
15592,76822,porto velho,RO,-8.722945,-63.876158,N
15593,76824,porto velho,RO,-8.747844,-63.856715,N
15594,76825,porto velho,RO,-8.74464,-63.84299,N
15595,76828,porto velho,RO,-8.75767,-63.820674,N
15596,76829,porto velho,RO,-8.765544,-63.843165,N
15597,76840,jaci parana,RO,-9.117395,-64.255405,N
15598,76842,mutum parana,RO,-9.295285,-64.548031,N
15599,76846,vista alegre do abuna,RO,-9.656083,-65.738149,N
15600,76847,extrema,RO,-11.208615,-61.588629,N
15601,76848,nova california,RO,-9.763416,-66.619425,N
15602,76850,guajara-mirim,RO,-10.777061,-65.322077,N
15603,76857,nova mamore,RO,-10.401332,-65.267211,N
15604,76860,candeias do jamari,RO,-8.822749,-63.649349,N
15605,76861,itapua do oeste,RO,-9.18534,-63.187247,N
15606,76862,alto paraiso,RO,-9.718739,-63.324935,N
15607,76863,rio crespo,RO,-9.70666,-62.899987,N
15608,76864,cujubim,RO,-9.36195,-62.58355,N
15609,76866,theobroma,RO,-10.246787,-62.349621,N
15610,76867,vale do anari,RO,-9.857774,-62.174361,N
15611,76868,machadinho d'oeste,RO,-9.420985,-62.012429,N
15612,76870,ariquemes,RO,-9.910598,-63.040234,N
15613,76871,ariquemes,RO,-9.89141,-63.042148,N
15614,76872,ariquemes,RO,-9.903147,-63.033732,N
15615,76873,ariquemes,RO,-9.908503,-63.026814,N
15616,76874,ariquemes,RO,-9.890413,-63.022184,N
15617,76875,ariquemes,RO,-9.910053,-63.014139,N
15618,76876,ariquemes,RO,-9.926669,-63.036282,N
15619,76877,ariquemes,RO,-9.899065,-63.061672,N
15620,76880,buritis,RO,-10.207044,-63.831089,N
15621,76887,campo novo de rondonia,RO,-10.52055,-63.693094,N
15622,76888,monte negro,RO,-10.256183,-63.307615,N
15623,76889,cacaulandia,RO,-10.338545,-62.907643,N
15624,76890,jaru,RO,-10.43696,-62.47325,N
15625,76897,jaru,RO,,,N
15626,76898,governador jorge teixeira,RO,-10.610066,-62.792297,N
15627,76900,ji-paraná,RO,-10.877222,-61.958415,N
15628,76901,ji-parana,RO,-10.870966,-61.975752,N
15629,76904,ji-parana,RO,-10.841917,-61.993062,N
15630,76906,ji-paraná,RO,-10.856144,-61.955433,N
15631,76907,ji-parana,RO,-10.866942,-61.950582,N
15632,76908,ji-parana,RO,-10.88445,-61.921511,N
15633,76909,ji-parana,RO,-10.878213,-61.902258,N
15634,76912,ji-parana,RO,-10.898137,-61.893182,N
15635,76913,ji-paraná,RO,-10.898534,-61.915244,N
15636,76914,ji-paraná,RO,-10.894114,-61.932929,N
15637,76916,presidente medici,RO,-11.170457,-61.905832,N
15638,76919,ministro andreazza,RO,-11.18942,-61.524643,N
15639,76920,ouro preto do oeste,RO,-10.715751,-62.256139,N
15640,76923,vale do paraiso,RO,-10.416637,-62.127662,N
15641,76924,nova uniao,RO,-10.914372,-62.553753,N
15642,76926,mirante da serra,RO,-11.029251,-62.669726,N
15643,76928,teixeiropolis,RO,-10.932789,-62.256468,N
15644,76929,urupa,RO,-11.129971,-62.369612,N
15645,76930,alvorada d'oeste,RO,-11.349471,-62.286973,N
15646,76932,sao miguel do guapore,RO,-11.695518,-62.717504,N
15647,76934,seringueiras,RO,-11.778979,-63.03956,N
15648,76935,sao francisco do guapore,RO,-12.064562,-63.574269,N
15649,76937,costa marques,RO,-12.350703,-64.205434,N
15650,76940,rolim de moura,RO,-11.722454,-61.777036,N
15651,76948,castanheiras,RO,-11.428081,-61.951025,N
15652,76950,santa luzia d'oeste,RO,-11.905111,-61.780517,N
15653,76952,alto alegre dos parecis,RO,-12.134029,-61.856981,N
15654,76954,alta floresta d'oeste,RO,-11.944584,-61.998825,N
15655,76956,novo horizonte do oeste,RO,-11.71163,-62.012006,N
15656,76958,nova brasilandia d'oeste,RO,-11.725876,-62.316993,N
15657,76960,cacoal,RO,-11.425465,-61.471928,N
15658,76961,cacoal,RO,-11.427063,-61.467862,N
15659,76962,cacoal,RO,-11.428529,-61.459464,N
15660,76963,cacoal,RO,-11.431031,-61.444411,N
15661,76964,cacoal,RO,-11.437733,-61.44341,N
15662,76965,cacoal,RO,-11.435231,-61.433477,N
15663,76966,cacoal,RO,-11.438348,-61.429972,N
15664,76967,cacoal,RO,-11.442769,-61.450273,N
15665,76968,cacoal,RO,,,N
15666,76970,pimenta bueno,RO,-11.687573,-61.171246,N
15667,76974,espigao do oeste,RO,-11.52662,-61.014743,N
15668,76976,primavera de rondonia,RO,-11.839642,-61.318944,N
15669,76977,sao felipe d'oeste,RO,-11.910264,-61.51243,N
15670,76979,parecis,RO,-12.181461,-61.601257,N
15671,76980,vilhena,RO,-12.733412,-60.148355,N
15672,76981,vilhena,RO,-12.740956,-60.147071,N
15673,76982,vilhena,RO,-12.722942,-60.13595,N
15674,76983,vilhena,RO,-12.720253,-60.145284,N
15675,76985,vilhena,RO,-12.734596,-60.113287,N
15676,76987,vilhena,RO,-12.741933,-60.116112,N
15677,76988,vilhena,RO,-12.746158,-60.132471,N
15678,76990,chupinguaia,RO,-12.554156,-60.904421,N
15679,76993,colorado do oeste,RO,-13.122241,-60.542176,N
15680,76994,cabixi,RO,-13.486852,-60.537883,N
15681,76995,corumbiara,RO,-12.997453,-60.945055,N
15682,76997,cerejeiras,RO,-13.192665,-60.823111,N
15683,76999,pimenteiras do oeste,RO,-13.481025,-61.046473,N
15684,77001,palmas,TO,-10.168506,-48.340909,N
15685,77002,palmas,TO,-10.162704,-48.343446,N
15686,77006,palmas,TO,-10.175309,-48.319173,N
15687,77015,palmas,TO,-10.1992,-48.345036,N
15688,77016,palmas,TO,-10.217294,-48.346308,N
15689,77017,palmas,TO,-10.184961,-48.344841,N
15690,77018,palmas,TO,-10.246245,-48.346443,N
15691,77019,palmas,TO,-10.256725,-48.337873,N
15692,77020,palmas,TO,-10.189407,-48.320593,N
15693,77021,palmas,TO,-10.205197,-48.323796,N
15694,77022,palmas,TO,-10.219556,-48.32356,N
15695,77023,palmas,TO,-10.23304,-48.322132,N
15696,77024,palmas,TO,-10.25431,-48.323001,N
15697,77025,palmas,TO,-10.268886,-48.322329,N
15698,77026,palmas,TO,-10.154228,-48.314502,N
15699,77059,palmas,TO,-10.293478,-48.31715,N
15700,77060,palmas,TO,-10.317773,-48.302901,N
15701,77062,palmas,TO,-10.315482,-48.318234,N
15702,77063,palmas,TO,-10.329154,-48.323168,N
15703,77064,palmas,TO,-10.337822,-48.29317,N
15704,77066,palmas,TO,-10.341683,-48.281935,N
15705,77080,palmas,TO,-10.316873,-48.154605,N
15706,77300,dianópolis,TO,-11.627034,-46.821547,N
15707,77303,rio da conceição,TO,-11.371631,-46.821815,N
15708,77305,conceicao do tocantins,TO,-12.207735,-47.298495,N
15709,77308,taipas do tocantins,TO,-12.192317,-46.991546,N
15710,77310,almas,TO,-11.567893,-47.16831,N
15711,77315,ponte alta do bom jesus,TO,-12.089199,-46.479192,N
15712,77318,novo jardim,TO,-11.819561,-46.625218,N
15713,77320,taguatinga,TO,-12.398605,-46.439265,N
15714,77325,aurora do tocantins,TO,-12.71071,-46.405435,N
15715,77330,arraias,TO,-12.9207,-46.950081,N
15716,77350,combinado,TO,-12.815405,-46.55013,N
15717,77353,novo alegre,TO,-12.914309,-46.573945,N
15718,77360,parana,TO,-12.616804,-47.875787,N
15719,77365,palmeiropolis,TO,-13.042819,-48.405798,N
15720,77368,sao salvador do tocantins,TO,-12.74893,-48.237837,N
15721,77370,natividade,TO,-11.713285,-47.721506,N
15722,77375,santa rosa do tocantins,TO,-11.448122,-48.114507,N
15723,77378,chapada da natividade,TO,-11.61781,-47.751038,N
15724,77380,pindorama do tocantins,TO,-11.143887,-47.575136,N
15725,77390,sao valerio da natividade,TO,-11.973437,-48.234229,N
15726,77395,porto alegre do tocantins,TO,-11.562463,-47.04853,N
15727,77402,gurupi,TO,-11.72628,-49.073576,N
15728,77403,gurupi,TO,-11.728881,-49.073745,N
15729,77404,gurupi,TO,,,N
15730,77405,gurupi,TO,-11.729307,-49.066735,N
15731,77410,gurupi,TO,-11.729677,-49.061427,N
15732,77411,gurupi,TO,-11.737852,-49.048269,N
15733,77413,gurupi,TO,-11.723418,-49.073491,N
15734,77415,gurupi,TO,-11.757261,-49.069164,N
15735,77416,gurupi,TO,-11.719609,-49.086348,N
15736,77420,gurupi,TO,-11.717653,-49.068289,N
15737,77423,gurupi,TO,-11.727329,-49.063604,N
15738,77425,gurupi,TO,-11.73197,-49.094392,N
15739,77426,gurupi,TO,-11.732407,-49.066404,N
15740,77430,gurupi,TO,-11.719095,-49.0947,N
15741,77433,gurupi,TO,-11.736385,-49.070672,N
15742,77435,gurupi,TO,-11.725164,-49.07925,N
15743,77440,gurupi,TO,-11.708162,-49.042058,N
15744,77444,gurupi,TO,-11.708939,-49.055539,N
15745,77450,jau do tocantins,TO,-12.65789,-48.599102,N
15746,77453,cariri do tocantins,TO,-11.905019,-49.166223,N
15747,77455,alianca do tocantins,TO,-11.305018,-48.93721,N
15748,77458,sucupira,TO,-11.987674,-48.911147,N
15749,77460,peixe,TO,-12.032918,-48.539878,N
15750,77463,crixas do tocantins,TO,-11.103224,-48.918391,N
15751,77465,figueiropolis,TO,-12.135428,-49.159914,N
15752,77470,formoso do araguaia,TO,-11.812225,-49.544886,N
15753,77475,araguacu,TO,-12.927971,-49.826273,N
15754,77478,sandolandia,TO,-12.53922,-49.926603,N
15755,77480,alvorada,TO,-12.478669,-49.122905,N
15756,77483,talismã,TO,-12.799401,-49.09191,N
15757,77485,duere,TO,-11.341387,-49.266858,N
15758,77490,cristalandia,TO,-10.602958,-49.195437,N
15759,77493,lagoa da confusao,TO,-10.79533,-49.627227,N
15760,77495,nova rosalandia,TO,-10.56539,-48.91245,N
15761,77500,porto nacional,TO,-10.705426,-48.406268,N
15762,77555,fatima,TO,-10.758322,-48.902605,N
15763,77558,oliveira de fatima,TO,-10.707089,-48.905618,N
15764,77560,brejinho de nazare,TO,-11.017962,-48.570532,N
15765,77570,pium,TO,-10.441797,-49.177976,N
15766,77580,silvanopolis,TO,-11.162528,-48.141225,N
15767,77585,monte do carmo,TO,-10.763398,-48.103839,N
15768,77590,ponte alta do tocantins,TO,-10.744861,-47.536368,N
15769,77593,mateiros,TO,-10.546062,-46.419197,N
15770,77600,paraiso do tocantins,TO,-10.174507,-48.888445,N
15771,77603,pugmil,TO,-10.421499,-48.925691,N
15772,77610,novo acordo,TO,-9.965558,-47.677521,N
15773,77613,lagoa do tocantins,TO,-10.295714,-47.563729,N
15774,77615,santa tereza do tocantins,TO,-10.283361,-47.809007,N
15775,77620,aparecida do rio negro,TO,-9.95041,-47.975272,N
15776,77630,lizarda,TO,-9.594945,-46.67513,N
15777,77635,rio sono,TO,-9.347139,-47.895766,N
15778,77640,tocantinia,TO,-9.567553,-48.37538,N
15779,77645,lajeado,TO,-9.753703,-48.355778,N
15780,77650,miracema do tocantins,TO,-9.572253,-48.409635,N
15781,77655,rio dos bois,TO,-9.342896,-48.535517,N
15782,77660,miranorte,TO,-9.534961,-48.591047,N
15783,77665,barrolandia,TO,-9.835548,-48.726056,N
15784,77670,divinopolis do tocantins,TO,-9.800886,-49.215058,N
15785,77673,monte santo do tocantins,TO,-9.980866,-49.029699,N
15786,77675,marianopolis do tocantins,TO,-9.796645,-49.657202,N
15787,77680,caseara,TO,-9.271499,-49.956698,N
15788,77685,dois irmaos do tocantins,TO,-9.25818,-49.065247,N
15789,77690,araguacema,TO,-8.814715,-49.556563,N
15790,77693,abreulândia,TO,-9.622443,-49.14972,N
15791,77695,goianorte,TO,-8.774034,-48.935066,N
15792,77700,guarai,TO,-8.839752,-48.508517,N
15793,77704,tupirama,TO,-8.971529,-48.188261,N
15794,77708,fortaleza do tabocao,TO,-9.073191,-48.522473,N
15795,77710,pedro afonso,TO,-9.008681,-48.145338,N
15796,77714,bom jesus do tocantins,TO,-8.965546,-48.165667,N
15797,77716,santa maria do tocantins,TO,-8.775036,-47.749393,N
15798,77718,itapiratins,TO,-8.384347,-48.108323,N
15799,77720,itacajá,TO,-8.399459,-47.765927,N
15800,77723,centenario,TO,-8.958467,-47.337114,N
15801,77725,colmeia,TO,-8.741732,-48.753203,N
15802,77730,pequizeiro,TO,-8.596253,-48.934494,N
15803,77733,recursolandia,TO,-8.723188,-47.222532,N
15804,77735,brasilândia do tocantins,TO,-8.368402,-48.483198,N
15805,77740,itapora do tocantins,TO,-8.571427,-48.689396,N
15806,77745,presidente kennedy,TO,-8.531084,-48.507221,N
15807,77750,couto de magalhaes,TO,-8.365862,-49.168311,N
15808,77753,juarina,TO,-8.119291,-49.101024,N
15809,77755,bernardo sayao,TO,-7.892222,-48.904446,N
15810,77760,colinas do tocantins,TO,-8.057911,-48.479811,N
15811,77770,goiatins,TO,-7.712059,-47.316128,N
15812,77777,campos lindos,TO,-7.98886,-46.80145,N
15813,77780,arapoema,TO,-7.656671,-49.064302,N
15814,77783,bandeirantes do tocantins,TO,-7.759598,-48.578086,N
15815,77785,pau d'arco,TO,-7.541748,-49.369511,N
15816,77790,nova olinda,TO,-7.630079,-48.42301,N
15817,77795,filadelfia,TO,-7.339378,-47.49329,N
15818,77803,araguaina,TO,-7.193501,-48.209075,N
15819,77804,araguaina,TO,-7.189079,-48.207663,N
15820,77805,araguaina,TO,-7.191509,-48.209496,N
15821,77807,araguaina,TO,-7.197548,-48.198715,N
15822,77808,araguaina,TO,-7.208632,-48.186037,N
15823,77809,araguaina,TO,-7.208061,-48.20288,N
15824,77813,araguaina,TO,-7.200586,-48.210007,N
15825,77814,araguaina,TO,-7.221406,-48.239014,N
15826,77815,araguaina,TO,-7.211799,-48.224579,N
15827,77816,araguaina,TO,-7.202189,-48.232515,N
15828,77817,araguaina,TO,-7.197694,-48.224197,N
15829,77818,araguaina,TO,-7.193866,-48.224559,N
15830,77820,araguaina,TO,-7.199699,-48.218471,N
15831,77823,araguaina,TO,-7.185012,-48.214659,N
15832,77824,araguaina,TO,-7.183268,-48.205202,N
15833,77825,araguaina,TO,-7.172454,-48.201881,N
15834,77826,araguaina,TO,-7.191386,-48.19305,N
15835,77827,araguaina,TO,-7.188659,-48.192819,N
15836,77828,araguaina,TO,-7.202427,-48.175623,N
15837,77829,araguaina,TO,-7.223332,-48.238048,N
15838,77840,carmolandia,TO,-7.035135,-48.3962,N
15839,77845,aragominas,TO,-7.168984,-48.530338,N
15840,77848,santa fe do araguaia,TO,-7.145636,-48.716663,N
15841,77850,muricilandia,TO,-7.142396,-48.607188,N
15842,77855,araguana,TO,-6.668324,-48.577056,N
15843,77860,wanderlandia,TO,-6.850639,-47.965304,N
15844,77870,babaculandia,TO,-7.203642,-47.758758,N
15845,77880,xambioa,TO,-6.418048,-48.53296,N
15846,77885,santa terezinha do tocantins,TO,-6.435021,-47.672864,N
15847,77890,ananas,TO,-6.369106,-48.073242,N
15848,77895,nazare,TO,-6.375567,-47.662583,N
15849,77900,tocantinopolis,TO,-6.325758,-47.4309,N
15850,77903,luzinopolis,TO,-6.191735,-47.855006,N
15851,77905,angico,TO,-6.392816,-47.866107,N
15852,77908,aguiarnopolis,TO,-6.561234,-47.474589,N
15853,77910,darcinopolis,TO,-6.70878,-47.751119,N
15854,77913,palmeiras do tocantins,TO,-6.61371,-47.564267,N
15855,77915,cachoeirinha,TO,-6.120012,-47.920326,N
15856,77918,maurilândia do tocantins,TO,-5.954293,-47.507326,N
15857,77920,itaguatins,TO,-5.77482,-47.479968,N
15858,77925,sao miguel do tocantins,TO,-5.554065,-47.577314,N
15859,77930,axixa do tocantins,TO,-5.628634,-47.76819,N
15860,77940,sitio novo do tocantins,TO,-5.607353,-47.649173,N
15861,77950,araguatins,TO,-5.650281,-48.121284,N
15862,77958,sao bento do tocantins,TO,-6.010488,-47.916233,N
15863,77960,augustinopolis,TO,-5.468344,-47.888305,N
15864,77970,praia norte,TO,-5.422704,-47.809346,N
15865,77980,sampaio,TO,-5.352741,-47.875063,N
15866,77990,sao sebastiao do tocantins,TO,-5.272299,-48.216433,N
15867,77993,esperantina,TO,-5.363921,-48.542115,N
15868,77995,buriti do tocantins,TO,-5.321205,-48.211112,N
15869,78000,cuiaba,MT,-15.649532,-56.032901,N
15870,78005,cuiaba,MT,-15.592379,-56.093283,N
15871,78008,cuiaba,MT,-15.591817,-56.082896,N
15872,78010,cuiaba,MT,-15.602083,-56.083163,N
15873,78015,cuiaba,MT,-15.608747,-56.086288,N
15874,78020,cuiabá,MT,-15.602882,-56.102861,N
15875,78025,cuiaba,MT,-15.608562,-56.099467,N
15876,78028,cuiaba,MT,-15.614053,-56.127237,N
15877,78030,cuiabá,MT,-15.606546,-56.121603,N
15878,78031,cuiaba,MT,-15.603397,-56.114862,N
15879,78032,cuiaba,MT,-15.597979,-56.107131,N
15880,78035,cuiaba,MT,-15.59576,-56.126167,N
15881,78040,cuiaba,MT,-15.580545,-56.114325,N
15882,78042,cuiabá,MT,-15.592012,-56.1186,N
15883,78043,cuiaba,MT,-15.58556,-56.107732,N
15884,78045,cuiabá,MT,-15.590278,-56.102205,N
15885,78048,cuiaba,MT,-15.566054,-56.084865,N
15886,78049,cuiaba,MT,-15.549336,-56.095239,N
15887,78050,cuiaba,MT,-15.58832,-56.068357,N
15888,78051,cuiaba,MT,-15.593175,-56.058194,N
15889,78052,cuiaba,MT,-15.584297,-56.031441,N
15890,78053,cuiaba,MT,-15.584021,-56.052602,N
15891,78055,cuiaba,MT,-15.555763,-56.05615,N
15892,78056,cuiaba,MT,-15.595202,-56.038485,N
15893,78057,cuiaba,MT,-15.665961,-56.042666,N
15894,78058,cuiaba,MT,-15.576748,-56.022843,N
15895,78060,cuiaba,MT,-15.60615,-56.069756,N
15896,78061,cuiaba,MT,-15.610295,-56.070465,N
15897,78065,cuiaba,MT,-15.617234,-56.077693,N
15898,78068,cuiabá,MT,-15.612179,-56.046685,N
15899,78070,cuiaba,MT,-15.622065,-56.073964,N
15900,78074,cuiabá,MT,-15.559818,-56.033027,N
15901,78075,cuiaba,MT,-15.607627,-56.033979,N
15902,78076,cuiaba,MT,-15.623638,-56.022161,N
15903,78077,cuiaba,MT,-15.60492,-56.045704,N
15904,78080,cuiaba,MT,-15.623572,-56.055227,N
15905,78085,cuiabá,MT,-15.634843,-56.058811,N
15906,78087,cuiaba,MT,-15.614686,-56.051743,N
15907,78088,cuiaba,MT,-15.625455,-56.016316,N
15908,78089,cuiaba,MT,-15.643249,-55.997247,N
15909,78090,cuiaba,MT,-15.641929,-56.027355,N
15910,78091,cuiaba,MT,-15.626366,-55.989951,N
15911,78093,cuiaba,MT,-15.618568,-56.020173,N
15912,78094,cuiaba,MT,-15.62549,-56.044052,N
15913,78095,cuiaba,MT,-15.660156,-56.051497,N
15914,78096,cuiaba,MT,-15.615618,-56.041185,N
15915,78098,cuiaba,MT,-15.6499,-55.989282,N
15916,78099,cuiaba,MT,-15.632649,-55.955509,N
15917,78104,nossa senhora da guia,MT,-14.63333,-57.06667,N
15918,78110,varzea grande,MT,-15.64691,-56.134079,N
15919,78115,várzea grande,MT,-15.62899,-56.107421,N
15920,78116,varzea grande,MT,-15.636311,-56.106789,N
15921,78117,varzea grande,MT,-15.633375,-56.140845,N
15922,78118,varzea grande,MT,-15.649002,-56.10591,N
15923,78120,varzea grande,MT,-15.66685,-56.094293,N
15924,78125,várzea grande,MT,-15.660145,-56.125208,N
15925,78128,varzea grande,MT,-15.672568,-56.125037,N
15926,78130,varzea grande,MT,-15.668737,-56.136452,N
15927,78131,varzea grande,MT,38.816816,-9.394625,N
15928,78132,varzea grande,MT,-15.680009,-56.149281,N
15929,78134,varzea grande,MT,-15.658883,-56.125793,N
15930,78135,varzea grande,MT,-15.656567,-56.141953,N
15931,78138,várzea grande,MT,-15.653621,-56.161005,N
15932,78140,varzea grande,MT,-15.639526,-56.146039,N
15933,78141,varzea grande,MT,-15.640775,-56.150634,N
15934,78142,varzea grande,MT,-15.631397,-56.155985,N
15935,78143,varzea grande,MT,-15.6516,-56.150423,N
15936,78144,varzea grande,MT,-15.626926,-56.154276,N
15937,78145,varzea grande,MT,-15.664525,-56.138666,N
15938,78148,varzea grande,MT,-15.662894,-56.156397,N
15939,78149,varzea grande,MT,-15.667952,-56.236312,N
15940,78150,varzea grande,MT,-15.6499,-56.164963,N
15941,78152,várzea grande,MT,-15.662386,-56.154864,N
15942,78158,varzea grande,MT,-15.635244,-56.166702,N
15943,78165,varzea grande,MT,-15.624914,-56.147907,N
15944,78170,nossa senhora do livramento,MT,-15.79089,-56.379326,N
15945,78175,pocone,MT,-16.262075,-56.629964,N
15946,78178,cangas,MT,-19.539423,-55.214986,N
15947,78180,santo antonio do leverger,MT,-15.903546,-56.034918,N
15948,78190,barao de melgaco,MT,-16.195434,-55.951225,N
15949,78195,chapada dos guimaraes,MT,-15.419297,-55.725307,N
15950,78200,cáceres,MT,-16.064382,-57.688047,N
15951,78237,curvelandia,MT,-15.612738,-57.917082,N
15952,78240,porto esperidiao,MT,-15.837942,-58.506438,N
15953,78243,nova lacerda,MT,-14.474448,-59.586855,N
15954,78245,vila bela da santissima trindade,MT,-15.050128,-59.956082,N
15955,78250,pontes e lacerda,MT,-15.235746,-59.33328,N
15956,78253,vale de sao domingos,MT,-15.28968,-59.079075,N
15957,78254,conquista d'oeste,MT,-14.551122,-59.532403,N
15958,78255,jauru,MT,-15.339703,-58.872326,N
15959,78260,araputanga,MT,-15.469445,-58.347732,N
15960,78265,reserva do cabacal,MT,-15.120727,-58.385485,N
15961,78270,salto do ceu,MT,-15.128912,-58.130839,N
15962,78275,rio branco,MT,-15.240464,-58.113138,N
15963,78278,lambari d'oeste,MT,-15.334469,-57.992568,N
15964,78280,mirassol d'oeste,MT,-15.675492,-58.091327,N
15965,78284,sonho azul,MT,-15.771534,-58.12141,N
15966,78285,sao jose dos quatro marcos,MT,-15.626527,-58.183285,N
15967,78290,figueiropolis d'oeste,MT,-15.450592,-58.737465,N
15968,78293,gloria d'oeste,MT,-15.769888,-58.311947,N
15969,78295,indiavai,MT,-15.457173,-58.584998,N
15970,78300,tangará da serra,MT,-14.615108,-57.514783,N
15971,78307,campos de julio,MT,-13.72317,-59.258345,N
15972,78310,comodoro,MT,-13.658484,-59.784501,N
15973,78320,juina,MT,-11.422656,-58.779227,N
15974,78325,aripuana,MT,-10.18504,-59.460582,N
15975,78330,cotriguacu,MT,-9.8953,-58.566911,N
15976,78335,colniza,MT,-9.447976,-59.269434,N
15977,78338,rondolandia,MT,-10.84511,-61.460202,N
15978,78340,juruena,MT,-10.329328,-58.496808,N
15979,78345,castanheira,MT,-11.137907,-58.610196,N
15980,78350,brasnorte,MT,-12.130307,-57.998921,N
15981,78360,campo novo do parecis,MT,-13.726727,-57.908348,N
15982,78361,itamarati norte,MT,-15.594054,-56.116434,N
15983,78365,sapezal,MT,-13.5434,-58.808192,N
15984,78370,nova olimpia,MT,-14.779771,-57.293855,N
15985,78380,denise,MT,-14.728322,-57.049351,N
15986,78390,barra do bugres,MT,-15.069537,-57.187766,N
15987,78398,porto estrela,MT,-15.330309,-57.201087,N
15988,78400,diamantino,MT,-14.377598,-56.458624,N
15989,78402,novo diamantino,MT,-14.381059,-56.401159,N
15990,78410,alto paraguai,MT,-14.513116,-56.487035,N
15991,78415,nova marilandia,MT,-14.36554,-56.97466,N
15992,78420,arenápolis,MT,-14.46009,-56.842695,N
15993,78425,santo afonso,MT,-14.48875,-57.037366,N
15994,78430,nortelandia,MT,-14.452462,-56.804645,N
15995,78435,sao jose do rio claro,MT,-13.513294,-56.723387,N
15996,78445,nova maringa,MT,-13.010857,-57.102106,N
15997,78450,nova mutum,MT,-13.811909,-56.083218,N
15998,78453,santa rita do trivelato,MT,-13.80459,-55.275465,N
15999,78455,lucas do rio verde,MT,-13.066933,-55.932543,N
16000,78460,nobres,MT,-14.712727,-56.315191,N
16001,78470,rosario oeste,MT,-14.834682,-56.38532,N
16002,78480,acorizal,MT,-15.199589,-56.366941,N
16003,78490,jangada,MT,-15.240572,-56.486293,N
16004,78500,colider,MT,-10.804774,-55.45771,N
16005,78505,terra nova do norte,MT,-10.586222,-55.114297,N
16006,78508,nova guarita,MT,-10.310602,-55.404855,N
16007,78510,itauba,MT,-11.008064,-55.243659,N
16008,78515,nova canaa do norte,MT,-10.616297,-55.810619,N
16009,78518,colorado do norte,MT,-10.4775,-56.07806,N
16010,78520,guaranta do norte,MT,-9.948277,-54.90127,N
16011,78525,matupa,MT,-10.144574,-54.869793,N
16012,78528,novo mundo,MT,-9.975683,-55.17407,N
16013,78530,peixoto de azevedo,MT,-10.248915,-54.909331,N
16014,78535,marcelândia,MT,-11.080845,-54.519165,N
16015,78540,claudia,MT,-11.504138,-54.875626,N
16016,78543,uniao do sul,MT,-11.531251,-54.368373,N
16017,78545,santa carmem,MT,-11.973465,-55.280417,N
16018,78548,nova santa helena,MT,-10.869666,-55.129347,N
16019,78550,sinop,MT,-11.853803,-55.503545,N
16020,78551,sinop,MT,-11.787941,-55.471673,N
16021,78552,sinop,MT,-11.834552,-55.50811,N
16022,78553,sinop,MT,-11.824921,-55.516806,N
16023,78554,sinop,MT,,,N
16024,78555,sinop,MT,-11.845244,-55.528179,N
16025,78556,sinop,MT,-11.866929,-55.516923,N
16026,78557,sinop,MT,-11.874715,-55.500536,N
16027,78558,sinop,MT,-11.942501,-55.512529,N
16028,78559,sinop,MT,-11.91093,-55.506914,N
16029,78560,porto dos gauchos,MT,-11.558654,-57.349776,N
16030,78563,tabapora,MT,-11.2996,-56.792215,N
16031,78565,nova bandeirantes,MT,-9.850183,-57.822949,N
16032,78570,novo horizonte do norte,MT,-11.391035,-57.321031,N
16033,78573,tapurah,MT,-12.730236,-56.519469,N
16034,78575,juara,MT,-11.23804,-57.516881,N
16035,78578,ipiranga do norte,MT,-12.209357,-56.139265,N
16036,78579,itanhanga,MT,-12.230123,-56.648333,N
16037,78580,alta floresta,MT,-9.902096,-56.147982,N
16038,78587,carlinda,MT,-9.966517,-55.823672,N
16039,78590,paranaita,MT,-9.696548,-56.608846,N
16040,78593,nova monte verde,MT,-9.979483,-57.449932,N
16041,78595,apiacás,MT,-9.556751,-57.392499,N
16042,78600,barra do garcas,MT,-15.878863,-52.273574,N
16043,78610,ponte branca,MT,-16.76518,-52.83635,N
16044,78613,ribeiraozinho,MT,-16.488082,-52.698586,N
16045,78615,araguainha,MT,-16.858993,-53.034235,N
16046,78620,general carneiro,MT,-15.690866,-52.836012,N
16047,78625,novo sao joaquim,MT,-14.912519,-53.019646,N
16048,78628,santo antonio do leste,MT,-14.800173,-53.611986,N
16049,78630,campinapolis,MT,-14.443594,-52.8329,N
16050,78635,agua boa,MT,-14.062203,-52.204459,N
16051,78638,nova nazaré,MT,-13.989458,-51.796709,N
16052,78640,canarana,MT,-13.542299,-52.271518,N
16053,78643,querência,MT,-12.569805,-52.249779,N
16054,78645,vila rica,MT,-10.013327,-51.119943,N
16055,78650,santa terezinha,MT,-10.766738,-50.943438,N
16056,78652,confresa,MT,-10.634294,-51.576751,N
16057,78655,porto alegre do norte,MT,-10.872717,-51.636716,N
16058,78658,canabrava do norte,MT,-11.068414,-51.833055,N
16059,78660,luciara,MT,-11.220696,-50.666148,N
16060,78663,sao jose do xingu,MT,-10.797265,-52.734225,N
16061,78664,santa cruz do xingu,MT,-10.648801,-52.737327,N
16062,78665,alto boa vista,MT,-11.679429,-51.376754,N
16063,78668,serra nova dourada,MT,-12.091253,-51.394374,N
16064,78670,sao felix do araguaia,MT,-11.609239,-50.817102,N
16065,78674,novo santo antonio,MT,-12.315703,-50.968981,N
16066,78675,ribeirao cascalheira,MT,-12.918451,-51.799029,N
16067,78678,ribeirao cascalheira,MT,-12.243356,-51.592962,N
16068,78680,cocalinho,MT,-14.392724,-51.002328,N
16069,78685,araguaiana,MT,-15.724666,-51.834833,N
16070,78690,nova xavantina,MT,-14.666464,-52.353931,N
16071,78695,torixoreu,MT,-16.199845,-52.557273,N
16072,78698,pontal do araguaia,MT,-15.900995,-52.257248,N
16073,78700,rondonopolis,MT,-16.467956,-54.631427,N
16074,78705,rondonopolis,MT,-16.459476,-54.650657,N
16075,78710,rondonopolis,MT,-16.455998,-54.639755,N
16076,78711,rondonopolis,MT,-16.440095,-54.662833,N
16077,78714,rondonópolis,MT,-16.439795,-54.633487,N
16078,78715,rondonopolis,MT,-16.441929,-54.638566,N
16079,78716,rondonopolis,MT,-16.439853,-54.641366,N
16080,78717,rondonopolis,MT,-16.44538,-54.629782,N
16081,78718,rondonopolis,MT,-16.456012,-54.628502,N
16082,78719,rondonopolis,MT,-16.43237,-54.62605,N
16083,78720,rondonopolis,MT,-16.445653,-54.624131,N
16084,78721,rondonopolis,MT,-16.436386,-54.619283,N
16085,78725,rondonopolis,MT,-16.445983,-54.615027,N
16086,78730,rondonopolis,MT,-16.46147,-54.608916,N
16087,78731,rondonopolis,MT,-16.445122,-54.609603,N
16088,78734,rondonopolis,MT,-16.478125,-54.618828,N
16089,78735,rondonopolis,MT,-16.477307,-54.59317,N
16090,78736,rondonopolis,MT,-16.470375,-54.570444,N
16091,78739,rondonopolis,MT,-16.46536,-54.638563,N
16092,78740,rondonopolis,MT,-16.475636,-54.6169,N
16093,78744,rondonopolis,MT,-16.485866,-54.643157,N
16094,78745,rondonópolis,MT,-16.483262,-54.648678,N
16095,78746,rondonópolis,MT,-16.476946,-54.657045,N
16096,78747,rondonopolis,MT,-16.439951,-54.674662,N
16097,78750,rondonopolis,MT,-16.456403,-54.671344,N
16098,78752,boa vista,MT,-16.14475,-54.661085,N
16099,78760,guiratinga,MT,-16.345795,-53.763182,N
16100,78770,alto garcas,MT,-16.946129,-53.531096,N
16101,78773,são josé do povo,MT,-16.514101,-54.277147,N
16102,78775,tesouro,MT,-16.080892,-53.553776,N
16103,78780,alto araguaia,MT,-17.31726,-53.223328,N
16104,78785,alto taquari,MT,-17.831339,-53.282429,N
16105,78790,itiquira,MT,-17.205844,-54.145933,N
16106,78795,pedra preta,MT,-16.635911,-54.456641,N
16107,78800,poxoreu,MT,-15.828609,-54.391477,N
16108,78810,juscimeira,MT,-16.053198,-54.888538,N
16109,78816,juscimeira,MT,-16.162099,-54.795126,N
16110,78820,jaciara,MT,-15.951274,-54.985216,N
16111,78830,dom aquino,MT,-15.809248,-54.921923,N
16112,78835,sao pedro da cipa,MT,-16.002895,-54.919898,N
16113,78840,campo verde,MT,-15.550756,-55.17606,N
16114,78850,primavera do leste,MT,-15.542519,-54.299769,N
16115,78855,planalto da serra,MT,-14.661,-54.777662,N
16116,78860,nova brasilandia,MT,-14.924949,-54.973017,N
16117,78870,paranatinga,MT,-14.379563,-54.058672,N
16118,78875,gaucha do norte,MT,-13.182762,-53.265546,N
16119,78880,vera,MT,-12.288099,-55.296991,N
16120,78885,feliz natal,MT,-12.375897,-54.928752,N
16121,78888,nova ubiratã,MT,-13.016624,-55.171943,N
16122,78890,sorriso,MT,-12.572134,-55.714516,N
16123,78896,boa esperanca,MT,-14.316048,-50.276246,N
16124,79002,campo grande,MS,-20.459926,-54.611731,N
16125,79003,campo grande,MS,-20.469977,-54.59666,N
16126,79004,campo grande,MS,-20.473276,-54.609388,N
16127,79005,campo grande,MS,-20.472895,-54.6257,N
16128,79006,campo grande,MS,-20.483339,-54.638943,N
16129,79008,campo grande,MS,-20.458192,-54.624512,N
16130,79009,campo grande,MS,-20.452048,-54.628974,N
16131,79010,campo grande,MS,-20.443817,-54.609107,N
16132,79011,campo grande,MS,-20.431568,-54.607911,N
16133,79012,campo grande,MS,-20.421714,-54.60307,N
16134,79013,campo grande,MS,-20.419314,-54.590602,N
16135,79014,campo grande,MS,-20.422016,-54.603433,N
16136,79015,campo grande,MS,-20.399294,-54.582983,N
16137,79016,campo grande,MS,-20.407844,-54.575037,N
16138,79017,campo grande,MS,-20.390883,-54.569541,N
16139,79018,campo grande,MS,-20.3857,-54.550659,N
16140,79020,campo grande,MS,-20.458254,-54.597725,N
16141,79021,campo grande,MS,-20.452954,-54.587449,N
16142,79022,campo grande,MS,-20.442721,-54.593037,N
16143,79023,campo grande,MS,-20.430626,-54.583443,N
16144,79031,campo grande,MS,-20.4517,-54.571786,N
16145,79032,campo grande,MS,-20.437911,-54.574462,N
16146,79033,campo grande,MS,-20.422785,-54.573002,N
16147,79034,campo grande,MS,-20.42316,-54.56402,N
16148,79035,campo grande,MS,-20.419464,-54.559161,N
16149,79036,campo grande,MS,-20.43542,-54.560835,N
16150,79037,campo grande,MS,-20.441124,-54.539933,N
16151,79040,campo grande,MS,-20.461905,-54.579463,N
16152,79041,campo grande,MS,-20.47354,-54.578143,N
16153,79042,campo grande,MS,-20.48461,-54.570572,N
16154,79043,campo grande,MS,-20.471257,-54.562544,N
16155,79044,campo grande,MS,-20.472149,-54.548598,N
16156,79045,campo grande,MS,-20.461117,-54.541788,N
16157,79046,campo grande,MS,-20.483293,-54.552746,N
16158,79048,campo grande,MS,-20.49347,-54.607761,N
16159,79050,campo grande,MS,-20.486686,-54.60648,N
16160,79051,campo grande,MS,-20.486368,-54.593157,N
16161,79052,campo grande,MS,-20.500058,-54.585206,N
16162,79060,campo grande,MS,-20.509419,-54.597246,N
16163,79062,campo grande,MS,-20.514529,-54.57101,N
16164,79063,campo grande,MS,-20.523908,-54.590222,N
16165,79064,campo grande,MS,-20.551867,-54.58466,N
16166,79065,campo grande,MS,-20.551009,-54.574572,N
16167,79070,campo grande,MS,-20.515427,-54.613751,N
16168,79071,campo grande,MS,-20.529281,-54.609137,N
16169,79072,campo grande,MS,-20.546063,-54.606954,N
16170,79073,campo grande,MS,-20.550804,-54.621513,N
16171,79074,campo grande,MS,-20.530877,-54.638041,N
16172,79075,campo grande,MS,-20.55284,-54.650656,N
16173,79076,campo grande,MS,-20.538285,-54.65787,N
16174,79077,campo grande,MS,-20.55045,-54.662796,N
16175,79080,campo grande,MS,-20.489536,-54.622009,N
16176,79081,campo grande,MS,-20.503974,-54.631454,N
16177,79082,campo grande,MS,-20.510183,-54.64209,N
16178,79083,campo grande,MS,-20.524563,-54.644287,N
16179,79084,campo grande,MS,-20.519237,-54.649461,N
16180,79085,campo grande,MS,-20.524114,-54.657041,N
16181,79086,campo grande,MS,-20.499468,-54.647513,N
16182,79090,campo grande,MS,-20.477708,-54.649543,N
16183,79091,campo grande,MS,-20.483662,-54.665991,N
16184,79092,campo grande,MS,-20.497862,-54.656117,N
16185,79093,campo grande,MS,-20.497551,-54.680744,N
16186,79094,campo grande,MS,-20.513283,-54.662381,N
16187,79095,campo grande,MS,-20.5268,-54.666907,N
16188,79096,campo grande,MS,-20.518073,-54.684191,N
16189,79097,campo grande,MS,-20.538041,-54.67065,N
16190,79100,campo grande,MS,-20.456905,-54.646788,N
16191,79101,campo grande,MS,-20.462586,-54.653034,N
16192,79102,campo grande,MS,-20.452889,-54.664197,N
16193,79103,campo grande,MS,-20.448047,-54.671822,N
16194,79104,campo grande,MS,-20.462851,-54.691034,N
16195,79105,campo grande,MS,-20.466162,-54.701972,N
16196,79106,campo grande,MS,-20.44757,-54.696278,N
16197,79107,campo grande,MS,-20.432322,-54.672139,N
16198,79108,campo grande,MS,-20.477916,-54.744222,N
16199,79110,campo grande,MS,-20.45339,-54.638021,N
16200,79112,campo grande,MS,-20.441781,-54.655911,N
16201,79113,campo grande,MS,-20.441474,-54.666865,N
16202,79114,campo grande,MS,-20.417613,-54.662418,N
16203,79115,campo grande,MS,-20.42905,-54.654226,N
16204,79116,campo grande,MS,-20.418618,-54.641442,N
16205,79117,campo grande,MS,-20.421971,-54.629432,N
16206,79118,campo grande,MS,-20.429857,-54.623146,N
16207,79125,anhandui,MS,-20.981461,-54.503718,N
16208,79130,rio brilhante,MS,-21.798422,-54.543463,N
16209,79134,prudêncio thomaz,MS,-21.654479,-54.431619,N
16210,79140,nova alvorada do sul,MS,-21.458775,-54.36564,N
16211,79150,maracaju,MS,-21.622807,-55.164198,N
16212,79152,vista alegre,MS,-21.726512,-55.499311,N
16213,79170,sidrolândia,MS,-20.935282,-54.963197,N
16214,79180,ribas do rio pardo,MS,-20.45546,-53.754182,N
16215,79190,terenos,MS,-20.440203,-54.86446,N
16216,79200,aquidauana,MS,-20.467619,-55.783091,N
16217,79208,cipolandia,MS,-20.126883,-55.389101,N
16218,79210,anastacio,MS,-20.492943,-55.802161,N
16219,79215,dois irmaos do buriti,MS,-20.68467,-55.281037,N
16220,79220,nioaque,MS,-21.162006,-55.828589,N
16221,79230,guia lopes da laguna,MS,-21.46581,-56.100716,N
16222,79240,jardim,MS,-21.480883,-56.148841,N
16223,79260,bela vista,MS,-22.10101,-56.537518,N
16224,79270,caracol,MS,-21.989173,-57.011487,N
16225,79280,porto murtinho,MS,-21.686269,-57.86521,N
16226,79290,bonito,MS,-21.126741,-56.486943,N
16227,79300,corumba,MS,-19.003139,-57.651681,N
16228,79301,corumba,MS,-19.003251,-57.649695,N
16229,79302,corumba,MS,-19.001945,-57.647749,N
16230,79303,corumba,MS,-19.002879,-57.643957,N
16231,79304,corumba,MS,-19.003491,-57.635518,N
16232,79310,corumba,MS,-19.013375,-57.636738,N
16233,79311,corumba,MS,-19.019785,-57.641783,N
16234,79320,corumba,MS,-19.020524,-57.656459,N
16235,79321,corumba,MS,-19.035372,-57.651324,N
16236,79330,corumba,MS,-19.001679,-57.654849,N
16237,79331,corumbá,MS,-19.0025,-57.660488,N
16238,79332,corumba,MS,-19.011687,-57.656029,N
16239,79333,corumba,MS,-19.004757,-57.668816,N
16240,79370,ladário,MS,-19.009274,-57.603795,N
16241,79380,miranda,MS,-20.238081,-56.395459,N
16242,79390,bodoquena,MS,-20.550506,-56.678357,N
16243,79400,coxim,MS,-18.507265,-54.748753,N
16244,79410,pedro gomes,MS,-18.100007,-54.551752,N
16245,79415,sonora,MS,-17.583081,-54.754409,N
16246,79420,camapua,MS,-19.534727,-54.042406,N
16247,79424,pontinha do cocho,MS,-19.014033,-53.900889,N
16248,79428,figueirao,MS,-18.67979,-53.638761,N
16249,79430,bandeirantes,MS,-19.909945,-54.364365,N
16250,79440,jaraguari,MS,-20.100771,-54.435482,N
16251,79450,rochedo,MS,-19.956116,-54.890026,N
16252,79460,corguinho,MS,-19.816404,-54.884712,N
16253,79470,rio negro,MS,-19.433,-54.987604,N
16254,79480,rio verde de mato grosso,MS,-18.916366,-54.847301,N
16255,79490,sao gabriel do oeste,MS,-19.384053,-54.578402,N
16256,79500,paranaiba,MS,-19.673949,-51.19288,N
16257,79530,alcinopolis,MS,-18.325811,-53.710355,N
16258,79540,cassilandia,MS,-19.108655,-51.757504,N
16259,79550,costa rica,MS,-18.540974,-53.13274,N
16260,79556,paraíso das águas,MS,-19.029384,-53.014673,N
16261,79560,chapadao do sul,MS,-18.798216,-52.629049,N
16262,79570,aparecida do taboado,MS,-20.080651,-51.106423,N
16263,79580,inocencia,MS,-19.740938,-51.929844,N
16264,79590,selviria,MS,-20.35427,-51.446743,N
16265,79600,tres lagoas,MS,-20.781095,-51.7084,N
16266,79601,três lagoas,MS,-20.785575,-51.705155,N
16267,79602,tres lagoas,MS,-20.785352,-51.700514,N
16268,79603,tres lagoas,MS,-20.793151,-51.696476,N
16269,79604,três lagoas,MS,-20.786354,-51.691087,N
16270,79610,tres lagoas,MS,-20.793107,-51.686547,N
16271,79611,tres lagoas,MS,-20.804009,-51.681376,N
16272,79612,tres lagoas,MS,-20.791169,-51.659678,N
16273,79620,tres lagoas,MS,-20.798281,-51.70497,N
16274,79621,três lagoas,MS,-20.80558,-51.714631,N
16275,79622,tres lagoas,MS,-20.809935,-51.683748,N
16276,79630,três lagoas,MS,-20.799296,-51.729935,N
16277,79640,tres lagoas,MS,-20.781404,-51.718461,N
16278,79641,tres lagoas,MS,-20.769836,-51.70294,N
16279,79645,tres lagoas,MS,-20.77454,-51.692529,N
16280,79648,tres lagoas,MS,-20.325797,-51.310007,N
16281,79654,arapua,MS,-20.788333,-52.060383,N
16282,79670,brasilandia,MS,-21.266243,-52.066094,N
16283,79680,agua clara,MS,-20.441149,-52.877353,N
16284,79690,santa rita do pardo,MS,-21.303032,-52.825833,N
16285,79700,fatima do sul,MS,-22.378064,-54.50924,N
16286,79710,vicentina,MS,-22.409702,-54.445017,N
16287,79712,sao jose,MS,-22.49333,-54.463055,N
16288,79720,jatei,MS,-22.479983,-54.308373,N
16289,79730,gloria de dourados,MS,-22.417686,-54.229973,N
16290,79740,ivinhema,MS,-22.305824,-53.824945,N
16291,79742,amandina,MS,-22.38533,-53.594664,N
16292,79745,novo horizonte do sul,MS,-22.654917,-53.857712,N
16293,79750,nova andradina,MS,-22.247795,-53.347355,N
16294,79758,nova casa verde,MS,-21.757531,-53.268691,N
16295,79760,bataypora,MS,-22.296779,-53.269521,N
16296,79765,taquarussu,MS,-22.486768,-53.351476,N
16297,79770,anaurilandia,MS,-22.183762,-52.718239,N
16298,79780,bataguassu,MS,-21.715647,-52.422685,N
16299,79785,angelica,MS,-22.155563,-53.778005,N
16300,79790,deodapolis,MS,-22.251683,-54.160171,N
16301,79792,lagoa bonita,MS,-22.264396,-54.225312,N
16302,79800,dourados,MS,-22.226603,-54.811549,N
16303,79801,dourados,MS,-22.22817,-54.80735,N
16304,79802,dourados,MS,-22.231133,-54.807907,N
16305,79803,dourados,MS,-22.227034,-54.819724,N
16306,79804,dourados,MS,-22.225707,-54.813237,N
16307,79805,dourados,MS,-22.224538,-54.809185,N
16308,79806,dourados,MS,-22.226198,-54.803986,N
16309,79810,dourados,MS,-22.233649,-54.803747,N
16310,79811,dourados,MS,-22.238655,-54.803985,N
16311,79812,dourados,MS,-22.245674,-54.809387,N
16312,79813,dourados,MS,-22.254279,-54.811742,N
16313,79814,dourados,MS,-22.241684,-54.821013,N
16314,79815,dourados,MS,-22.241392,-54.749291,N
16315,79820,dourados,MS,-22.229167,-54.827031,N
16316,79821,dourados,MS,-22.214672,-54.85395,N
16317,79822,dourados,MS,-22.229622,-54.839635,N
16318,79823,dourados,MS,-22.215327,-54.83513,N
16319,79824,dourados,MS,-22.22355,-54.814112,N
16320,79825,dourados,MS,-22.218704,-54.813024,N
16321,79826,dourados,MS,-22.211428,-54.807586,N
16322,79827,dourados,MS,-22.213913,-54.811257,N
16323,79830,dourados,MS,-22.221909,-54.791195,N
16324,79831,dourados,MS,-22.214543,-54.78726,N
16325,79833,dourados,MS,-22.218978,-54.76793,N
16326,79837,dourados,MS,-22.261837,-54.772278,N
16327,79839,dourados,MS,-22.252923,-54.787786,N
16328,79840,dourados,MS,-22.236786,-54.786341,N
16329,79841,dourados,MS,-22.227616,-54.763989,N
16330,79842,dourados,MS,-22.239703,-54.75445,N
16331,79843,dourados,MS,-22.240445,-54.738123,N
16332,79862,sao pedro,MS,-22.131551,-54.614694,N
16333,79864,itahum,MS,-22.086201,-55.350351,N
16334,79878,vila vargas,MS,-22.134253,-54.618528,N
16335,79880,douradina,MS,-22.041317,-54.606973,N
16336,79890,itapora,MS,-22.075773,-54.788127,N
16337,79894,pirapora,MS,-21.98165,-54.67664,N
16338,79896,montese,MS,-22.033517,-54.744494,N
16339,79900,ponta pora,MS,-22.509044,-55.732429,N
16340,79901,ponta pora,MS,-22.49973,-55.732698,N
16341,79902,ponta porã,MS,-22.514041,-55.723633,N
16342,79903,ponta pora,MS,-22.512289,-55.706725,N
16343,79904,ponta pora,MS,-22.533201,-55.724383,N
16344,79905,ponta pora,MS,-22.553063,-55.71068,N
16345,79906,ponta pora,MS,-22.562059,-55.692149,N
16346,79907,ponta porã,MS,-22.577228,-55.679175,N
16347,79909,sanga puita,MS,-22.620252,-55.628332,N
16348,79910,antonio joao,MS,-22.19026,-55.949198,N
16349,79920,laguna carapa,MS,-22.564358,-55.154163,N
16350,79925,paranhos,MS,-23.892318,-55.429479,N
16351,79930,aral moreira,MS,-22.953398,-55.617596,N
16352,79932,vila marques,MS,-23.02517,-55.58861,N
16353,79935,sete quedas,MS,-23.974325,-55.037986,N
16354,79940,caarapo,MS,-22.632661,-54.824035,N
16355,79944,cristalina,MS,-22.498654,-54.758226,N
16356,79950,naviraí,MS,-23.061076,-54.200377,N
16357,79955,juti,MS,-22.859471,-54.604029,N
16358,79960,iguatemi,MS,-23.680962,-54.562623,N
16359,79965,itaquirai,MS,-23.474613,-54.179282,N
16360,79970,eldorado,MS,-23.783779,-54.281199,N
16361,79975,tacuru,MS,-23.635139,-55.017107,N
16362,79980,mundo novo,MS,-23.938122,-54.288775,N
16363,79985,japora,MS,-23.891732,-54.407288,N
16364,79990,amambai,MS,-23.091897,-55.227762,N
16365,79995,coronel sapucaia,MS,-23.271445,-55.530243,N
16366,80002,curitiba,PR,-25.439563,-49.261963,N
16367,80006,curitiba,PR,-25.433983,-49.259927,N
16368,80010,curitiba,PR,-25.433648,-49.269173,N
16369,80011,curitiba,PR,-25.431451,-49.269582,N
16370,80020,curitiba,PR,-25.430044,-49.271257,N
16371,80030,curitiba,PR,-25.417039,-49.26076,N
16372,80035,curitiba,PR,-25.405785,-49.252645,N
16373,80040,curitiba,PR,-25.418049,-49.248773,N
16374,80045,curitiba,PR,-25.42573,-49.253916,N
16375,80050,curitiba,PR,-25.435988,-49.242692,N
16376,80060,curitiba,PR,-25.429632,-49.261317,N
16377,80061,curitiba,PR,-25.433617,-49.260252,N
16378,80101,curitiba,PR,-25.436595,-49.266187,N
16379,80210,curitiba,PR,-25.440488,-49.244404,N
16380,80215,curitiba,PR,-25.448219,-49.254297,N
16381,80220,curitiba,PR,-25.45635,-49.265007,N
16382,80230,curitiba,PR,-25.441571,-49.266875,N
16383,80231,curitiba,PR,-25.439563,-49.261963,N
16384,80240,curitiba,PR,-25.448991,-49.28861,N
16385,80249,curitiba,PR,-25.449382,-49.293209,N
16386,80250,curitiba,PR,-25.443619,-49.276855,N
16387,80310,curitiba,PR,-25.456934,-49.309455,N
16388,80320,curitiba,PR,-25.460581,-49.294364,N
16389,80330,curitiba,PR,-25.469974,-49.307372,N
16390,80370,curitiba,PR,-25.435891,-49.301322,N
16391,80410,curitiba,PR,-25.431323,-49.279219,N
16392,80420,curitiba,PR,-25.437578,-49.281917,N
16393,80430,curitiba,PR,-25.430144,-49.28532,N
16394,80440,curitiba,PR,-25.444159,-49.296715,N
16395,80510,curitiba,PR,-25.421978,-49.278712,N
16396,80520,curitiba,PR,-25.410681,-49.277186,N
16397,80530,curitiba,PR,-25.416404,-49.267811,N
16398,80540,curitiba,PR,-25.406298,-49.260499,N
16399,80610,curitiba,PR,-25.469955,-49.289821,N
16400,80611,curitiba,PR,-25.563294,-49.313129,N
16401,80620,curitiba,PR,-25.458881,-49.284894,N
16402,80627,curitiba,PR,-25.563189,-49.312889,N
16403,80630,balneario de picarras,SC,-25.478572,-49.269593,N
16404,80710,curitiba,PR,-25.428323,-49.299818,N
16405,80730,curitiba,PR,-25.433759,-49.297768,N
16406,80740,curitiba,PR,-25.441787,-49.311076,N
16407,80810,curitiba,PR,-25.416399,-49.291344,N
16408,80820,curitiba,PR,-25.408708,-49.29521,N
16409,81010,curitiba,PR,-25.479268,-49.279852,N
16410,81020,curitiba,PR,-25.489785,-49.287778,N
16411,81030,curitiba,PR,-25.483879,-49.272409,N
16412,81050,curitiba,PR,-25.490559,-49.302027,N
16413,81070,curitiba,PR,-25.489339,-49.303837,N
16414,81110,curitiba,PR,-25.502519,-49.290854,N
16415,81130,curitiba,PR,-25.504915,-49.300034,N
16416,81150,curitiba,PR,-25.517854,-49.301101,N
16417,81170,curitiba,PR,-25.516021,-49.324138,N
16418,81200,curitiba,PR,-25.437196,-49.332559,N
16419,81210,curitiba,PR,-25.444532,-49.329173,N
16420,81220,curitiba,PR,-25.460705,-49.323932,N
16421,81230,curitiba,PR,-25.461271,-49.336764,N
16422,81240,curitiba,PR,-25.475086,-49.336399,N
16423,81250,curitiba,PR,-25.480182,-49.344495,N
16424,81260,curitiba,PR,-25.482207,-49.352427,N
16425,81265,curitiba,PR,-25.471589,-49.364888,N
16426,81270,curitiba,PR,-25.454782,-49.349865,N
16427,81280,curitiba,PR,-25.439849,-49.352663,N
16428,81290,curitiba,PR,-25.445517,-49.365843,N
16429,81295,curitiba,PR,-25.431637,-49.381156,N
16430,81305,curitiba,PR,-25.505591,-49.325059,N
16431,81310,curitiba,PR,-25.497682,-49.317395,N
16432,81312,curitiba,PR,-25.504228,-49.309426,N
16433,81315,curitiba,PR,-25.507943,-49.32468,N
16434,81320,curitiba,PR,-25.476488,-49.321162,N
16435,81330,curitiba,PR,-25.485607,-49.328361,N
16436,81350,curitiba,PR,-25.501031,-49.33314,N
16437,81420,curitiba,PR,-25.438036,-49.276961,N
16438,81450,curitiba,PR,-25.496536,-49.347961,N
16439,81452,curitiba,PR,-25.504275,-49.353787,N
16440,81460,curitiba,PR,-25.540552,-49.334324,N
16441,81470,curitiba,PR,-25.568392,-49.33587,N
16442,81480,curitiba,PR,-25.56181,-49.325064,N
16443,81490,curitiba,PR,-25.587572,-49.330535,N
16444,81495,curitiba,PR,-25.593551,-49.336561,N
16445,81510,curitiba,PR,-25.468293,-49.242819,N
16446,81520,curitiba,PR,-25.461729,-49.23992,N
16447,81530,curitiba,PR,-25.461016,-49.231064,N
16448,81540,curitiba,PR,-25.466934,-49.221567,N
16449,81550,curitiba,PR,-25.483655,-49.209938,N
16450,81560,curitiba,PR,-25.486784,-49.217558,N
16451,81570,curitiba,PR,-25.481156,-49.231209,N
16452,81580,curitiba,PR,-25.495182,-49.220453,N
16453,81590,curitiba,PR,-25.485979,-49.202033,N
16454,81610,curitiba,PR,-25.478717,-49.246116,N
16455,81630,curitiba,PR,-25.483031,-49.254804,N
16456,81650,curitiba,PR,-25.492495,-49.235987,N
16457,81670,curitiba,PR,-25.496893,-49.249726,N
16458,81690,curitiba,PR,-25.566904,-49.309115,N
16459,81710,curitiba,PR,-25.4976,-49.266402,N
16460,81720,curitiba,PR,-25.513673,-49.255606,N
16461,81730,curitiba,PR,-25.508623,-49.226688,N
16462,81750,curitiba,PR,-25.517959,-49.241322,N
16463,81770,curitiba,PR,-25.527874,-49.241125,N
16464,81810,curitiba,PR,-25.507014,-49.275963,N
16465,81820,curitiba,PR,-25.517906,-49.280643,N
16466,81825,curitiba,PR,-25.528424,-49.27549,N
16467,81830,curitiba,PR,-25.5172,-49.264433,N
16468,81850,curitiba,PR,-25.533676,-49.247817,N
16469,81860,curitiba,PR,-25.537274,-49.240214,N
16470,81870,curitiba,PR,-25.528334,-49.288735,N
16471,81880,curitiba,PR,-25.538316,-49.293338,N
16472,81900,curitiba,PR,-25.539419,-49.278123,N
16473,81910,curitiba,PR,-25.532444,-49.264851,N
16474,81920,curitiba,PR,-25.540845,-49.255338,N
16475,81925,curitiba,PR,-25.548198,-49.266005,N
16476,81930,curitiba,PR,-25.561714,-49.280817,N
16477,81935,curitiba,PR,-25.55703,-49.253797,N
16478,81940,curitiba,PR,-25.566575,-49.290822,N
16479,81945,curitiba,PR,-25.599709,-49.31225,N
16480,82010,curitiba,PR,-25.424852,-49.325936,N
16481,82015,curitiba,PR,-25.416682,-49.33623,N
16482,82020,curitiba,PR,-25.403144,-49.323823,N
16483,82025,curitiba,PR,-25.414554,-49.31436,N
16484,82030,curitiba,PR,-25.396146,-49.322473,N
16485,82040,curitiba,PR,,,N
16486,82100,curitiba,PR,-25.39656,-49.296383,N
16487,82110,curitiba,PR,-25.389756,-49.289992,N
16488,82115,curitiba,PR,-25.382204,-49.292255,N
16489,82120,curitiba,PR,-25.392913,-49.278741,N
16490,82130,curitiba,PR,-25.378602,-49.277007,N
16491,82200,curitiba,PR,-25.396576,-49.265762,N
16492,82210,curitiba,PR,-25.386124,-49.264055,N
16493,82220,curitiba,PR,-25.366233,-49.268409,N
16494,82250,curitiba,PR,-25.443361,-49.279485,N
16495,82300,curitiba,PR,-25.420958,-49.34741,N
16496,82305,curitiba,PR,-25.430777,-49.354149,N
16497,82310,curitiba,PR,-25.4223,-49.358726,N
16498,82315,curitiba,PR,-25.412064,-49.356387,N
16499,82320,curitiba,PR,-25.404557,-49.345467,N
16500,82400,curitiba,PR,-25.394747,-49.344438,N
16501,82410,curitiba,PR,-25.38112,-49.330147,N
16502,82500,curitiba,PR,-25.391584,-49.260797,N
16503,82510,curitiba,PR,-25.399872,-49.240869,N
16504,82515,curitiba,PR,-25.395684,-49.229949,N
16505,82520,curitiba,PR,-25.414544,-49.229876,N
16506,82530,curitiba,PR,-25.427581,-49.23445,N
16507,82540,curitiba,PR,-25.39389,-49.250797,N
16508,82560,curitiba,PR,-25.385985,-49.244509,N
16509,82580,curitiba,PR,-25.386334,-49.23611,N
16510,82590,curitiba,PR,-25.389056,-49.19396,N
16511,82600,curitiba,PR,-25.392225,-49.217122,N
16512,82620,curitiba,PR,-25.383155,-49.221477,N
16513,82630,curitiba,PR,-25.376907,-49.213421,N
16514,82640,curitiba,PR,-25.376941,-49.235295,N
16515,82650,curitiba,PR,-25.373431,-49.245523,N
16516,82700,curitiba,PR,-25.374919,-49.258477,N
16517,82710,curitiba,PR,-25.356617,-49.256219,N
16518,82720,curitiba,PR,-25.361831,-49.230142,N
16519,82800,curitiba,PR,-25.434402,-49.226704,N
16520,82810,curitiba,PR,-25.43725,-49.212436,N
16521,82820,curitiba,PR,-25.417946,-49.20679,N
16522,82821,curitiba,PR,-25.423514,-49.215177,N
16523,82840,curitiba,PR,-25.401758,-49.206013,N
16524,82860,curitiba,PR,-25.384873,-49.197574,N
16525,82900,curitiba,PR,-25.445796,-49.223851,N
16526,82920,curitiba,PR,-25.449428,-49.206788,N
16527,82930,curitiba,PR,-25.457664,-49.205754,N
16528,82940,curitiba,PR,-25.457667,-49.217396,N
16529,82950,curitiba,PR,-25.450606,-49.21745,N
16530,82960,curitiba,PR,-25.466865,-49.207359,N
16531,82970,curitiba,PR,-25.473759,-49.203485,N
16532,82980,curitiba,PR,-25.471092,-49.194493,N
16533,82990,curitiba,PR,-25.460367,-49.196788,N
16534,83000,sao jose dos pinhais,PR,-25.537466,-49.201873,N
16535,83005,sao jose dos pinhais,PR,-25.538499,-49.19951,N
16536,83010,sao jose dos pinhais,PR,-25.542326,-49.182195,N
16537,83015,são josé dos pinhais,PR,-25.562404,-49.171162,N
16538,83020,são josé dos pinhais,PR,-25.558421,-49.195697,N
16539,83021,sao jose dos pinhais,PR,-25.605882,-49.252213,N
16540,83025,são josé dos pinhais,PR,-25.557996,-49.208296,N
16541,83030,sao jose dos pinhais,PR,-25.53801,-49.214215,N
16542,83035,sao jose dos pinhais,PR,-25.52366,-49.205823,N
16543,83040,sao jose dos pinhais,PR,-25.519003,-49.19298,N
16544,83045,sao jose dos pinhais,PR,-25.512877,-49.183727,N
16545,83050,sao jose dos pinhais,PR,-25.499611,-49.177153,N
16546,83055,sao jose dos pinhais,PR,-25.483719,-49.167473,N
16547,83060,sao jose dos pinhais,PR,-25.492588,-49.143065,N
16548,83065,sao jose dos pinhais,PR,-25.511002,-49.161739,N
16549,83070,sao jose dos pinhais,PR,-25.52022,-49.125033,N
16550,83075,sao jose dos pinhais,PR,-25.533598,-49.090136,N
16551,83085,sao jose dos pinhais,PR,-25.547216,-49.149679,N
16552,83090,sao jose dos pinhais,PR,-25.607892,-49.167359,N
16553,83091,sao jose dos pinhais,PR,-25.647744,-49.175372,N
16554,83095,sao jose dos pinhais,PR,-25.698655,-49.147259,N
16555,83115,sao jose dos pinhais,PR,-25.700671,-49.146982,N
16556,83116,sao jose dos pinhais,PR,-25.662771,-49.099092,N
16557,83190,tijucas do sul,PR,-25.920444,-49.17452,N
16558,83203,paranagua,PR,-25.516973,-48.510716,N
16559,83206,paranaguá,PR,-25.526099,-48.522928,N
16560,83209,paranagua,PR,-25.543156,-48.534429,N
16561,83210,paranagua,PR,,,N
16562,83212,paranagua,PR,-25.555554,-48.554266,N
16563,83215,paranagua,PR,-25.567267,-48.565076,N
16564,83218,paranagua,PR,-25.577998,-48.57678,N
16565,83220,paranagua,PR,-25.528514,-48.518494,N
16566,83221,paranagua,PR,-25.520026,-48.534876,N
16567,83250,alexandra,PR,-25.553423,-48.627524,N
16568,83252,ilha dos valadares,PR,42.184003,-8.723762,N
16569,83255,pontal do parana,PR,-25.640064,-48.42767,N
16570,83260,matinhos,PR,-25.813133,-48.536305,N
16571,83280,guaratuba,PR,-25.887867,-48.584486,N
16572,83301,piraquara,PR,-25.44822,-49.073681,N
16573,83302,piraquara,PR,-25.451769,-49.103993,N
16574,83303,piraquara,PR,-25.437303,-49.092673,N
16575,83304,piraquara,PR,-25.431782,-49.057174,N
16576,83305,piraquara,PR,-25.447307,-49.05055,N
16577,83306,piraquara,PR,-25.45533,-49.066115,N
16578,83307,piraquara,PR,-25.463425,-49.063212,N
16579,83308,piraquara,PR,-25.485924,-49.122273,N
16580,83309,piraquara,PR,-25.521348,-49.091308,N
16581,83310,piraquara,PR,-25.452394,-49.140085,N
16582,83311,piraquara,PR,-25.462788,-49.139034,N
16583,83312,piraquara,PR,-25.466398,-49.14739,N
16584,83314,piraquara,PR,-25.451922,-49.153548,N
16585,83320,pinhais,PR,-25.432444,-49.177098,N
16586,83321,pinhais,PR,-25.44681,-49.176973,N
16587,83322,pinhais,PR,-25.458225,-49.184973,N
16588,83323,pinhais,PR,-25.437226,-49.193966,N
16589,83324,pinhais,PR,-25.425235,-49.189111,N
16590,83325,pinhais,PR,-25.415148,-49.18059,N
16591,83326,pinhais,PR,-25.400782,-49.185117,N
16592,83327,pinhais,PR,-25.398095,-49.160376,N
16593,83328,pinhais,PR,-25.418607,-49.150824,N
16594,83330,pinhais,PR,-25.43128,-49.158976,N
16595,83331,pinhais,PR,-25.441979,-49.160651,N
16596,83350,morretes,PR,-25.482184,-48.829191,N
16597,83360,porto de cima,PR,-25.35442,-48.879249,N
16598,83370,antonina,PR,-25.434704,-48.712754,N
16599,83390,guaraquecaba,PR,-25.297162,-48.324484,N
16600,83401,colombo,PR,-25.322037,-49.230372,N
16601,83402,colombo,PR,-25.347457,-49.221942,N
16602,83403,colombo,PR,-25.345411,-49.210016,N
16603,83404,colombo,PR,-25.362279,-49.204196,N
16604,83405,colombo,PR,-25.363734,-49.191991,N
16605,83406,colombo,PR,-25.352389,-49.190055,N
16606,83407,colombo,PR,-25.341577,-49.183881,N
16607,83408,colombo,PR,-25.367475,-49.184199,N
16608,83409,colombo,PR,-25.376301,-49.182382,N
16609,83410,colombo,PR,-25.357611,-49.163014,N
16610,83411,colombo,PR,-25.330174,-49.149483,N
16611,83412,colombo,PR,-25.368709,-49.143901,N
16612,83413,colombo,PR,-25.382571,-49.168777,N
16613,83414,colombo,PR,-25.292742,-49.222783,N
16614,83415,colombo,PR,-25.280468,-49.215632,N
16615,83420,quatro barras,PR,-25.371404,-49.076907,N
16616,83425,borda do campo,PR,-25.392999,-49.029603,N
16617,83430,campina grande do sul,PR,-25.342398,-49.086043,N
16618,83450,bocaiúva do sul,PR,-25.210806,-49.111757,N
16619,83480,tunas do parana,PR,-24.972411,-49.062518,N
16620,83490,adrianopolis,PR,-24.666146,-48.979919,N
16621,83501,almirante tamandare,PR,-25.312881,-49.291864,N
16622,83502,almirante tamandare,PR,-25.317898,-49.278382,N
16623,83503,almirante tamandare,PR,-25.330328,-49.276371,N
16624,83504,almirante tamandare,PR,-25.333988,-49.265793,N
16625,83505,almirante tamandaré,PR,-25.342888,-49.249925,N
16626,83506,almirante tamandare,PR,-25.342793,-49.273717,N
16627,83507,almirante tamandare,PR,-25.341809,-49.295568,N
16628,83508,almirante tamandare,PR,-25.37389,-49.307922,N
16629,83511,almirante tamandare,PR,-25.349185,-49.300937,N
16630,83512,almirante tamandare,PR,-25.316805,-49.307871,N
16631,83513,almirante tamandare,PR,-25.294492,-49.30223,N
16632,83514,almirante tamandare,PR,-25.26305,-49.301363,N
16633,83535,campo magro,PR,-25.375607,-49.386011,N
16634,83540,rio branco do sul,PR,-25.180768,-49.316573,N
16635,83560,itaperuçu,PR,-25.213256,-49.352319,N
16636,83570,cerro azul,PR,-24.828138,-49.263725,N
16637,83590,doutor ulysses,PR,-24.570137,-49.41849,N
16638,83600,campo largo,PR,-25.460541,-49.530371,N
16639,83601,campo largo,PR,-25.460543,-49.526963,N
16640,83602,campo largo,PR,-25.472311,-49.538964,N
16641,83603,campo largo,PR,-25.491479,-49.529696,N
16642,83604,campo largo,PR,-25.464342,-49.555524,N
16643,83605,campo largo,PR,-25.451029,-49.558785,N
16644,83606,campo largo,PR,-25.44738,-49.530711,N
16645,83607,campo largo,PR,-25.453481,-49.51132,N
16646,83608,campo largo,PR,-25.447504,-49.441283,N
16647,83609,campo largo,PR,-25.461509,-49.422761,N
16648,83648,campo largo,PR,-25.330219,-49.491612,N
16649,83650,balsa nova,PR,-25.573496,-49.62757,N
16650,83660,bugre,PR,-25.581093,-48.354021,N
16651,83700,araucaria,PR,-25.594952,-49.415245,N
16652,83701,araucária,PR,-25.598514,-49.38893,N
16653,83702,araucária,PR,-25.590865,-49.402993,N
16654,83703,araucaria,PR,-25.582395,-49.40534,N
16655,83704,araucaria,PR,-25.574238,-49.41084,N
16656,83705,araucaria,PR,-25.564538,-49.395321,N
16657,83706,araucaria,PR,-25.544926,-49.386117,N
16658,83707,araucaria,PR,-25.544522,-49.361044,N
16659,83708,araucaria,PR,-25.587447,-49.383485,N
16660,83709,araucaria,PR,-25.612764,-49.37235,N
16661,83730,contenda,PR,-25.679135,-49.535357,N
16662,83750,lapa,PR,-25.764308,-49.720376,N
16663,83760,mariental,PR,-25.509432,-49.298553,N
16664,83800,mandirituba,PR,-25.770384,-49.324802,N
16665,83810,areia branca dos assis,PR,-10.478246,-41.01274,N
16666,83820,fazenda rio grande,PR,-25.644495,-49.300918,N
16667,83823,fazenda rio grande,PR,-25.65991,-49.299583,N
16668,83824,fazenda rio grande,PR,-25.673553,-49.30513,N
16669,83825,fazenda rio grande,PR,-25.700665,-49.305235,N
16670,83829,fazenda rio grande,PR,-25.656913,-49.325423,N
16671,83830,fazenda rio grande,PR,-25.673177,-49.328012,N
16672,83833,fazenda rio grande,PR,-25.644117,-49.32255,N
16673,83840,quitandinha,PR,-25.872555,-49.499807,N
16674,83843,doce grande,PR,,,N
16675,83850,agudos do sul,PR,-25.987456,-49.334836,N
16676,83860,pien,PR,-26.09724,-49.428233,N
16677,83870,campo do tenente,PR,-25.98559,-49.678273,N
16678,83880,rio negro,PR,-26.095452,-49.788178,N
16679,83900,sao mateus do sul,PR,-25.869884,-50.388173,N
16680,83980,antonio olinto,PR,-25.979422,-50.191808,N
16681,84010,ponta grossa,PR,-25.094349,-50.160883,N
16682,84015,ponta grossa,PR,-25.075805,-50.159496,N
16683,84016,ponta grossa,PR,-25.067057,-50.143313,N
16684,84020,ponta grossa,PR,-25.07996,-50.132558,N
16685,84021,ponta grossa,PR,-25.074765,-50.133197,N
16686,84022,ponta grossa,PR,-25.064091,-50.112166,N
16687,84025,ponta grossa,PR,-25.091001,-50.136872,N
16688,84026,ponta grossa,PR,-25.10337,-50.142,N
16689,84030,ponta grossa,PR,-25.087261,-50.102396,N
16690,84031,ponta grossa,PR,-25.09818,-50.117883,N
16691,84032,ponta grossa,PR,-25.105888,-50.107391,N
16692,84033,ponta grossa,PR,-25.116586,-50.1174,N
16693,84035,ponta grossa,PR,-25.107272,-50.152437,N
16694,84036,ponta grossa,PR,-25.126193,-50.145669,N
16695,84037,ponta grossa,PR,-25.136264,-50.141706,N
16696,84040,ponta grossa,PR,-25.108614,-50.161751,N
16697,84043,ponta grossa,PR,-25.154759,-50.147673,N
16698,84045,ponta grossa,PR,-25.129703,-50.156857,N
16699,84046,ponta grossa,PR,-25.142821,-50.168384,N
16700,84050,ponta grossa,PR,-25.109927,-50.17055,N
16701,84051,ponta grossa,PR,-25.099431,-50.176851,N
16702,84052,ponta grossa,PR,-25.092305,-50.19417,N
16703,84053,ponta grossa,PR,-25.087089,-50.183377,N
16704,84060,ponta grossa,PR,-25.112276,-50.207165,N
16705,84061,ponta grossa,PR,-25.096019,-50.204282,N
16706,84062,ponta grossa,PR,-25.083027,-50.20252,N
16707,84063,ponta grossa,PR,-25.066651,-50.21081,N
16708,84064,ponta grossa,PR,-25.050954,-50.23272,N
16709,84065,ponta grossa,PR,-25.048809,-50.26939,N
16710,84070,ponta grossa,PR,-25.078994,-50.17726,N
16711,84071,ponta grossa,PR,-25.065041,-50.179398,N
16712,84072,ponta grossa,PR,-25.052631,-50.169638,N
16713,84073,ponta grossa,PR,-25.057131,-50.162585,N
16714,84130,palmeira,PR,-25.423732,-49.996475,N
16715,84140,porto amazonas,PR,-25.548289,-49.893413,N
16716,84145,carambei,PR,-24.94747,-50.119247,N
16717,84150,sao joao do triunfo,PR,-25.685121,-50.298661,N
16718,84165,castro,PR,-24.794436,-50.010411,N
16719,84168,castro,PR,-24.775695,-50.007395,N
16720,84172,castro,PR,-24.792876,-49.993133,N
16721,84173,castro,PR,-24.792272,-49.99152,N
16722,84174,castro,PR,-24.804246,-49.990527,N
16723,84178,castro,PR,-24.806893,-50.000617,N
16724,84190,socavao,PR,-24.771486,-49.708291,N
16725,84196,colonia castrolanda,PR,-23.702853,-46.401559,N
16726,84200,jaguariaíva,PR,-24.257703,-49.716423,N
16727,84220,senges,PR,-24.113671,-49.463959,N
16728,84240,pirai do sul,PR,-24.533856,-49.93937,N
16729,84250,imbau,PR,-24.448272,-50.755241,N
16730,84261,telemaco borba,PR,-24.328934,-50.618837,N
16731,84262,telemaco borba,PR,-24.321695,-50.621867,N
16732,84263,telemaco borba,PR,-24.324553,-50.612552,N
16733,84264,telemaco borba,PR,-24.340572,-50.613683,N
16734,84265,telemaco borba,PR,-24.334664,-50.625328,N
16735,84266,telemaco borba,PR,-24.332667,-50.636286,N
16736,84267,telemaco borba,PR,-24.326481,-50.640507,N
16737,84268,telemaco borba,PR,-24.323055,-50.633331,N
16738,84269,telemaco borba,PR,-24.332522,-50.654667,N
16739,84270,telemaco borba,PR,-24.318908,-50.647729,N
16740,84271,telemaco borba,PR,-24.317742,-50.656939,N
16741,84272,telemaco borba,PR,-24.3159,-50.630244,N
16742,84275,harmonia,PR,-24.252258,-51.676067,N
16743,84280,curiuva,PR,-24.038145,-50.456944,N
16744,84285,figueira,PR,-23.850046,-50.403016,N
16745,84290,sapopema,PR,-23.910421,-50.579461,N
16746,84300,tibagi,PR,-24.515312,-50.412413,N
16747,84315,caetano mendes,PR,-24.623005,-50.640591,N
16748,84320,reserva,PR,-24.652635,-50.849703,N
16749,84345,ventania,PR,-24.228021,-50.256388,N
16750,84350,ortigueira,PR,-24.205572,-50.933841,N
16751,84400,prudentopolis,PR,-25.21514,-50.987634,N
16752,84430,imbituva,PR,-25.229677,-50.603897,N
16753,84435,guamiranga,PR,-25.190695,-50.809364,N
16754,84450,ipiranga,PR,-25.022629,-50.583769,N
16755,84460,ivai,PR,-25.007482,-50.855188,N
16756,84465,bom jardim do sul,PR,-25.029846,-50.803404,N
16757,84470,candido de abreu,PR,-24.575842,-51.332828,N
16758,84500,irati,PR,-25.474093,-50.650359,N
16759,84530,teixeira soares,PR,-25.371976,-50.462084,N
16760,84535,fernandes pinheiro,PR,-25.415661,-50.550023,N
16761,84550,reboucas,PR,-25.62323,-50.69335,N
16762,84560,rio azul,PR,-25.726636,-50.79005,N
16763,84570,mallet,PR,-25.883903,-50.827026,N
16764,84600,uniao da vitoria,PR,-26.23055,-51.085926,N
16765,84601,união da vitória,PR,-26.259573,-51.100129,N
16766,84602,uniao da vitoria,PR,-26.243842,-51.121722,N
16767,84603,uniao da vitoria,PR,-26.230607,-51.062188,N
16768,84604,uniao da vitoria,PR,-26.222755,-51.043738,N
16769,84605,uniao da vitoria,PR,-26.210891,-51.086955,N
16770,84607,uniao da vitoria,PR,-26.223803,-51.061512,N
16771,84608,uniao da vitoria,PR,-26.202411,-51.055181,N
16772,84615,porto vitoria,PR,-26.164261,-51.224913,N
16773,84620,cruz machado,PR,-26.016487,-51.345588,N
16774,84623,santana,PR,,,N
16775,84630,paula freitas,PR,-26.205469,-50.932072,N
16776,84635,paulo frontin,PR,-26.047813,-50.811489,N
16777,84640,bituruna,PR,-26.15943,-51.547757,N
16778,84660,general carneiro,PR,-26.421196,-51.315016,N
16779,84900,ibaiti,PR,-23.842129,-50.193929,N
16780,84914,ibaiti,PR,-23.707147,-50.224573,N
16781,84920,japira,PR,-23.811997,-50.140143,N
16782,84925,pinhalao,PR,-23.789676,-50.058695,N
16783,84930,jaboti,PR,-23.743413,-50.073356,N
16784,84935,tomazina,PR,-23.777624,-49.954776,N
16785,84940,siqueira campos,PR,-23.682447,-49.823287,N
16786,84945,salto do itarare,PR,-23.605268,-49.627476,N
16787,84950,wenceslau braz,PR,-23.876227,-49.802252,N
16788,84970,santana do itarare,PR,-23.755432,-49.627785,N
16789,84980,sao jose da boa vista,PR,-23.928615,-49.661164,N
16790,84990,arapoti,PR,-24.142598,-49.822367,N
16791,85010,guarapuava,PR,-25.392188,-51.466967,N
16792,85012,guarapuava,PR,-25.403559,-51.460133,N
16793,85015,guarapuava,PR,-25.405294,-51.471105,N
16794,85020,guarapuava,PR,-25.409432,-51.487197,N
16795,85022,guarapuava,PR,-25.41503,-51.474543,N
16796,85023,guarapuava,PR,-25.419453,-51.482775,N
16797,85025,guarapuava,PR,-25.397594,-51.491195,N
16798,85027,guarapuava,PR,-25.402664,-51.498004,N
16799,85030,guarapuava,PR,-25.388923,-51.505994,N
16800,85031,guarapuava,PR,-25.411464,-51.55704,N
16801,85035,guarapuava,PR,-25.384851,-51.478518,N
16802,85040,guarapuava,PR,-25.376836,-51.489774,N
16803,85045,guarapuava,PR,-25.376457,-51.481608,N
16804,85050,guarapuava,PR,-25.356787,-51.474421,N
16805,85053,guarapuava,PR,-25.35169,-51.491088,N
16806,85055,guarapuava,PR,-25.371343,-51.469223,N
16807,85060,guarapuava,PR,-25.370254,-51.46125,N
16808,85063,guarapuava,PR,-25.360576,-51.456764,N
16809,85064,guarapuava,PR,-25.360298,-51.438081,N
16810,85065,guarapuava,PR,-25.38231,-51.454567,N
16811,85067,guarapuava,PR,-25.377162,-51.443976,N
16812,85070,guarapuava,PR,-25.392673,-51.449973,N
16813,85118,palmeirinha,PR,,,N
16814,85138,vitoria,PR,-25.534957,-51.506343,N
16815,85139,colônia vitória,PR,-25.272807,-50.070091,N
16816,85140,candoi,PR,-25.560543,-52.03598,N
16817,85145,foz do jordao,PR,-25.736009,-52.118243,N
16818,85148,campina do simao,PR,-25.110688,-51.797164,N
16819,85150,turvo,PR,-25.037354,-51.528091,N
16820,85155,inacio martins,PR,-25.578054,-51.081176,N
16821,85160,cantagalo,PR,-25.375988,-52.123016,N
16822,85162,goioxim,PR,-25.199012,-51.994962,N
16823,85168,marquinho,PR,-25.113871,-52.257537,N
16824,85170,pinhao,PR,-25.696208,-51.657108,N
16825,85174,pinhao,PR,-25.691745,-51.663177,N
16826,85195,reserva do iguacu,PR,-25.818809,-52.050397,N
16827,85200,pitanga,PR,-24.757846,-51.765958,N
16828,85225,boa ventura de sao roque,PR,-24.877491,-51.553735,N
16829,85230,santa maria do oeste,PR,-24.930668,-51.886257,N
16830,85240,mato rico,PR,-24.702111,-52.159169,N
16831,85250,nova tebas,PR,-24.442536,-51.948718,N
16832,85260,manoel ribas,PR,-24.517639,-51.674409,N
16833,85270,palmital,PR,-24.885635,-52.210141,N
16834,85275,laranjal,PR,-24.8918,-52.477586,N
16835,85280,altamira do parana,PR,-24.799391,-52.715449,N
16836,85301,laranjeiras do sul,PR,-25.40683,-52.412645,N
16837,85302,laranjeiras do sul,PR,-25.41144,-52.421235,N
16838,85303,laranjeiras do sul,PR,-25.390575,-52.403999,N
16839,85304,laranjeiras do sul,PR,-25.40997,-52.404752,N
16840,85340,rio bonito do iguacu,PR,-25.499283,-52.524856,N
16841,85345,porto barreiro,PR,-25.551348,-52.411725,N
16842,85350,nova laranjeiras,PR,-25.305346,-52.539429,N
16843,85390,virmond,PR,-25.382085,-52.205286,N
16844,85400,guaraniaçu,PR,-25.100336,-52.868746,N
16845,85408,diamante do sul,PR,-25.044255,-52.680876,N
16846,85410,nova aurora,PR,-24.52718,-53.259151,N
16847,85415,cafelândia,PR,-24.62206,-53.322398,N
16848,85420,corbelia,PR,-24.795574,-53.297924,N
16849,85422,ouro verde do piquiri,PR,-24.639191,-53.211985,N
16850,85423,iguatu,PR,-24.713109,-53.086996,N
16851,85425,anahy,PR,-24.644865,-53.133711,N
16852,85430,braganey,PR,-24.818697,-53.119169,N
16853,85440,ubirata,PR,-24.542415,-52.989761,N
16854,85450,campo bonito,PR,-25.033484,-52.992045,N
16855,85460,quedas do iguacu,PR,-25.455408,-52.913148,N
16856,85465,espigao alto do iguacu,PR,-25.424054,-52.83425,N
16857,85470,catanduvas,PR,-25.205745,-53.153642,N
16858,85478,ibema,PR,-25.116973,-53.015163,N
16859,85485,tres barras do parana,PR,-25.422901,-53.183879,N
16860,85500,pato branco,PR,-26.253352,-52.672815,N
16861,85501,pato branco,PR,-26.226412,-52.674547,N
16862,85502,pato branco,PR,-26.232283,-52.684592,N
16863,85503,pato branco,PR,-26.198731,-52.681881,N
16864,85504,pato branco,PR,-26.213874,-52.666432,N
16865,85505,pato branco,PR,-26.230255,-52.66454,N
16866,85506,pato branco,PR,-26.243986,-52.674284,N
16867,85507,pato branco,PR,-26.25434,-52.676387,N
16868,85508,pato branco,PR,-26.265947,-52.683684,N
16869,85509,pato branco,PR,-26.241174,-52.702228,N
16870,85514,sao roque do chopim,PR,-26.092657,-52.645376,N
16871,85515,bom sucesso do sul,PR,-26.074921,-52.835203,N
16872,85520,vitorino,PR,-26.266191,-52.780834,N
16873,85525,mariópolis,PR,-26.354779,-52.554336,N
16874,85530,clevelandia,PR,-26.40748,-52.356924,N
16875,85540,mangueirinha,PR,-25.940474,-52.177877,N
16876,85548,honorio serpa,PR,-26.149294,-52.383604,N
16877,85550,coronel vivida,PR,-25.984866,-52.567601,N
16878,85555,palmas,PR,-26.48501,-51.990062,N
16879,85557,coronel domingos soares,PR,-26.223691,-52.030001,N
16880,85560,chopinzinho,PR,-25.854747,-52.529928,N
16881,85565,sulina,PR,-25.699912,-52.720688,N
16882,85568,saudade do iguacu,PR,-25.694323,-52.618838,N
16883,85570,sao joao,PR,-25.826484,-52.728355,N
16884,85571,dois irmãos,PR,-22.726561,-43.449195,N
16885,85575,sao jorge d'oeste,PR,-25.70503,-52.91874,N
16886,85579,sao jorge doeste,PR,-25.608284,-53.005908,N
16887,85580,itapejara d'oeste,PR,-25.966077,-52.820236,N
16888,85585,vere,PR,-25.878243,-52.912519,N
16889,85598,cruzeiro do iguaçu,PR,-25.600927,-53.123483,N
16890,85601,francisco beltrao,PR,-26.080628,-53.053552,N
16891,85602,francisco beltrao,PR,-26.068887,-53.068371,N
16892,85603,francisco beltrao,PR,-26.044306,-53.063714,N
16893,85604,francisco beltrao,PR,-26.064709,-53.05003,N
16894,85605,francisco beltrao,PR,-26.072007,-53.040705,N
16895,85606,francisco beltrao,PR,-26.035864,-53.053438,N
16896,85610,renascenca,PR,-26.157884,-52.970268,N
16897,85615,marmeleiro,PR,-26.149736,-53.029667,N
16898,85618,flor da serra do sul,PR,-26.255804,-53.305853,N
16899,85620,salgado filho,PR,-26.174249,-53.359741,N
16900,85628,manfrinopolis,PR,-26.144222,-53.30976,N
16901,85630,enéas marques,PR,-25.945284,-53.161497,N
16902,85635,nova esperanca do sudoeste,PR,-25.899984,-53.261518,N
16903,85640,ampére,PR,-25.919858,-53.474344,N
16904,85650,santa izabel do oeste,PR,-25.813714,-53.474052,N
16905,85660,dois vizinhos,PR,-25.748854,-53.060088,N
16906,85670,salto do lontra,PR,-25.783878,-53.307965,N
16907,85680,boa esperanca do iguacu,PR,-25.635819,-53.214475,N
16908,85685,nova prata do iguacu,PR,-25.635752,-53.347292,N
16909,85700,barracao,PR,-26.253824,-53.633883,N
16910,85708,bom jesus do sul,PR,-26.194807,-53.598675,N
16911,85710,santo antonio do sudoeste,PR,-26.036645,-53.679919,N
16912,85727,pinhal de sao bento,PR,-26.03031,-53.485541,N
16913,85730,pranchita,PR,-26.018157,-53.739512,N
16914,85740,pérola d'oeste,PR,-25.827583,-53.740672,N
16915,85745,bela vista da caroba,PR,-25.880184,-53.666689,N
16916,85750,planalto,PR,-25.721223,-53.763827,N
16917,85760,capanema,PR,-25.668573,-53.803786,N
16918,85770,realeza,PR,-25.769619,-53.533984,N
16919,85780,boa vista da aparecida,PR,-25.437885,-53.408703,N
16920,85790,capitao leonidas marques,PR,-25.486283,-53.602481,N
16921,85794,capitão leônidas marques,PR,-23.542811,-52.289104,N
16922,85795,santa lúcia,PR,-25.405715,-53.567014,N
16923,85801,cascavel,PR,-24.959184,-53.462644,N
16924,85802,cascavel,PR,-24.966466,-53.46673,N
16925,85803,cascavel,PR,-24.98171,-53.460926,N
16926,85804,cascavel,PR,-24.986483,-53.493197,N
16927,85805,cascavel,PR,-24.964546,-53.484889,N
16928,85806,cascavel,PR,-24.960141,-53.505974,N
16929,85807,cascavel,PR,-24.944714,-53.490306,N
16930,85808,cascavel,PR,-24.951323,-53.51534,N
16931,85810,cascavel,PR,-24.951383,-53.466851,N
16932,85811,cascavel,PR,-24.940656,-53.4698,N
16933,85812,cascavel,PR,-24.949359,-53.44792,N
16934,85813,cascavel,PR,-24.936834,-53.451615,N
16935,85814,cascavel,PR,-24.920493,-53.428061,N
16936,85815,cascavel,PR,-24.934069,-53.423681,N
16937,85816,cascavel,PR,-24.951755,-53.425172,N
16938,85817,cascavel,PR,-24.942275,-53.410141,N
16939,85818,cascavel,PR,-24.96853,-53.406369,N
16940,85819,cascavel,PR,-24.977532,-53.446044,N
16941,85820,cascavel,PR,-24.913594,-53.450807,N
16942,85822,sede alvorada,PR,-24.82694,-53.64611,N
16943,85824,rio do salto,PR,-23.195196,-47.288885,N
16944,85825,santa tereza do oeste,PR,-25.053436,-53.619613,N
16945,85826,lindoeste,PR,-25.267637,-53.572857,N
16946,85830,formosa do oeste,PR,-24.296024,-53.314597,N
16947,85833,iracema do oeste,PR,-24.429809,-53.355493,N
16948,85835,jesuitas,PR,-24.384143,-53.388036,N
16949,85840,ceu azul,PR,-25.147088,-53.850097,N
16950,85845,vera cruz do oeste,PR,-25.061332,-53.8778,N
16951,85851,foz do iguacu,PR,-25.541845,-54.58482,N
16952,85852,foz do iguacu,PR,-25.53938,-54.575055,N
16953,85853,foz do iguacu,PR,-25.555693,-54.563631,N
16954,85854,foz do iguacu,PR,-25.568332,-54.569156,N
16955,85855,foz do iguacu,PR,-25.57952,-54.566835,N
16956,85856,foz do iguacu,PR,-25.540466,-54.55333,N
16957,85857,foz do iguaçu,PR,-25.531557,-54.556101,N
16958,85858,foz do iguaçu,PR,-25.527157,-54.541933,N
16959,85859,foz do iguaçu,PR,-25.5135,-54.534889,N
16960,85860,foz do iguacu,PR,-25.501017,-54.568921,N
16961,85861,foz do iguacu,PR,-25.501026,-54.557817,N
16962,85862,foz do iguacu,PR,-25.488371,-54.521641,N
16963,85863,foz do iguacu,PR,-25.524179,-54.569548,N
16964,85864,foz do iguacu,PR,-25.522498,-54.584483,N
16965,85865,foz do iguacu,PR,-25.511247,-54.585741,N
16966,85866,foz do iguacu,PR,-25.499753,-54.574555,N
16967,85867,foz do iguaçu,PR,-25.475437,-54.584995,N
16968,85868,foz do iguacu,PR,-25.487219,-54.576317,N
16969,85869,foz do iguaçu,PR,-25.490652,-54.557366,N
16970,85870,foz do iguacu,PR,-25.454181,-54.571085,N
16971,85875,santa terezinha de itaipu,PR,-25.442862,-54.402765,N
16972,85877,sao miguel do iguacu,PR,-25.353607,-54.229506,N
16973,85878,aurora do iguacu,PR,-25.368939,-54.158713,N
16974,85880,itaipulandia,PR,-25.147981,-54.303651,N
16975,85883,sao jose do itavo,PR,-23.163122,-53.307797,N
16976,85884,medianeira,PR,-25.293202,-54.095134,N
16977,85885,serranopolis do iguacu,PR,-25.414255,-54.0411,N
16978,85887,matelandia,PR,-25.197782,-53.90761,N
16979,85888,ramilândia,PR,-25.119339,-54.028402,N
16980,85890,missal,PR,-25.092281,-54.242206,N
16981,85892,santa helena,PR,-24.867406,-54.330019,N
16982,85894,sao clemente,PR,,,N
16983,85896,diamante d'oeste,PR,-24.942648,-54.103997,N
16984,85898,sao jose das palmeiras,PR,-24.835833,-54.060364,N
16985,85900,toledo,PR,-24.728208,-53.739928,N
16986,85901,toledo,PR,-24.736816,-53.740659,N
16987,85902,toledo,PR,-24.733371,-53.752237,N
16988,85903,toledo,PR,-24.718386,-53.758963,N
16989,85904,toledo,PR,-24.711674,-53.747606,N
16990,85905,toledo,PR,-24.712956,-53.734958,N
16991,85906,toledo,PR,-24.720782,-53.720452,N
16992,85907,toledo,PR,-24.745336,-53.708893,N
16993,85908,toledo,PR,-24.735488,-53.707364,N
16994,85909,toledo,PR,-24.739285,-53.723612,N
16995,85910,toledo,PR,-24.749326,-53.725427,N
16996,85911,toledo,PR,-24.760472,-53.733344,N
16997,85912,toledo,PR,-24.758947,-53.735185,N
16998,85913,toledo,PR,-24.75205,-53.742735,N
16999,85914,toledo,PR,-24.745243,-53.746306,N
17000,85915,toledo,PR,-24.762515,-53.743637,N
17001,85920,dez de maio,PR,-24.678575,-53.915974,N
17002,85925,novo sobradinho,PR,-24.62606,-53.75867,N
17003,85926,vila nova,PR,-24.576397,-53.800824,N
17004,85927,novo sarandi,PR,-24.547383,-53.896246,N
17005,85929,sao pedro do iguacu,PR,-24.914072,-53.88665,N
17006,85930,nova santa rosa,PR,-24.46238,-53.956504,N
17007,85933,ouro verde do oeste,PR,-24.773798,-53.904996,N
17008,85935,assis chateaubriand,PR,-24.402021,-53.517404,N
17009,85936,encantado d'oeste,PR,-24.418291,-53.655716,N
17010,85937,bragantina,PR,-24.609389,-53.616029,N
17011,85940,quatro pontes,PR,-24.571587,-53.97647,N
17012,85945,tupassi,PR,-24.599053,-53.508767,N
17013,85948,pato bragado,PR,-24.625809,-54.226731,N
17014,85950,palotina,PR,-24.285797,-53.837678,N
17015,85952,são camilo,PR,-24.191289,-53.912802,N
17016,85955,maripa,PR,-24.421301,-53.828489,N
17017,85957,maripa,PR,-24.479572,-53.796086,N
17018,85958,perola independente,PR,,,N
17019,85960,marechal candido rondon,PR,-24.554525,-54.058525,N
17020,85976,porto mendes,PR,-24.488823,-54.304494,N
17021,85980,guaira,PR,-24.086745,-54.251185,N
17022,85985,doutor oliveira castro,PR,-24.251427,-54.265805,N
17023,85988,entre rios do oeste,PR,-24.702966,-54.237448,N
17024,85990,terra roxa,PR,-24.168029,-54.097232,N
17025,85995,santa rita do oeste,PR,-24.369468,-54.015234,N
17026,85998,mercedes,PR,-24.452002,-54.1678,N
17027,86010,londrina,PR,-23.318127,-51.157136,N
17028,86015,londrina,PR,-23.329255,-51.159441,N
17029,86020,londrina,PR,-23.312601,-51.16718,N
17030,86025,londrina,PR,-23.298062,-51.164142,N
17031,86026,londrina,PR,-23.311279,-51.157084,N
17032,86027,londrina,PR,-23.301832,-51.144676,N
17033,86030,londrina,PR,-23.294531,-51.1292,N
17034,86031,londrina,PR,-23.283991,-51.120261,N
17035,86032,londrina,PR,-23.290407,-51.096605,N
17036,86035,londrina,PR,-23.311083,-51.134917,N
17037,86036,londrina,PR,-23.317091,-51.127494,N
17038,86037,londrina,PR,-23.320958,-51.112739,N
17039,86038,londrina,PR,-23.327418,-51.122699,N
17040,86039,londrina,PR,-23.320821,-51.141796,N
17041,86040,londrina,PR,-23.338994,-51.136186,N
17042,86041,londrina,PR,-23.355601,-51.138806,N
17043,86042,londrina,PR,-23.368059,-51.141817,N
17044,86043,londrina,PR,-23.364683,-51.133621,N
17045,86044,londrina,PR,-23.386492,-51.132207,N
17046,86045,londrina,PR,-23.367076,-51.157385,N
17047,86046,londrina,PR,-23.347856,-51.148414,N
17048,86047,londrina,PR,-23.346966,-51.171659,N
17049,86049,londrina,PR,-23.371502,-51.15314,N
17050,86050,londrina,PR,-23.331337,-51.177245,N
17051,86055,londrina,PR,-23.33443,-51.187166,N
17052,86056,londrina,PR,-23.327452,-51.222503,N
17053,86057,londrina,PR,-23.323305,-51.208925,N
17054,86058,londrina,PR,-23.348489,-51.207,N
17055,86060,londrina,PR,-23.312446,-51.175666,N
17056,86061,londrina,PR,-23.312051,-51.179698,N
17057,86062,londrina,PR,-23.305642,-51.186961,N
17058,86063,londrina,PR,-23.311785,-51.1977,N
17059,86065,londrina,PR,-23.303869,-51.203188,N
17060,86066,londrina,PR,-23.31348,-51.213412,N
17061,86067,londrina,PR,-23.293051,-51.223042,N
17062,86070,londrina,PR,-23.296427,-51.181802,N
17063,86071,londrina,PR,-23.292802,-51.196503,N
17064,86072,londrina,PR,-23.28672,-51.205269,N
17065,86073,londrina,PR,-23.281536,-51.189246,N
17066,86075,londrina,PR,-23.2868,-51.167422,N
17067,86076,londrina,PR,-23.286254,-51.179283,N
17068,86077,londrina,PR,-23.277567,-51.166918,N
17069,86078,londrina,PR,-23.27728,-51.154094,N
17070,86079,londrina,PR,-23.287343,-51.155351,N
17071,86080,londrina,PR,-23.276243,-51.180205,N
17072,86081,londrina,PR,-23.266406,-51.185636,N
17073,86082,londrina,PR,-23.257727,-51.172022,N
17074,86083,londrina,PR,-23.266333,-51.170585,N
17075,86084,londrina,PR,-23.267316,-51.159704,N
17076,86085,londrina,PR,-23.252544,-51.146346,N
17077,86086,londrina,PR,-23.257427,-51.138153,N
17078,86087,londrina,PR,-23.274059,-51.146663,N
17079,86088,londrina,PR,-23.262624,-51.14633,N
17080,86089,londrina,PR,-23.251302,-51.209754,N
17081,86112,paiquere,PR,-23.528584,-51.083339,N
17082,86125,tamarana,PR,-23.724771,-51.096055,N
17083,86130,bela vista do paraíso,PR,-22.993623,-51.197577,N
17084,86135,santa margarida,PR,,,N
17085,86140,primeiro de maio,PR,-22.853647,-51.027313,N
17086,86150,alvorada do sul,PR,-22.779245,-51.229787,N
17087,86160,porecatu,PR,-22.752396,-51.379435,N
17088,86165,florestopolis,PR,-22.866573,-51.390543,N
17089,86170,sertanopolis,PR,-23.059061,-51.037542,N
17090,86181,cambe,PR,-23.279836,-51.283524,N
17091,86182,cambe,PR,-23.273275,-51.281642,N
17092,86183,cambe,PR,-23.273636,-51.255456,N
17093,86184,cambé,PR,-23.266458,-51.280441,N
17094,86185,cambe,PR,-23.289126,-51.24297,N
17095,86186,cambe,PR,-23.296598,-51.239945,N
17096,86187,cambe,PR,-23.305229,-51.219438,N
17097,86188,cambe,PR,-23.307692,-51.22669,N
17098,86189,cambé,PR,-23.298749,-51.257523,N
17099,86191,cambe,PR,-23.285753,-51.263678,N
17100,86192,cambe,PR,-23.285944,-51.27364,N
17101,86200,ibipora,PR,-23.269435,-51.05294,N
17102,86210,jataizinho,PR,-23.257235,-50.970858,N
17103,86220,assai,PR,-23.375451,-50.845805,N
17104,86225,santa cecilia do pavao,PR,-23.51844,-50.784191,N
17105,86230,nova america da colina,PR,-23.331267,-50.718542,N
17106,86240,sao sebastiao da amoreira,PR,-23.465017,-50.76104,N
17107,86250,nova santa barbara,PR,-23.588055,-50.762927,N
17108,86270,sao jeronimo da serra,PR,-23.718769,-50.742273,N
17109,86280,urai,PR,-23.202538,-50.793652,N
17110,86285,cruzeiro do norte,PR,-23.230049,-50.85865,N
17111,86290,rancho alegre,PR,-23.071765,-50.913975,N
17112,86300,cornelio procopio,PR,-23.181161,-50.649608,N
17113,86305,congonhas,PR,-23.200658,-50.72308,N
17114,86310,nova fátima,PR,-23.433905,-50.561561,N
17115,86315,santo antonio do paraiso,PR,-23.492907,-50.644084,N
17116,86320,congonhinhas,PR,-23.553522,-50.549924,N
17117,86330,leópolis,PR,-23.07927,-50.750152,N
17118,86340,sertaneja,PR,-23.037013,-50.81787,N
17119,86350,santa mariana,PR,-23.147378,-50.518982,N
17120,86358,panema,PR,-22.952379,-50.586279,N
17121,86360,bandeirantes,PR,-23.111897,-50.371551,N
17122,86370,santa amelia,PR,-23.267588,-50.42845,N
17123,86375,itambaraca,PR,-23.017519,-50.406588,N
17124,86380,andirá,PR,-23.048268,-50.23062,N
17125,86385,barra do jacare,PR,-23.112718,-50.17586,N
17126,86390,cambará,PR,-23.041547,-50.075279,N
17127,86400,jacarezinho,PR,-23.158367,-49.976621,N
17128,86410,ribeirao claro,PR,-23.196539,-49.757929,N
17129,86420,carlopolis,PR,-23.427715,-49.718156,N
17130,86430,santo antonio da platina,PR,-23.29514,-50.075643,N
17131,86450,quatigua,PR,-23.567444,-49.91406,N
17132,86455,joaquim távora,PR,-23.500213,-49.921802,N
17133,86460,abatia,PR,-23.304523,-50.310972,N
17134,86465,guapirama,PR,-23.515685,-50.043477,N
17135,86470,jundiai do sul,PR,-23.43805,-50.247436,N
17136,86480,conselheiro mairinck,PR,-23.623576,-50.169276,N
17137,86490,ribeirao do pinhal,PR,-23.40951,-50.357877,N
17138,86600,rolandia,PR,-23.312477,-51.365003,N
17139,86601,rolandia,PR,-23.30131,-51.363467,N
17140,86602,rolândia,PR,-23.303106,-51.391955,N
17141,86604,rolândia,PR,-23.318148,-51.39162,N
17142,86605,rolandia,PR,-23.322715,-51.370551,N
17143,86606,rolandia,PR,-23.335235,-51.39339,N
17144,86609,sao martinho,PR,-23.195147,-51.441439,N
17145,86610,jaguapita,PR,-23.11345,-51.533135,N
17146,86613,pitangueiras,PR,-23.233876,-51.583492,N
17147,86615,miraselva,PR,-22.96715,-51.48492,N
17148,86618,prado ferreira,PR,-23.039737,-51.442613,N
17149,86620,guaraci,PR,-22.969028,-51.648183,N
17150,86625,bentopolis,PR,-22.92992,-51.714459,N
17151,86630,centenario do sul,PR,-22.821409,-51.594977,N
17152,86635,lupionopolis,PR,-22.754873,-51.658304,N
17153,86640,cafeara,PR,-22.790334,-51.7156,N
17154,86650,santo inacio,PR,-22.693565,-51.788962,N
17155,86660,santa ines,PR,-22.639303,-51.903612,N
17156,86670,itaguaje,PR,-22.617407,-51.966951,N
17157,86680,nossa senhora das gracas,PR,-22.914074,-51.797181,N
17158,86690,colorado,PR,-22.837654,-51.973422,N
17159,86695,alto alegre,PR,-22.897388,-51.88851,N
17160,86700,arapongas,PR,-23.410186,-51.435338,N
17161,86701,arapongas,PR,-23.409198,-51.437587,N
17162,86702,arapongas,PR,-23.390607,-51.446644,N
17163,86703,arapongas,PR,-23.393189,-51.419885,N
17164,86704,arapongas,PR,-23.390993,-51.417137,N
17165,86705,arapongas,PR,-23.408573,-51.422997,N
17166,86706,arapongas,PR,-23.427901,-51.423885,N
17167,86707,arapongas,PR,-23.42482,-51.433661,N
17168,86708,arapongas,PR,-23.414867,-51.44412,N
17169,86709,arapongas,PR,-23.411346,-51.456942,N
17170,86710,arapongas,PR,-23.418965,-51.432197,N
17171,86711,arapongas,PR,-23.407946,-51.452196,N
17172,86716,arapongas,PR,-23.393705,-51.424411,N
17173,86720,sabaudia,PR,-23.32111,-51.555202,N
17174,86730,astorga,PR,-23.236673,-51.667934,N
17175,86742,santa zelia,PR,-23.174477,-51.678167,N
17176,86744,icara,PR,-23.170581,-51.635535,N
17177,86750,iguaraçu,PR,-23.200932,-51.829493,N
17178,86755,angulo,PR,-23.193779,-51.91628,N
17179,86760,munhoz de melo,PR,-23.148268,-51.774097,N
17180,86770,santa fe,PR,-23.039628,-51.810761,N
17181,86780,florida,PR,-23.088224,-51.955043,N
17182,86790,lobato,PR,-23.009978,-51.951972,N
17183,86800,apucarana,PR,-23.554477,-51.465756,N
17184,86801,apucarana,PR,-23.557358,-51.486818,N
17185,86802,apucarana,PR,-23.569465,-51.467625,N
17186,86803,apucarana,PR,-23.532455,-51.456393,N
17187,86804,apucarana,PR,-23.540601,-51.451196,N
17188,86805,apucarana,PR,-23.540359,-51.442099,N
17189,86806,apucarana,PR,-23.526292,-51.433793,N
17190,86807,apucarana,PR,-23.546474,-51.438004,N
17191,86808,apucarana,PR,-23.554827,-51.450696,N
17192,86809,apucarana,PR,-23.56359,-51.454647,N
17193,86810,apucarana,PR,-23.569519,-51.456018,N
17194,86811,apucarana,PR,-23.561813,-51.443247,N
17195,86812,apucarana,PR,-23.553925,-51.428892,N
17196,86813,apucarana,PR,-23.570885,-51.442105,N
17197,86818,apucarana,PR,-23.562489,-51.519548,N
17198,86819,apucarana,PR,-23.612035,-51.408433,N
17199,86820,califórnia,PR,-23.665523,-51.356597,N
17200,86825,marilandia do sul,PR,-23.748006,-51.30401,N
17201,86828,maua da serra,PR,-23.899659,-51.227298,N
17202,86830,rio bom,PR,-23.762726,-51.413376,N
17203,86840,faxinal,PR,-23.998711,-51.323611,N
17204,86845,grandes rios,PR,-24.150851,-51.496236,N
17205,86848,rio branco do ivai,PR,-24.324201,-51.311732,N
17206,86850,rosario do ivai,PR,-24.254912,-51.251463,N
17207,86855,cruzmaltina,PR,-23.994054,-51.44224,N
17208,86860,jardim alegre,PR,-24.180249,-51.690072,N
17209,86865,lidianopolis,PR,-24.085818,-51.644907,N
17210,86870,ivaipora,PR,-24.246397,-51.670668,N
17211,86880,ariranha do ivaí,PR,-24.383545,-51.5829,N
17212,86884,arapua,PR,-24.313832,-51.804911,N
17213,86890,cambira,PR,-23.604889,-51.57907,N
17214,86895,novo itacolomi,PR,-23.765091,-51.506704,N
17215,86900,jandaia do sul,PR,-23.602235,-51.644072,N
17216,86910,marumbi,PR,-23.706998,-51.640231,N
17217,86920,kaloré,PR,-23.828661,-51.672317,N
17218,86925,borrazopolis,PR,-23.940318,-51.585181,N
17219,86930,sao joao do ivai,PR,-23.993105,-51.819465,N
17220,86931,luar,PR,-23.957501,-51.915794,N
17221,86932,ubauna,PR,-24.090375,-54.255825,N
17222,86935,lunardelli,PR,-24.078323,-51.743159,N
17223,86938,godoy moreira,PR,-24.194417,-51.924767,N
17224,86940,bom sucesso,PR,-23.709291,-51.767831,N
17225,86945,sao pedro do ivai,PR,-23.892705,-51.814816,N
17226,86950,fenix,PR,-23.915817,-51.979219,N
17227,86960,barbosa ferraz,PR,-24.027435,-52.009024,N
17228,86970,corumbatai do sul,PR,-24.101029,-52.117097,N
17229,86975,mandaguari,PR,-23.522117,-51.677663,N
17230,86990,marialva,PR,-23.483924,-51.799909,N
17231,86995,aquidaban,PR,-23.584743,-51.902743,N
17232,86996,sao miguel do cambui,PR,,,N
17233,87005,maringa,PR,-23.441741,-51.927492,N
17234,87010,maringa,PR,-23.438499,-51.935189,N
17235,87013,maringa,PR,-23.422486,-51.938405,N
17236,87014,maringa,PR,-23.428803,-51.948194,N
17237,87015,maringá,PR,-23.42832,-51.958334,N
17238,87020,maringa,PR,-23.412914,-51.942038,N
17239,87023,maringa,PR,-23.391233,-51.935292,N
17240,87024,maringa,PR,-23.370195,-51.944212,N
17241,87025,maringa,PR,-23.382472,-51.927966,N
17242,87030,maringa,PR,-23.41377,-51.92707,N
17243,87031,maringa,PR,-23.42198,-51.934054,N
17244,87033,maringa,PR,-23.400509,-51.918377,N
17245,87035,maringa,PR,-23.387798,-51.908931,N
17246,87040,maringa,PR,-23.413743,-51.907543,N
17247,87043,maringa,PR,-23.401268,-51.894333,N
17248,87045,maringa,PR,-23.424139,-51.895686,N
17249,87047,maringá,PR,-23.414433,-51.886018,N
17250,87050,maringa,PR,-23.431131,-51.918235,N
17251,87053,maringá,PR,-23.458409,-51.919663,N
17252,87055,maringa,PR,-23.451472,-51.905621,N
17253,87060,maringa,PR,-23.44904,-51.953423,N
17254,87062,maringá,PR,-23.465022,-51.951479,N
17255,87063,maringa,PR,-23.468198,-51.925016,N
17256,87065,maringa,PR,-23.445069,-51.977131,N
17257,87070,maringa,PR,-23.412892,-51.98025,N
17258,87075,maringa,PR,-23.395607,-51.974797,N
17259,87080,maringa,PR,-23.407402,-51.958423,N
17260,87083,maringa,PR,-23.387645,-51.955194,N
17261,87103,maringa,PR,-23.38086,-52.051593,N
17262,87105,maringa,PR,-23.412309,-51.930403,N
17263,87110,sarandi,PR,-23.441616,-51.873757,N
17264,87111,sarandi,PR,-23.448041,-51.86996,N
17265,87112,sarandi,PR,-23.455451,-51.876679,N
17266,87113,sarandi,PR,-23.432405,-51.873632,N
17267,87114,sarandi,PR,-23.43345,-51.866703,N
17268,87117,sarandi,PR,-23.47082,-51.87609,N
17269,87118,sarandi,PR,-23.437955,-51.876626,N
17270,87120,floresta,PR,-23.614374,-52.082794,N
17271,87130,ivatuba,PR,-23.611765,-52.206735,N
17272,87140,paicandu,PR,-23.456821,-52.039905,N
17273,87145,paicandu,PR,-23.501806,-52.150926,N
17274,87155,doutor camargo,PR,-23.55468,-52.218488,N
17275,87160,mandaguacu,PR,-23.344956,-52.099048,N
17276,87165,pulinopolis,PR,-23.343247,-52.09327,N
17277,87170,ourizona,PR,-23.404632,-52.193552,N
17278,87175,itambé,PR,-23.658661,-51.991129,N
17279,87180,presidente castelo branco,PR,-23.276956,-52.1541,N
17280,87185,florai,PR,-23.31881,-52.305256,N
17281,87190,sao jorge do ivai,PR,-23.434255,-52.292262,N
17282,87200,cianorte,PR,-23.655986,-52.609666,N
17283,87201,cianorte,PR,-23.646317,-52.615377,N
17284,87202,cianorte,PR,-23.650879,-52.628704,N
17285,87203,cianorte,PR,-23.656348,-52.62854,N
17286,87204,cianorte,PR,-23.657697,-52.631909,N
17287,87205,cianorte,PR,-23.671872,-52.633837,N
17288,87206,cianorte,PR,-23.686651,-52.633106,N
17289,87207,cianorte,PR,-23.674233,-52.621801,N
17290,87208,cianorte,PR,-23.671726,-52.608753,N
17291,87209,cianorte,PR,-23.664448,-52.596343,N
17292,87210,cianorte,PR,-23.657924,-52.58993,N
17293,87214,vidigal,PR,-23.605119,-52.51856,N
17294,87215,sao manoel do parana,PR,-23.387081,-52.627024,N
17295,87220,sao tome,PR,-23.535477,-52.589335,N
17296,87225,japura,PR,-23.471936,-52.555523,N
17297,87230,jussara,PR,-23.622748,-52.470118,N
17298,87235,indianopolis,PR,-23.479478,-52.697442,N
17299,87240,terra boa,PR,-23.771858,-52.448328,N
17300,87250,peabiru,PR,-23.916245,-52.344838,N
17301,87260,araruna,PR,-23.929496,-52.500649,N
17302,87265,quinta do sol,PR,-23.850052,-52.132125,N
17303,87270,engenheiro beltrão,PR,-23.798699,-52.263424,N
17304,87275,ivailandia,PR,-25.461736,-49.286722,N
17305,87280,iretama,PR,-24.409938,-52.100758,N
17306,87290,luiziana,PR,-24.284289,-52.276768,N
17307,87300,campo mourao,PR,-24.041219,-52.371654,N
17308,87301,campo mourao,PR,-24.049428,-52.376569,N
17309,87302,campo mourao,PR,-24.04301,-52.386091,N
17310,87303,campo mourao,PR,-24.034078,-52.375641,N
17311,87305,campo mourão,PR,-24.048585,-52.399848,N
17312,87306,campo mourão,PR,-24.053876,-52.414691,N
17313,87307,campo mourao,PR,-24.046944,-52.365761,N
17314,87308,campo mourão,PR,-24.02478,-52.372058,N
17315,87309,campo mourão,PR,-24.021227,-52.360797,N
17316,87310,campo mourao,PR,-24.01669,-52.353176,N
17317,87320,roncador,PR,-24.593867,-52.277991,N
17318,87323,alto sao joao,PR,,,N
17319,87325,farol,PR,-24.095231,-52.623242,N
17320,87330,nova cantu,PR,-24.672358,-52.570563,N
17321,87340,mambore,PR,-24.314252,-52.529113,N
17322,87345,campina da lagoa,PR,-24.592412,-52.804153,N
17323,87355,juranda,PR,-24.419268,-52.845495,N
17324,87357,rio verde,PR,-24.474613,-52.877759,N
17325,87360,goioere,PR,-24.185936,-53.025629,N
17326,87365,quarto centenário,PR,-24.27943,-53.074178,N
17327,87370,moreira sales,PR,-24.051548,-53.006373,N
17328,87375,paraná d'oeste,PR,-24.110383,-52.887692,N
17329,87380,janiópolis,PR,-24.137654,-52.7832,N
17330,87390,boa esperanca,PR,-24.243049,-52.78696,N
17331,87395,rancho alegre d'oeste,PR,-24.305232,-52.957088,N
17332,87400,cruzeiro do oeste,PR,-23.802146,-53.029695,N
17333,87408,sao silvestre,PR,-23.531909,-53.084044,N
17334,87430,tapejara,PR,-23.734127,-52.866134,N
17335,87450,tuneiras do oeste,PR,-23.865989,-52.873878,N
17336,87470,mariluz,PR,-24.009964,-53.151319,N
17337,87480,maria helena,PR,-23.616251,-53.205977,N
17338,87485,douradina,PR,-23.383032,-53.291455,N
17339,87490,nova olímpia,PR,-23.471919,-53.088915,N
17340,87501,umuarama,PR,-23.762771,-53.310314,N
17341,87502,umuarama,PR,-23.759416,-53.292784,N
17342,87503,umuarama,PR,-23.767559,-53.320878,N
17343,87504,umuarama,PR,-23.751738,-53.30073,N
17344,87505,umuarama,PR,-23.770304,-53.293996,N
17345,87506,umuarama,PR,-23.781097,-53.318288,N
17346,87507,umuarama,PR,-23.786921,-53.298994,N
17347,87508,umuarama,PR,-23.777982,-53.329031,N
17348,87509,umuarama,PR,-23.742591,-53.318924,N
17349,87510,umuarama,PR,-23.768463,-53.334626,N
17350,87511,umuarama,PR,,,N
17351,87518,serra dos dourados,PR,-23.619535,-53.382121,N
17352,87520,umuarama,PR,-23.769558,-53.198101,N
17353,87521,santa eliza,PR,-23.528248,-53.465362,N
17354,87525,ivate,PR,-23.407196,-53.369501,N
17355,87528,alto paraiso,PR,-23.506787,-53.729138,N
17356,87530,icaraima,PR,-23.393163,-53.619503,N
17357,87535,xambre,PR,-23.733225,-53.501893,N
17358,87538,perobal,PR,-23.894847,-53.407529,N
17359,87540,perola,PR,-23.803096,-53.681551,N
17360,87545,esperanca nova,PR,-23.72449,-53.810626,N
17361,87550,altonia,PR,-23.872113,-53.893655,N
17362,87555,são jorge do patrocínio,PR,-23.763888,-53.879169,N
17363,87560,ipora,PR,-24.00454,-53.709007,N
17364,87565,cafezal do sul,PR,-23.904122,-53.513587,N
17365,87567,guaipora,PR,-24.247975,-51.676013,N
17366,87569,jangada,PR,-24.012134,-53.535574,N
17367,87570,francisco alves,PR,-24.076228,-53.852424,N
17368,87575,rio bonito,PR,-8.474008,-35.74211,N
17369,87580,alto piquiri,PR,-24.032268,-53.439857,N
17370,87595,brasilandia do sul,PR,-24.197249,-53.527116,N
17371,87600,nova esperanca,PR,-23.185387,-52.204224,N
17372,87630,atalaia,PR,-23.151658,-52.052115,N
17373,87640,uniflor,PR,-23.086974,-52.15756,N
17374,87650,cruzeiro do sul,PR,-22.963022,-52.162989,N
17375,87660,paranacity,PR,-22.931023,-52.15363,N
17376,87666,paranacity,PR,-22.931709,-52.15463,N
17377,87670,inaja,PR,-22.751208,-52.198324,N
17378,87680,paranapoema,PR,-22.656836,-52.083649,N
17379,87690,jardim olinda,PR,-22.552577,-52.037546,N
17380,87701,paranavaí,PR,-23.085089,-52.462875,N
17381,87702,paranavai,PR,-23.078838,-52.464732,N
17382,87703,paranavai,PR,-23.065975,-52.464551,N
17383,87704,paranavai,PR,-23.077166,-52.457232,N
17384,87705,paranavaí,PR,-23.081055,-52.45345,N
17385,87706,paranavaí,PR,-23.079511,-52.442057,N
17386,87707,paranavai,PR,-23.086204,-52.446643,N
17387,87708,paranavai,PR,-23.092035,-52.454626,N
17388,87709,paranavai,PR,-23.08002,-52.46079,N
17389,87710,paranavai,PR,-23.097366,-52.479188,N
17390,87711,paranavai,PR,-23.096683,-52.465859,N
17391,87720,paranavaí,PR,-23.069989,-52.415859,N
17392,87722,graciosa,PR,-23.084504,-52.606082,N
17393,87730,santo antônio do caiuá,PR,-22.739096,-52.346019,N
17394,87740,sao joao do caiua,PR,-22.855779,-52.336773,N
17395,87750,alto parana,PR,-23.130349,-52.320305,N
17396,87760,tamboara,PR,-23.199563,-52.499539,N
17397,87770,sao carlos do ivai,PR,-23.316737,-52.47715,N
17398,87780,paraiso do norte,PR,-23.283476,-52.604001,N
17399,87790,nova alianca do ivai,PR,-23.177394,-52.605347,N
17400,87800,rondon,PR,-23.417472,-52.772676,N
17401,87810,guaporema,PR,-23.34092,-52.776874,N
17402,87820,cidade gaucha,PR,-23.382616,-52.940862,N
17403,87830,tapira,PR,-23.32009,-53.072694,N
17404,87840,mirador,PR,-23.236494,-52.761991,N
17405,87850,amapora,PR,-23.094997,-52.786735,N
17406,87860,planaltina do parana,PR,-23.022127,-52.920135,N
17407,87880,guairaca,PR,-22.938666,-52.687349,N
17408,87890,terra rica,PR,-22.724824,-52.622593,N
17409,87895,terra rica,PR,-22.694009,-52.719707,N
17410,87900,loanda,PR,-22.929384,-53.135873,N
17411,87910,santa isabel do ivai,PR,-23.005187,-53.194502,N
17412,87913,sao jose do ivai,PR,-23.132248,-53.277412,N
17413,87915,santa mônica,PR,-23.137677,-53.104589,N
17414,87920,santa cruz de monte castelo,PR,-22.95815,-53.294851,N
17415,87930,querencia do norte,PR,-23.084848,-53.484539,N
17416,87950,porto rico,PR,-22.775071,-53.26784,N
17417,87955,sao pedro do parana,PR,-22.827857,-53.20904,N
17418,87957,porto sao jose,PR,-23.130767,-53.275037,N
17419,87960,marilena,PR,-22.737246,-53.033343,N
17420,87970,nova londrina,PR,-22.763497,-52.988298,N
17421,87980,itaúna do sul,PR,-22.729915,-52.885417,N
17422,87990,diamante do norte,PR,-22.658915,-52.86449,N
17423,88000,florianopolis,SC,-27.468278,-48.466852,N
17424,88010,florianopolis,SC,-27.592883,-48.552471,N
17425,88015,florianópolis,SC,-27.589867,-48.551153,N
17426,88020,florianopolis,SC,-27.593758,-48.544314,N
17427,88021,florianopolis,SC,-27.611989,-48.544669,N
17428,88025,florianopolis,SC,-27.577634,-48.535483,N
17429,88030,florianopolis,SC,-27.563601,-48.513558,N
17430,88032,florianopolis,SC,-27.528367,-48.491914,N
17431,88034,florianópolis,SC,-27.584002,-48.501679,N
17432,88035,florianopolis,SC,-27.591141,-48.509177,N
17433,88036,florianopolis,SC,-27.589317,-48.522468,N
17434,88037,florianopolis,SC,-27.600183,-48.506916,N
17435,88040,florianópolis,SC,-27.603831,-48.523563,N
17436,88045,florianopolis,SC,-27.608167,-48.533587,N
17437,88047,florianopolis,SC,-27.653601,-48.530935,N
17438,88048,florianopolis,SC,-27.652608,-48.482457,N
17439,88049,florianopolis,SC,-27.685685,-48.560359,N
17440,88050,florianopolis,SC,-27.518376,-48.516277,N
17441,88051,florianopolis,SC,-27.490962,-48.527696,N
17442,88052,florianopolis,SC,-27.476043,-48.460882,N
17443,88053,florianopolis,SC,-27.443213,-48.498328,N
17444,88054,florianópolis,SC,-27.432686,-48.465857,N
17445,88056,florianopolis,SC,-27.419842,-48.426466,N
17446,88058,florianopolis,SC,-27.442895,-48.401481,N
17447,88060,florianopolis,SC,-27.488658,-48.414979,N
17448,88061,florianopolis,SC,-27.581085,-48.431136,N
17449,88062,florianopolis,SC,-27.608192,-48.470705,N
17450,88063,florianopolis,SC,-27.681688,-48.490774,N
17451,88064,florianopolis,SC,-27.724473,-48.541885,N
17452,88065,florianopolis,SC,-27.681115,-48.506459,N
17453,88066,florianopolis,SC,-27.725282,-48.506547,N
17454,88067,florianopolis,SC,-27.780402,-48.52147,N
17455,88070,florianopolis,SC,-27.591471,-48.583157,N
17456,88075,florianopolis,SC,-27.585486,-48.57989,N
17457,88080,florianopolis,SC,-27.607659,-48.581,N
17458,88085,florianopolis,SC,-27.606573,-48.592712,N
17459,88090,florianopolis,SC,-27.592214,-48.595469,N
17460,88095,florianópolis,SC,-27.581971,-48.594762,N
17461,88101,sao jose,SC,-27.595232,-48.617592,N
17462,88102,sao jose,SC,-27.595808,-48.616197,N
17463,88103,sao jose,SC,-27.609282,-48.629095,N
17464,88104,sao jose,SC,-27.621124,-48.639989,N
17465,88106,sao jose,SC,-27.602192,-48.642427,N
17466,88107,sao jose,SC,-27.582219,-48.666582,N
17467,88108,sao jose,SC,-27.590627,-48.623854,N
17468,88110,são josé,SC,-27.575193,-48.61831,N
17469,88111,sao jose,SC,-27.566338,-48.625466,N
17470,88113,sao jose,SC,-27.558024,-48.631725,N
17471,88115,sao jose,SC,-27.54288,-48.633426,N
17472,88117,sao jose,SC,-27.579217,-48.607593,N
17473,88119,sao jose,SC,-27.575351,-48.646117,N
17474,88122,sao jose,SC,-27.599306,-48.683133,N
17475,88123,sao jose,SC,-27.583126,-48.716077,N
17476,88125,sao pedro de alcantara,SC,-27.568059,-48.777519,N
17477,88130,palhoca,SC,-27.63654,-48.655489,N
17478,88131,palhoça,SC,-27.656853,-48.666588,N
17479,88132,palhoca,SC,-27.646893,-48.680545,N
17480,88133,palhoca,SC,-27.629395,-48.664484,N
17481,88134,palhoca,SC,-27.679544,-48.650654,N
17482,88135,palhoça,SC,-27.678199,-48.687097,N
17483,88136,palhoça,SC,-27.640828,-48.709478,N
17484,88137,palhoca,SC,-27.656421,-48.66584,N
17485,88138,palhoca,SC,-27.753926,-48.633494,N
17486,88139,palhoca,SC,-27.885544,-48.590714,N
17487,88140,santo amaro da imperatriz,SC,-27.687415,-48.771889,N
17488,88150,aguas mornas,SC,-27.701033,-48.83821,N
17489,88160,biguacu,SC,-27.50717,-48.644883,N
17490,88161,biguaçu,SC,-27.513076,-48.653322,N
17491,88162,biguaçu,SC,-27.527042,-48.64345,N
17492,88164,biguacu,SC,-27.493231,-48.664027,N
17493,88165,biguacu,SC,-27.475471,-48.662469,N
17494,88168,biguacu,SC,-27.443502,-48.635411,N
17495,88180,antonio carlos,SC,-27.51665,-48.768849,N
17496,88190,governador celso ramos,SC,-27.343367,-48.55333,N
17497,88200,tijucas,SC,-27.239249,-48.637067,N
17498,88210,porto belo,SC,-27.157282,-48.570047,N
17499,88215,bombinhas,SC,-27.156573,-48.503204,N
17500,88220,itapema,SC,-27.104776,-48.622296,N
17501,88230,canelinha,SC,-27.265702,-48.768018,N
17502,88240,sao joao batista,SC,-27.27885,-48.851215,N
17503,88260,major gercino,SC,-27.418044,-48.999602,N
17504,88270,nova trento,SC,-27.282999,-48.930773,N
17505,88295,botuvera,SC,-27.200822,-49.078374,N
17506,88301,itajai,SC,-26.911877,-48.656394,N
17507,88302,itajai,SC,-26.917348,-48.659856,N
17508,88303,itajai,SC,-26.912574,-48.67398,N
17509,88304,itajaí,SC,-26.902953,-48.677434,N
17510,88305,itajai,SC,-26.89333,-48.675904,N
17511,88306,itajai,SC,-26.939352,-48.639368,N
17512,88307,itajai,SC,-26.925711,-48.678794,N
17513,88308,itajai,SC,-26.923253,-48.695841,N
17514,88309,itajai,SC,-26.903925,-48.69305,N
17515,88310,itajai,SC,-26.892637,-48.698338,N
17516,88311,itajai,SC,-26.884074,-48.705828,N
17517,88312,itajai,SC,-26.91194,-48.705713,N
17518,88313,itajai,SC,-26.971308,-48.683232,N
17519,88316,itajai,SC,-26.943749,-48.721636,N
17520,88317,itajai,SC,-26.88924,-48.738681,N
17521,88318,itajai,SC,-26.987472,-48.79356,N
17522,88320,ilhota,SC,-26.902549,-48.825091,N
17523,88330,balneario camboriu,SC,-26.992704,-48.632152,N
17524,88331,balneario camboriu,SC,-26.967184,-48.635726,N
17525,88332,balneario camboriu,SC,-27.014997,-48.605393,N
17526,88333,balneário camboriú,SC,-28.081186,-49.080969,N
17527,88334,balneario camboriu,SC,-27.051087,-48.594351,N
17528,88336,balneario camboriu,SC,-27.022839,-48.61482,N
17529,88337,balneario camboriu,SC,-27.006703,-48.636266,N
17530,88338,balneario camboriu,SC,-26.976707,-48.644538,N
17531,88339,balneário camboriú,SC,-26.93704,-48.645317,N
17532,88340,camboriu,SC,-27.023624,-48.648263,N
17533,88341,camboriu,SC,-27.034465,-48.65111,N
17534,88343,camboriú,SC,-27.037779,-48.638733,N
17535,88345,camboriu,SC,-27.030849,-48.662082,N
17536,88347,camboriu,SC,-27.034452,-48.662953,N
17537,88348,camboriú,SC,-27.001829,-48.658061,N
17538,88349,camboriu,SC,-26.983667,-48.68196,N
17539,88350,brusque,SC,-27.105724,-48.933318,N
17540,88351,brusque,SC,-27.085079,-48.917756,N
17541,88352,brusque,SC,-27.076617,-48.893195,N
17542,88353,brusque,SC,-27.121053,-48.911976,N
17543,88354,brusque,SC,-27.109673,-48.926612,N
17544,88355,brusque,SC,-27.06773,-48.905913,N
17545,88356,brusque,SC,-27.074088,-48.862525,N
17546,88357,brusque,SC,-27.152345,-48.896635,N
17547,88358,brusque,SC,-27.156978,-48.933859,N
17548,88359,brusque,SC,-27.147792,-48.957918,N
17549,88360,guabiruba,SC,-27.088599,-48.979598,N
17550,88370,navegantes,SC,-26.890666,-48.655328,N
17551,88371,navegantes,SC,-26.870634,-48.683031,N
17552,88372,navegantes,SC,-26.843431,-48.634916,N
17553,88373,navegantes,SC,-26.847357,-48.658565,N
17554,88374,navegantes,SC,-26.796065,-48.756289,N
17555,88375,navegantes,SC,-26.873768,-48.672828,N
17556,88380,balneario picarras,SC,-26.760771,-48.68191,N
17557,88385,penha,SC,-26.790833,-48.631243,N
17558,88390,barra velha,SC,-26.66097,-48.691953,N
17559,88395,sao joao do itaperiu,SC,-26.60214,-48.790261,N
17560,88400,ituporanga,SC,-27.417207,-49.599047,N
17561,88405,rio bonito,SC,-26.45,-50.83333,N
17562,88407,chapadão do lageado,SC,-27.589692,-49.550697,N
17563,88410,atalanta,SC,-27.421321,-49.78295,N
17564,88420,agrolândia,SC,-27.408262,-49.830083,N
17565,88430,petrolandia,SC,-27.52333,-49.687282,N
17566,88440,imbuia,SC,-27.488733,-49.422244,N
17567,88443,vidal ramos,SC,-27.391105,-49.359975,N
17568,88445,leoberto leal,SC,-27.508298,-49.28979,N
17569,88450,alfredo wagner,SC,-27.700139,-49.331574,N
17570,88460,angelina,SC,-27.58206,-48.984387,N
17571,88470,rancho queimado,SC,-27.672654,-49.022032,N
17572,88475,anitapolis,SC,-27.904106,-49.12855,N
17573,88485,sao bonifacio,SC,-27.895616,-48.931001,N
17574,88490,paulo lopes,SC,-27.978665,-48.682718,N
17575,88495,garopaba,SC,-28.038738,-48.631463,N
17576,88501,lages,SC,-27.817724,-50.330752,N
17577,88502,lages,SC,-27.814755,-50.323992,N
17578,88503,lages,SC,-27.826605,-50.327975,N
17579,88504,lages,SC,-27.821803,-50.343599,N
17580,88505,lages,SC,-27.808939,-50.344666,N
17581,88506,lages,SC,-27.801377,-50.333831,N
17582,88508,lages,SC,-27.805198,-50.313912,N
17583,88509,lages,SC,-27.817442,-50.310544,N
17584,88511,lages,SC,-27.830257,-50.315054,N
17585,88512,lages,SC,-27.83821,-50.341689,N
17586,88513,lages,SC,-27.847477,-50.355472,N
17587,88514,lages,SC,-27.823446,-50.363026,N
17588,88516,lages,SC,-27.803572,-50.369751,N
17589,88517,lages,SC,-27.763221,-50.33573,N
17590,88519,lages,SC,-27.783529,-50.313201,N
17591,88520,lages,SC,-27.794754,-50.30423,N
17592,88521,lages,SC,-27.781848,-50.291935,N
17593,88523,lages,SC,-27.805536,-50.304324,N
17594,88524,lages,SC,-27.796942,-50.285458,N
17595,88525,lages,SC,-27.813325,-50.285237,N
17596,88526,lages,SC,-27.826846,-50.306937,N
17597,88535,correia pinto,SC,-27.584161,-50.366225,N
17598,88538,bocaina do sul,SC,-27.743804,-49.927351,N
17599,88540,otacilio costa,SC,-27.498996,-50.116247,N
17600,88543,painel,SC,-27.932879,-50.099236,N
17601,88545,palmeira,SC,-27.573569,-50.155865,N
17602,88548,capao alto,SC,-27.937436,-50.511001,N
17603,88550,ponte alta,SC,-27.477205,-50.379289,N
17604,88570,são josé do cerrito,SC,-27.659109,-50.584954,N
17605,88580,campo belo do sul,SC,-27.899803,-50.759578,N
17606,88585,cerro negro,SC,-27.796757,-50.873106,N
17607,88590,anita garibaldi,SC,-27.687251,-51.128368,N
17608,88598,celso ramos,SC,-27.633202,-51.33724,N
17609,88600,sao joaquim,SC,-28.289187,-49.934101,N
17610,88625,urupema,SC,-27.954556,-49.879835,N
17611,88640,bom jardim da serra,SC,-28.327967,-49.621517,N
17612,88650,urubici,SC,-28.002167,-49.586858,N
17613,88658,rio rufino,SC,-27.863294,-49.782124,N
17614,88680,bom retiro,SC,-27.798358,-49.488573,N
17615,88701,tubarao,SC,-28.48715,-49.00915,N
17616,88702,tubarão,SC,-28.490843,-49.025671,N
17617,88703,tubarao,SC,-28.532301,-49.056753,N
17618,88704,tubarao,SC,-28.475922,-49.011729,N
17619,88705,tubarão,SC,-28.478878,-48.995879,N
17620,88706,tubarao,SC,-28.482824,-48.983982,N
17621,88708,tubarao,SC,-28.462875,-49.026528,N
17622,88710,treze de maio,SC,-28.511185,-49.115131,N
17623,88715,jaguaruna,SC,-28.633921,-49.024157,N
17624,88717,sangao,SC,-28.659567,-49.112691,N
17625,88720,pedras grandes,SC,-28.436357,-49.185921,N
17626,88725,azambuja,SC,-28.49361,-49.22028,N
17627,88730,sao ludgero,SC,-28.329382,-49.176645,N
17628,88735,gravatal,SC,-28.328525,-49.04995,N
17629,88740,armazem,SC,-28.259766,-49.01776,N
17630,88745,capivari de baixo,SC,-28.443637,-48.95654,N
17631,88750,braco do norte,SC,-28.274305,-49.165212,N
17632,88760,rio fortuna,SC,-28.13523,-49.113106,N
17633,88763,santa rosa de lima,SC,-28.0379,-49.13002,N
17634,88765,são martinho,SC,-28.166015,-48.978287,N
17635,88770,imarui,SC,-28.341042,-48.818706,N
17636,88780,imbituba,SC,-28.231883,-48.679332,N
17637,88790,laguna,SC,-28.475729,-48.784659,N
17638,88798,pescaria brava,SC,-28.388327,-48.872859,N
17639,88801,criciuma,SC,-28.676779,-49.369431,N
17640,88802,criciúma,SC,-28.682935,-49.370218,N
17641,88803,criciuma,SC,-28.695105,-49.373384,N
17642,88804,criciuma,SC,-28.691211,-49.387055,N
17643,88805,criciuma,SC,-28.69849,-49.403997,N
17644,88806,criciuma,SC,-28.696275,-49.429463,N
17645,88807,criciuma,SC,-28.703218,-49.43226,N
17646,88808,criciúma,SC,-28.700347,-49.454985,N
17647,88809,criciuma,SC,-28.681432,-49.388099,N
17648,88810,criciuma,SC,-28.666517,-49.383644,N
17649,88811,criciuma,SC,-28.671922,-49.360947,N
17650,88812,criciuma,SC,-28.766178,-49.353389,N
17651,88813,criciuma,SC,-28.678034,-49.338835,N
17652,88814,criciuma,SC,-28.769365,-49.408125,N
17653,88815,criciuma,SC,-28.692031,-49.347626,N
17654,88816,criciuma,SC,-28.717417,-49.355318,N
17655,88817,criciuma,SC,-28.67385,-49.415849,N
17656,88818,criciuma,SC,-28.660751,-49.424161,N
17657,88819,criciúma,SC,-28.645038,-49.434788,N
17658,88820,icara,SC,-28.71598,-49.299651,N
17659,88828,balneario rincao,SC,-28.827614,-49.233808,N
17660,88830,morro da fumaca,SC,-28.651461,-49.210958,N
17661,88835,morro da fumaca,SC,-28.606761,-49.25157,N
17662,88840,urussanga,SC,-28.523681,-49.318437,N
17663,88845,cocal do sul,SC,-28.598869,-49.325241,N
17664,88850,forquilhinha,SC,-28.753139,-49.475393,N
17665,88860,sideropolis,SC,-28.600104,-49.426659,N
17666,88862,treviso,SC,-28.507564,-49.459606,N
17667,88865,nova veneza,SC,-28.653458,-49.499534,N
17668,88868,nossa senhora de caravaggio,SC,-25.779146,-48.260064,N
17669,88870,orleans,SC,-28.357507,-49.288674,N
17670,88880,lauro muller,SC,-28.388244,-49.407238,N
17671,88890,grao para,SC,-28.184384,-49.216187,N
17672,88900,ararangua,SC,-28.935733,-49.480869,N
17673,88901,ararangua,SC,-28.944044,-49.499183,N
17674,88902,ararangua,SC,-28.967328,-49.519544,N
17675,88904,ararangua,SC,-28.953123,-49.499397,N
17676,88905,ararangua,SC,-28.945864,-49.483796,N
17677,88906,ararangua,SC,-28.939009,-49.467173,N
17678,88910,ararangua,SC,-29.02275,-49.604852,N
17679,88911,ararangua,SC,-28.938645,-49.370601,N
17680,88914,balneario arroio do silva,SC,-28.987417,-49.418241,N
17681,88915,maracaja,SC,-28.859993,-49.451521,N
17682,88920,meleiro,SC,-28.83464,-49.631817,N
17683,88923,sapiranga,SC,-28.899946,-49.547016,N
17684,88925,morro grande,SC,-28.803421,-49.714755,N
17685,88930,turvo,SC,-28.927439,-49.678638,N
17686,88934,morro chato,SC,-28.677713,-49.109661,N
17687,88935,ermo,SC,-28.974216,-49.639703,N
17688,88940,timbe do sul,SC,-28.832066,-49.846027,N
17689,88950,jacinto machado,SC,-28.999085,-49.761756,N
17690,88955,balneario gaivota,SC,-29.162363,-49.59325,N
17691,88960,sombrio,SC,-29.108465,-49.635232,N
17692,88965,santa rosa do sul,SC,-29.136415,-49.717299,N
17693,88970,são joão do sul,SC,-29.209632,-49.80102,N
17694,88980,passo de torres,SC,-29.315305,-49.720962,N
17695,88990,praia grande,SC,-29.195973,-49.950969,N
17696,89010,blumenau,SC,-26.922278,-49.065783,N
17697,89012,blumenau,SC,-26.910058,-49.074502,N
17698,89015,blumenau,SC,-26.910645,-49.043166,N
17699,89016,blumenau,SC,-26.910767,-49.093238,N
17700,89020,blumenau,SC,-26.928576,-49.058362,N
17701,89021,blumenau,SC,-26.937805,-49.063845,N
17702,89022,blumenau,SC,-26.947573,-49.070726,N
17703,89023,blumenau,SC,-26.949943,-49.076925,N
17704,89025,blumenau,SC,-26.966956,-49.058116,N
17705,89026,blumenau,SC,-26.96888,-49.082805,N
17706,89027,blumenau,SC,-26.993605,-49.086138,N
17707,89030,blumenau,SC,-26.896594,-49.082944,N
17708,89031,blumenau,SC,-26.888955,-49.102105,N
17709,89032,blumenau,SC,-26.90214,-49.136685,N
17710,89035,blumenau,SC,-26.905042,-49.088766,N
17711,89036,blumenau,SC,-26.918217,-49.093954,N
17712,89037,blumenau,SC,-26.905159,-49.100614,N
17713,89040,blumenau,SC,-26.92158,-49.122162,N
17714,89041,blumenau,SC,-26.914469,-49.112263,N
17715,89042,blumenau,SC,-26.911674,-49.130652,N
17716,89045,blumenau,SC,-26.932492,-49.119065,N
17717,89046,blumenau,SC,-26.932025,-49.142029,N
17718,89048,blumenau,SC,-26.913571,-49.105397,N
17719,89050,blumenau,SC,-26.912002,-49.058185,N
17720,89051,blumenau,SC,-26.899553,-49.059774,N
17721,89052,blumenau,SC,-26.891022,-49.073742,N
17722,89053,blumenau,SC,-26.877298,-49.081446,N
17723,89055,blumenau,SC,-26.880998,-49.061858,N
17724,89056,blumenau,SC,-26.872194,-49.069934,N
17725,89057,blumenau,SC,-26.870242,-49.056748,N
17726,89058,blumenau,SC,-26.857521,-49.051324,N
17727,89060,blumenau,SC,-26.844005,-49.067763,N
17728,89062,blumenau,SC,-26.830003,-49.083555,N
17729,89063,blumenau,SC,-26.797519,-49.081421,N
17730,89065,blumenau,SC,-26.8717,-49.10307,N
17731,89066,blumenau,SC,-26.849618,-49.108296,N
17732,89068,blumenau,SC,-26.819166,-49.094739,N
17733,89069,blumenau,SC,-26.796411,-49.095901,N
17734,89070,blumenau,SC,-26.873789,-49.128012,N
17735,89072,blumenau,SC,-26.882103,-49.156287,N
17736,89074,blumenau,SC,-26.855275,-49.148639,N
17737,89075,blumenau,SC,-26.737451,-49.079175,N
17738,89080,indaial,SC,-26.902776,-49.242223,N
17739,89082,indaial,SC,-26.894866,-49.250855,N
17740,89083,indaial,SC,-26.89717,-49.266798,N
17741,89084,indaial,SC,-26.880832,-49.242049,N
17742,89085,indaial,SC,-26.871154,-49.238314,N
17743,89086,indaial,SC,-26.897558,-49.217803,N
17744,89087,indaial,SC,-26.915132,-49.226141,N
17745,89095,blumenau,SC,-26.725543,-49.073632,N
17746,89107,pomerode,SC,-26.732886,-49.170139,N
17747,89108,massaranduba,SC,-26.610217,-49.002534,N
17748,89110,gaspar,SC,-26.921125,-48.968648,N
17749,89111,gaspar,SC,-26.90481,-49.0041,N
17750,89112,gaspar,SC,-26.939317,-48.956689,N
17751,89113,gaspar,SC,-26.924011,-48.70269,N
17752,89114,gaspar,SC,-26.935131,-48.937927,N
17753,89115,gaspar,SC,-26.82601,-48.930253,N
17754,89116,gaspar,SC,-26.918268,-48.958547,N
17755,89117,gaspar,SC,-26.851927,-49.023383,N
17756,89118,gaspar,SC,-26.820254,-49.027228,N
17757,89120,timbo,SC,-26.827603,-49.270376,N
17758,89121,rio dos cedros,SC,-26.742551,-49.274173,N
17759,89124,benedito novo,SC,-26.781868,-49.37772,N
17760,89126,doutor pedrinho,SC,-26.73381,-49.479706,N
17761,89128,luiz alves,SC,-26.719065,-48.996191,N
17762,89130,indaial,SC,-26.896164,-49.238511,N
17763,89135,apiuna,SC,-27.039137,-49.387627,N
17764,89136,rodeio,SC,-26.889322,-49.350563,N
17765,89138,ascurra,SC,-26.957187,-49.37627,N
17766,89140,ibirama,SC,-27.056582,-49.525381,N
17767,89143,ibirama,SC,-27.04043,-49.588105,N
17768,89145,jose boiteux,SC,-26.954409,-49.629139,N
17769,89148,vitor meireles,SC,-26.875598,-49.836822,N
17770,89150,presidente getúlio,SC,-27.050239,-49.627551,N
17771,89155,dona emma,SC,-26.987013,-49.728144,N
17772,89157,witmarsum,SC,-26.922133,-49.790441,N
17773,89160,rio do sul,SC,-27.214587,-49.637725,N
17774,89161,rio do sul,SC,-27.194748,-49.602122,N
17775,89162,rio do sul,SC,-27.182281,-49.60641,N
17776,89163,rio do sul,SC,-27.204093,-49.649758,N
17777,89164,rio do sul,SC,-27.223518,-49.659991,N
17778,89165,rio do sul,SC,-27.231416,-49.657477,N
17779,89167,rio do sul,SC,-27.22628,-49.640068,N
17780,89170,laurentino,SC,-27.221224,-49.731482,N
17781,89172,pouso redondo,SC,-27.257781,-49.930119,N
17782,89176,trombudo central,SC,-27.304426,-49.796174,N
17783,89178,braco do trombudo,SC,-27.363663,-49.887491,N
17784,89180,rio do oeste,SC,-27.196143,-49.795957,N
17785,89182,lontras,SC,-27.168688,-49.53932,N
17786,89184,presidente nereu,SC,-27.279805,-49.388248,N
17787,89186,aurora,SC,-27.314662,-49.63681,N
17788,89188,agronômica,SC,-27.268552,-49.711969,N
17789,89190,taio,SC,-27.118392,-49.999647,N
17790,89194,mirim doce,SC,-27.199593,-50.070371,N
17791,89196,salete,SC,-26.981075,-50.0049,N
17792,89198,rio do campo,SC,-26.945961,-50.139399,N
17793,89199,santa terezinha,SC,-26.772295,-50.006069,N
17794,89201,joinville,SC,-26.301851,-48.848394,N
17795,89202,joinville,SC,-26.312756,-48.843478,N
17796,89203,joinville,SC,-26.312713,-48.857219,N
17797,89204,joinville,SC,-26.287307,-48.851802,N
17798,89205,joinville,SC,-26.303475,-48.824951,N
17799,89206,joinville,SC,-26.300234,-48.816207,N
17800,89207,joinville,SC,-26.323117,-48.829531,N
17801,89208,joinville,SC,-26.34349,-48.832746,N
17802,89209,joinville,SC,-26.353386,-48.814,N
17803,89210,joinville,SC,-26.333394,-48.833371,N
17804,89211,joinville,SC,-26.331777,-48.849432,N
17805,89212,joinville,SC,-26.344754,-48.848977,N
17806,89213,joinville,SC,-26.336844,-48.866976,N
17807,89214,joinville,SC,-26.328275,-48.880325,N
17808,89215,joinville,SC,-26.333992,-48.900262,N
17809,89216,joinville,SC,-26.298544,-48.869858,N
17810,89217,joinville,SC,-26.287074,-48.87374,N
17811,89218,joinville,SC,-26.272531,-48.861532,N
17812,89219,joinville,SC,-26.251316,-48.870834,N
17813,89220,joinville,SC,-26.270742,-48.881818,N
17814,89221,joinville,SC,-26.281894,-48.839914,N
17815,89222,joinville,SC,-26.267824,-48.844918,N
17816,89223,joinville,SC,-26.251953,-48.843371,N
17817,89224,joinville,SC,-26.264485,-48.807256,N
17818,89225,joinville,SC,-26.249548,-48.808226,N
17819,89226,joinville,SC,-26.231196,-48.818576,N
17820,89227,joinville,SC,-26.274828,-48.820342,N
17821,89228,joinville,SC,-26.280133,-48.796518,N
17822,89229,joinville,SC,-26.322281,-48.81518,N
17823,89230,joinville,SC,-26.332675,-48.804698,N
17824,89231,joinville,SC,-26.347631,-48.789724,N
17825,89232,joinville,SC,-26.358024,-48.833419,N
17826,89233,joinville,SC,-26.370468,-48.839128,N
17827,89234,joinville,SC,-26.345065,-48.772674,N
17828,89235,joinville,SC,-26.369334,-48.82367,N
17829,89237,joinville,SC,-26.287288,-48.907554,N
17830,89239,joinville,SC,-26.200175,-48.906611,N
17831,89240,sao francisco do sul,SC,-26.245564,-48.607889,N
17832,89245,araquari,SC,-26.407378,-48.758113,N
17833,89246,itapocu,SC,-26.546257,-48.713813,N
17834,89247,balneario barra do sul,SC,-26.457623,-48.617053,N
17835,89248,garuva,SC,-26.034602,-48.853541,N
17836,89249,itapoa,SC,-26.076451,-48.611133,N
17837,89251,jaragua do sul,SC,-26.486691,-49.081236,N
17838,89252,jaragua do sul,SC,-26.485732,-49.096712,N
17839,89253,jaraguá do sul,SC,-26.497987,-49.103563,N
17840,89254,jaragua do sul,SC,-26.471037,-49.115654,N
17841,89255,jaragua do sul,SC,-26.46736,-49.093062,N
17842,89256,jaragua do sul,SC,-26.481294,-49.058518,N
17843,89257,jaragua do sul,SC,-26.45225,-49.054653,N
17844,89258,jaragua do sul,SC,-26.491581,-49.052081,N
17845,89259,jaragua do sul,SC,-26.500512,-49.085292,N
17846,89260,jaragua do sul,SC,-26.512379,-49.133064,N
17847,89261,jaragua do sul,SC,-26.535441,-49.132427,N
17848,89262,jaragua do sul,SC,-26.52715,-49.134606,N
17849,89264,jaragua do sul,SC,-26.543868,-49.152302,N
17850,89265,jaragua do sul,SC,-26.458626,-49.171264,N
17851,89266,jaragua do sul,SC,-26.434034,-49.138698,N
17852,89267,jaragua do sul,SC,-26.366423,-49.125053,N
17853,89270,guaramirim,SC,-26.473533,-48.983798,N
17854,89275,schroeder,SC,-26.405445,-49.074745,N
17855,89278,corupa,SC,-26.431977,-49.247615,N
17856,89280,sao bento do sul,SC,-26.249611,-49.380236,N
17857,89281,sao bento do sul,SC,-26.240316,-49.368874,N
17858,89282,sao bento do sul,SC,-26.231493,-49.346936,N
17859,89283,sao bento do sul,SC,-26.242744,-49.346141,N
17860,89284,são bento do sul,SC,-26.214074,-49.378623,N
17861,89285,sao bento do sul,SC,-26.212056,-49.403064,N
17862,89286,sao bento do sul,SC,-26.223811,-49.4188,N
17863,89287,sao bento do sul,SC,-26.239825,-49.395229,N
17864,89288,sao bento do sul,SC,-26.232194,-49.411882,N
17865,89289,são bento do sul,SC,-26.247208,-49.449983,N
17866,89290,sao bento do sul,SC,-26.258195,-49.379175,N
17867,89291,sao bento do sul,SC,-26.277549,-49.39999,N
17868,89292,são bento do sul,SC,-26.28053,-49.367,N
17869,89294,campo alegre,SC,-26.172144,-49.336012,N
17870,89295,rio negrinho,SC,-26.256139,-49.521532,N
17871,89300,mafra,SC,-26.125856,-49.812531,N
17872,89340,itaiopolis,SC,-26.345681,-49.908309,N
17873,89370,papanduva,SC,-26.404931,-50.145771,N
17874,89380,monte castelo,SC,-26.460947,-50.23037,N
17875,89384,residencia fuck,SC,-26.455571,-50.239062,N
17876,89400,porto uniao,SC,-26.247995,-51.0795,N
17877,89410,santa cruz do timbo,SC,-26.529006,-50.342197,N
17878,89420,matos costa,SC,-26.472199,-51.153186,N
17879,89430,calmon,SC,-26.602931,-51.099089,N
17880,89440,irineopolis,SC,-26.243808,-50.797399,N
17881,89460,canoinhas,SC,-26.17843,-50.391729,N
17882,89478,bela vista do toldo,SC,-26.27506,-50.464522,N
17883,89480,major vieira,SC,-26.365762,-50.326946,N
17884,89490,tres barras,SC,-26.123049,-50.316187,N
17885,89500,cacador,SC,-26.778195,-51.011862,N
17886,89501,cacador,SC,-26.79907,-51.000213,N
17887,89503,cacador,SC,-26.786115,-51.021439,N
17888,89504,cacador,SC,-26.775705,-51.029525,N
17889,89505,cacador,SC,-26.769201,-51.034917,N
17890,89506,caçador,SC,-26.765832,-51.017213,N
17891,89507,cacador,SC,-26.771616,-51.004403,N
17892,89509,cacador,SC,-26.781213,-50.987223,N
17893,89510,cacador,SC,-26.788654,-50.99336,N
17894,89511,cacador,SC,-26.791031,-50.978916,N
17895,89515,lebon régis,SC,-26.933799,-50.690184,N
17896,89518,macieira,SC,-26.855407,-51.375787,N
17897,89520,curitibanos,SC,-27.290949,-50.577361,N
17898,89530,frei rogério,SC,-27.176184,-50.801522,N
17899,89533,sao cristovao do sul,SC,-27.240123,-50.440606,N
17900,89535,ponte alta do norte,SC,-27.164119,-50.469142,N
17901,89540,santa cecilia,SC,-26.960283,-50.418346,N
17902,89545,timbó grande,SC,-26.612794,-50.679135,N
17903,89550,rio das antas,SC,-26.893311,-51.056482,N
17904,89555,rio das antas,SC,-26.939985,-51.110945,N
17905,89558,iomere,SC,-27.001908,-51.240301,N
17906,89560,videira,SC,-27.004477,-51.152537,N
17907,89570,pinheiro preto,SC,-27.047591,-51.230579,N
17908,89580,fraiburgo,SC,-27.029808,-50.921242,N
17909,89590,arroio trinta,SC,-26.928511,-51.335123,N
17910,89595,salto veloso,SC,-26.906689,-51.406129,N
17911,89600,joacaba,SC,-27.172116,-51.509039,N
17912,89609,luzerna,SC,-27.130097,-51.468751,N
17913,89610,herval d'oeste,SC,-27.173581,-51.492621,N
17914,89613,erval velho,SC,-27.275754,-51.443605,N
17915,89618,monte carlo,SC,-27.210943,-50.973046,N
17916,89620,campos novos,SC,-27.399055,-51.225565,N
17917,89633,zortea,SC,-27.455778,-51.55172,N
17918,89634,brunopolis,SC,-27.317448,-50.840432,N
17919,89636,abdon batista,SC,-27.608818,-51.024885,N
17920,89638,vargem,SC,-27.492113,-50.976102,N
17921,89640,ibicare,SC,-27.090857,-51.36878,N
17922,89642,tangara,SC,-27.101525,-51.246709,N
17923,89650,treze tilias,SC,-26.998521,-51.41158,N
17924,89652,ibiam,SC,-27.18093,-51.237344,N
17925,89654,agua doce,SC,-26.997866,-51.55502,N
17926,89660,lacerdopolis,SC,-27.263058,-51.564732,N
17927,89663,ouro,SC,-27.3337,-51.605259,N
17928,89665,capinzal,SC,-27.351864,-51.605807,N
17929,89667,piratuba,SC,-27.420999,-51.775171,N
17930,89669,ipira,SC,-27.406281,-51.775215,N
17931,89670,catanduvas,SC,-27.070292,-51.65997,N
17932,89675,vargem bonita,SC,-26.986916,-51.753541,N
17933,89677,jabora,SC,-27.172888,-51.735796,N
17934,89680,irani,SC,-27.023932,-51.895364,N
17935,89683,ponte serrada,SC,-26.87246,-52.015306,N
17936,89687,passos maia,SC,-26.780719,-52.058828,N
17937,89690,vargeão,SC,-26.855483,-52.150023,N
17938,89694,faxinal dos guedes,SC,-26.850257,-52.259178,N
17939,89700,concordia,SC,-27.230741,-52.024424,N
17940,89701,concordia,SC,-27.219926,-52.02328,N
17941,89703,concordia,SC,-27.22109,-52.038999,N
17942,89705,concordia,SC,-27.230909,-52.045481,N
17943,89707,concordia,SC,-27.237605,-52.039774,N
17944,89708,concordia,SC,-27.242159,-52.031239,N
17945,89709,concordia,SC,-27.244144,-52.023606,N
17946,89710,concordia,SC,-27.238431,-52.022017,N
17947,89711,concordia,SC,-27.230576,-51.998292,N
17948,89712,concordia,SC,-27.242713,-51.953503,N
17949,89713,concordia,SC,-27.190242,-51.938927,N
17950,89730,alto bela vista,SC,-27.431744,-51.906781,N
17951,89735,lindóia do sul,SC,-27.048556,-52.082972,N
17952,89740,arabuta,SC,-27.158404,-52.142433,N
17953,89745,presidente castello branco,SC,-27.222405,-51.806757,N
17954,89750,peritiba,SC,-27.372744,-51.905674,N
17955,89760,ita,SC,-27.269215,-52.339145,N
17956,89765,paial,SC,-27.254961,-52.499471,N
17957,89770,seara,SC,-27.160802,-52.3154,N
17958,89778,arvoredo,SC,-27.078409,-52.455106,N
17959,89780,xavantina,SC,-27.038859,-52.334287,N
17960,89790,ipumirim,SC,-27.075329,-52.136378,N
17961,89801,chapeco,SC,-27.099448,-52.610097,N
17962,89802,chapeco,SC,-27.103039,-52.620443,N
17963,89803,chapeco,SC,-27.09544,-52.632071,N
17964,89804,chapeco,SC,-27.07912,-52.631783,N
17965,89805,chapecó,SC,-27.078139,-52.615663,N
17966,89806,chapeco,SC,-27.092651,-52.593593,N
17967,89809,chapecó,SC,-27.098309,-52.671279,N
17968,89810,chapeco,SC,-27.060818,-52.635529,N
17969,89812,chapeco,SC,-27.114496,-52.602812,N
17970,89813,chapeco,SC,-27.13894,-52.597156,N
17971,89814,chapeco,SC,-27.116159,-52.616035,N
17972,89815,chapeco,SC,-27.122326,-52.624272,N
17973,89817,guatambu,SC,-27.123951,-52.758286,N
17974,89818,nova itaberaba,SC,-26.940613,-52.81517,N
17975,89819,cordilheira alta,SC,-26.986389,-52.603318,N
17976,89820,xanxerê,SC,-26.876415,-52.403995,N
17977,89824,bom jesus,SC,-26.734159,-52.390243,N
17978,89825,xaxim,SC,-26.959437,-52.531715,N
17979,89828,lajeado grande,SC,-26.857624,-52.567481,N
17980,89830,abelardo luz,SC,-26.565375,-52.325328,N
17981,89832,ipuacu,SC,-26.634527,-52.454651,N
17982,89834,ouro verde,SC,-26.692997,-52.309724,N
17983,89835,sao domingos,SC,-26.559936,-52.533378,N
17984,89837,coronel martins,SC,-26.511974,-52.669077,N
17985,89838,galvao,SC,-26.455402,-52.688056,N
17986,89839,jupia,SC,-26.397055,-52.730421,N
17987,89840,coronel freitas,SC,-26.906928,-52.70313,N
17988,89843,aguas frias,SC,-26.881215,-52.860176,N
17989,89845,uniao do oeste,SC,-26.773887,-52.853902,N
17990,89848,jardinopolis,SC,-26.720595,-52.858148,N
17991,89850,quilombo,SC,-26.728353,-52.719,N
17992,89854,santiago do sul,SC,-26.633978,-52.675089,N
17993,89855,sul brasil,SC,-26.737664,-52.96596,N
17994,89856,irati,SC,-26.656141,-52.895098,N
17995,89859,formosa do sul,SC,-26.647578,-52.793445,N
17996,89860,marema,SC,-26.80289,-52.626552,N
17997,89862,entre rios,SC,-26.724308,-52.55985,N
17998,89865,nova erechim,SC,-26.903805,-52.905893,N
17999,89868,saudades,SC,-26.925368,-53.004313,N
18000,89870,pinhalzinho,SC,-26.84794,-52.987232,N
18001,89871,serra alta,SC,-26.724501,-53.043683,N
18002,89872,modelo,SC,-26.775184,-53.054573,N
18003,89874,maravilha,SC,-26.767404,-53.184499,N
18004,89875,tigrinhos,SC,-26.685694,-53.156734,N
18005,89878,flor do sertão,SC,-26.779748,-53.345409,N
18006,89879,sao miguel da boa vista,SC,-26.691941,-53.25419,N
18007,89880,caxambu do sul,SC,-27.157053,-52.88537,N
18008,89882,planalto alegre,SC,-27.071375,-52.866053,N
18009,89883,aguas de chapeco,SC,-27.073953,-52.984774,N
18010,89885,sao carlos,SC,-27.080773,-53.005673,N
18011,89886,cunhatai,SC,-26.974238,-53.092095,N
18012,89887,palmitos,SC,-27.071407,-53.162445,N
18013,89888,caibi,SC,-27.074346,-53.249357,N
18014,89890,cunha pora,SC,-26.891057,-53.171667,N
18015,89891,iraceminha,SC,-26.823147,-53.281631,N
18016,89893,mondai,SC,-27.101575,-53.400362,N
18017,89895,riqueza,SC,-27.05961,-53.326093,N
18018,89896,itapiranga,SC,-27.171413,-53.714797,N
18019,89897,sao joao do oeste,SC,-27.198227,-53.319412,N
18020,89898,tunapolis,SC,-26.971257,-53.638903,N
18021,89899,iporã do oeste,SC,-26.987999,-53.532301,N
18022,89900,sao miguel do oeste,SC,-26.733414,-53.51753,N
18023,89905,bandeirante,SC,-26.767565,-53.640125,N
18024,89906,paraiso,SC,-26.622475,-53.675637,N
18025,89908,romelandia,SC,-26.676333,-53.319725,N
18026,89909,barra bonita,SC,-26.654913,-53.438878,N
18027,89910,descanso,SC,-26.824398,-53.502607,N
18028,89915,santa helena,SC,-26.932387,-53.61567,N
18029,89920,guaraciaba,SC,-26.599021,-53.521179,N
18030,89925,belmonte,SC,-26.843546,-53.580441,N
18031,89930,são josé do cedro,SC,-26.454414,-53.503079,N
18032,89935,princesa,SC,-26.442319,-53.601617,N
18033,89940,guarujá do sul,SC,-26.387899,-53.527554,N
18034,89950,dionisio cerqueira,SC,-26.258502,-53.636069,N
18035,89970,anchieta,SC,-26.536624,-53.331409,N
18036,89980,campo ere,SC,-26.39536,-53.080448,N
18037,89982,sao bernardino,SC,-26.473258,-52.964696,N
18038,89983,santa terezinha do progresso,SC,-26.601978,-53.16834,N
18039,89985,palma sola,SC,-26.348449,-53.277392,N
18040,89990,sao lourenco do oeste,SC,-26.363163,-52.850666,N
18041,89998,novo horizonte,SC,-26.450805,-52.829876,N
18042,90001,porto alegre,RS,-30.028364,-51.230589,N
18043,90002,porto alegre,RS,-30.028364,-51.230589,N
18044,90010,porto alegre,RS,-30.033213,-51.231438,N
18045,90013,porto alegre,RS,-30.03731,-51.2367,N
18046,90018,porto alegre,RS,-30.029508,-51.232402,N
18047,90020,porto alegre,RS,-30.030589,-51.227697,N
18048,90022,porto alegre,RS,-30.899005,-51.773286,N
18049,90027,porto alegre,RS,-30.030124,-51.230345,N
18050,90029,porto alegre,RS,-30.032032,-51.235991,N
18051,90030,porto alegre,RS,-30.026824,-51.221814,N
18052,90035,porto alegre,RS,-30.031332,-51.212802,N
18053,90038,porto alegre,RS,-30.026346,-51.222499,N
18054,90040,porto alegre,RS,-30.041161,-51.213661,N
18055,90050,porto alegre,RS,-30.039629,-51.222633,N
18056,90090,porto alegre,RS,-30.013196,-51.25716,N
18057,90110,porto alegre,RS,-30.049662,-51.227082,N
18058,90119,porto alegre,RS,-30.04153,-51.228783,N
18059,90120,porto alegre,RS,-30.037761,-51.180204,N
18060,90130,porto alegre,RS,-30.052226,-51.220906,N
18061,90150,porto alegre,RS,-30.052568,-51.221673,N
18062,90160,porto alegre,RS,-30.051007,-51.217957,N
18063,90169,porto alegre,RS,-30.04835,-51.217688,N
18064,90170,porto alegre,RS,-30.044202,-51.225821,N
18065,90200,porto alegre,RS,-29.982935,-51.168719,N
18066,90220,porto alegre,RS,-30.021137,-51.209674,N
18067,90230,porto alegre,RS,-30.008182,-51.201304,N
18068,90231,porto alegre,RS,-30.009775,-51.201726,N
18069,90240,porto alegre,RS,-30.004097,-51.196319,N
18070,90241,porto alegre,RS,-30.005853,-51.204714,N
18071,90245,porto alegre,RS,-29.983958,-51.193467,N
18072,90250,porto alegre,RS,-29.98161,-51.188586,N
18073,90251,porto alegre,RS,-29.973775,-51.191552,N
18074,90410,porto alegre,RS,-30.04135,-51.186089,N
18075,90420,porto alegre,RS,-30.035781,-51.201151,N
18076,90430,porto alegre,RS,-30.029702,-51.202519,N
18077,90440,porto alegre,RS,-30.027676,-51.194556,N
18078,90450,porto alegre,RS,-30.028998,-51.189239,N
18079,90460,porto alegre,RS,-30.040018,-51.187164,N
18080,90470,porto alegre,RS,-30.033514,-51.180473,N
18081,90480,porto alegre,RS,-30.026403,-51.180352,N
18082,90510,porto alegre,RS,-30.024579,-51.199886,N
18083,90520,porto alegre,RS,-30.016073,-51.178921,N
18084,90540,porto alegre,RS,-30.017451,-51.189593,N
18085,90550,porto alegre,RS,-30.013568,-51.190249,N
18086,90560,porto alegre,RS,-30.020689,-51.200706,N
18087,90570,porto alegre,RS,-30.021971,-51.202464,N
18088,90610,porto alegre,RS,-30.050785,-51.195061,N
18089,90619,porto alegre,RS,-30.057087,-51.174181,N
18090,90620,porto alegre,RS,-30.049925,-51.201923,N
18091,90630,porto alegre,RS,-30.043568,-51.195071,N
18092,90640,porto alegre,RS,-30.052808,-51.203499,N
18093,90650,porto alegre,RS,-30.054737,-51.199561,N
18094,90660,porto alegre,RS,-30.065165,-51.199841,N
18095,90670,porto alegre,RS,-30.048806,-51.188675,N
18096,90680,porto alegre,RS,-30.064709,-51.192293,N
18097,90690,porto alegre,RS,-30.050519,-51.179855,N
18098,90771,porto alegre,RS,-30.158091,-51.21418,N
18099,90810,porto alegre,RS,-30.077966,-51.239641,N
18100,90820,porto alegre,RS,-30.090468,-51.23553,N
18101,90830,porto alegre,RS,-30.089877,-51.226794,N
18102,90840,porto alegre,RS,-30.077543,-51.222801,N
18103,90850,porto alegre,RS,-30.065787,-51.225994,N
18104,90870,porto alegre,RS,-30.073976,-51.20921,N
18105,90880,porto alegre,RS,-30.060814,-51.216109,N
18106,91010,porto alegre,RS,-30.01005,-51.166255,N
18107,91020,porto alegre,RS,-30.003564,-51.191881,N
18108,91030,porto alegre,RS,-30.007015,-51.174888,N
18109,91040,porto alegre,RS,-30.005718,-51.160543,N
18110,91050,porto alegre,RS,-30.004404,-51.152043,N
18111,91060,porto alegre,RS,-30.002707,-51.145625,N
18112,91110,porto alegre,RS,-30.000129,-51.136473,N
18113,91120,porto alegre,RS,-29.984526,-51.1301,N
18114,91130,porto alegre,RS,-30.004353,-51.131147,N
18115,91140,porto alegre,RS,-29.988123,-51.117753,N
18116,91150,porto alegre,RS,-30.00326,-51.118735,N
18117,91160,porto alegre,RS,-29.995565,-51.10254,N
18118,91170,porto alegre,RS,-29.999995,-51.096263,N
18119,91175,porto alegre,RS,-29.97593,-51.195919,N
18120,91180,porto alegre,RS,-30.010316,-51.106053,N
18121,91210,porto alegre,RS,-30.038009,-51.144627,N
18122,91215,porto alegre,RS,-30.030453,-51.140385,N
18123,91220,porto alegre,RS,-30.019008,-51.137518,N
18124,91225,porto alegre,RS,-30.034631,-51.146276,N
18125,91230,porto alegre,RS,-30.018299,-51.12548,N
18126,91240,porto alegre,RS,-30.022996,-51.116603,N
18127,91250,porto alegre,RS,-30.02263,-51.105052,N
18128,91260,porto alegre,RS,-30.038654,-51.121878,N
18129,91263,porto alegre,RS,-30.045105,-51.106093,N
18130,91270,porto alegre,RS,-30.03335,-51.112309,N
18131,91280,porto alegre,RS,-30.044901,-51.097018,N
18132,91310,porto alegre,RS,-30.041919,-51.151437,N
18133,91320,porto alegre,RS,-30.033459,-51.151385,N
18134,91330,porto alegre,RS,-30.033566,-51.16256,N
18135,91340,porto alegre,RS,-30.022178,-51.169069,N
18136,91349,porto alegre,RS,-30.025304,-51.163291,N
18137,91350,porto alegre,RS,-30.015528,-51.162708,N
18138,91360,porto alegre,RS,-30.020229,-51.154715,N
18139,91370,porto alegre,RS,-30.01589,-51.148612,N
18140,91380,porto alegre,RS,-30.016365,-51.143494,N
18141,91410,porto alegre,RS,-30.050119,-51.166904,N
18142,91420,porto alegre,RS,-30.045559,-51.161052,N
18143,91430,porto alegre,RS,-30.050784,-51.142749,N
18144,91440,porto alegre,RS,-30.059879,-51.146188,N
18145,91450,porto alegre,RS,-30.046834,-51.136049,N
18146,91501,porto alegre,RS,-30.076539,-51.12485,N
18147,91509,porto alegre,RS,-30.076539,-51.12485,N
18148,91510,porto alegre,RS,-30.071335,-51.177751,N
18149,91520,porto alegre,RS,-30.068075,-51.166947,N
18150,91530,porto alegre,RS,-30.061072,-51.159505,N
18151,91540,porto alegre,RS,-30.081476,-51.130208,N
18152,91550,porto alegre,RS,-30.093451,-51.136221,N
18153,91560,porto alegre,RS,-30.119665,-51.107617,N
18154,91570,porto alegre,RS,-30.110818,-51.107001,N
18155,91710,porto alegre,RS,-30.077455,-51.193186,N
18156,91712,porto alegre,RS,-30.096153,-51.1797,N
18157,91720,porto alegre,RS,-30.086148,-51.21011,N
18158,91740,porto alegre,RS,-30.108668,-51.222254,N
18159,91750,porto alegre,RS,-30.12575,-51.208587,N
18160,91751,porto alegre,RS,-30.130842,-51.217983,N
18161,91755,porto alegre,RS,-30.160446,-51.195381,N
18162,91760,porto alegre,RS,-30.130673,-51.233701,N
18163,91770,porto alegre,RS,-30.151146,-51.217362,N
18164,91771,porto alegre,RS,-30.157566,-51.215518,N
18165,91778,porto alegre,RS,-30.17502,-51.181669,N
18166,91780,porto alegre,RS,-30.197933,-51.181311,N
18167,91781,porto alegre,RS,-30.185708,-51.174356,N
18168,91782,porto alegre,RS,-30.214011,-51.126913,N
18169,91785,porto alegre,RS,-30.201054,-51.13097,N
18170,91786,porto alegre,RS,-30.186496,-51.14347,N
18171,91787,porto alegre,RS,-30.157486,-51.15655,N
18172,91788,porto alegre,RS,-30.152809,-51.16558,N
18173,91790,porto alegre,RS,-30.15321,-51.143266,N
18174,91791,porto alegre,RS,-30.147587,-51.127138,N
18175,91792,porto alegre,RS,-30.15305,-51.140991,N
18176,91793,porto alegre,RS,-30.148365,-51.146506,N
18177,91795,porto alegre,RS,-30.153638,-51.148772,N
18178,91796,porto alegre,RS,-30.170601,-51.081018,N
18179,91798,porto alegre,RS,-30.178749,-51.142776,N
18180,91810,porto alegre,RS,-30.085723,-51.247535,N
18181,91900,porto alegre,RS,-30.107637,-51.25045,N
18182,91901,porto alegre,RS,,,N
18183,91910,porto alegre,RS,-30.103114,-51.242611,N
18184,91920,porto alegre,RS,-30.111751,-51.243896,N
18185,92010,canoas,RS,-29.916962,-51.179847,N
18186,92020,canoas,RS,-29.917005,-51.171765,N
18187,92022,canoas,RS,-29.91621,-51.157838,N
18188,92025,canoas,RS,-29.924146,-51.161635,N
18189,92027,canoas,RS,-29.926897,-51.146439,N
18190,92030,canoas,RS,-29.919403,-51.145059,N
18191,92031,canoas,RS,-29.91247,-51.150158,N
18192,92032,canoas,RS,-29.912213,-51.143866,N
18193,92035,canoas,RS,-29.913725,-51.12647,N
18194,92110,canoas,RS,-29.937314,-51.169975,N
18195,92120,canoas,RS,-29.949839,-51.168494,N
18196,92130,canoas,RS,-29.955484,-51.163232,N
18197,92200,canoas,RS,-29.954773,-51.185886,N
18198,92310,canoas,RS,-29.91623,-51.18816,N
18199,92314,canoas,RS,-29.920152,-51.183674,N
18200,92320,canoas,RS,-29.922778,-51.199224,N
18201,92323,canoas,RS,-29.925211,-51.19519,N
18202,92325,canoas,RS,-29.90755,-51.223027,N
18203,92330,canoas,RS,-29.901903,-51.212515,N
18204,92340,canoas,RS,-29.903851,-51.185369,N
18205,92410,canoas,RS,-29.89866,-51.162895,N
18206,92412,canoas,RS,-29.89697,-51.14666,N
18207,92415,canoas,RS,-29.902741,-51.14085,N
18208,92420,canoas,RS,-29.88533,-51.178237,N
18209,92425,canoas,RS,-29.882484,-51.15421,N
18210,92440,canoas,RS,-29.905278,-51.141399,N
18211,92441,canoas,RS,-29.886142,-51.136734,N
18212,92480,nova santa rita,RS,-29.860873,-51.272835,N
18213,92500,guaiba,RS,-30.12145,-51.336326,N
18214,92850,sertao santana,RS,-30.460953,-51.602021,N
18215,92900,mariana pimentel,RS,-30.354614,-51.58423,N
18216,92990,eldorado do sul,RS,-30.015734,-51.328577,N
18217,93010,sao leopoldo,RS,-29.766631,-51.146968,N
18218,93020,sao leopoldo,RS,-29.779238,-51.148506,N
18219,93022,sao leopoldo,RS,-29.792074,-51.150204,N
18220,93025,sao leopoldo,RS,-29.767455,-51.160058,N
18221,93030,sao leopoldo,RS,-29.774902,-51.13868,N
18222,93032,sao leopoldo,RS,-29.776534,-51.130685,N
18223,93035,sao leopoldo,RS,-29.786296,-51.130102,N
18224,93037,sao leopoldo,RS,-29.793805,-51.130579,N
18225,93040,sao leopoldo,RS,-29.769157,-51.13025,N
18226,93042,sao leopoldo,RS,-29.763902,-51.11931,N
18227,93044,sao leopoldo,RS,-29.774888,-51.11826,N
18228,93046,são leopoldo,RS,-29.774229,-51.113922,N
18229,93048,sao leopoldo,RS,-29.763894,-51.110299,N
18230,93050,são leopoldo,RS,-29.756561,-51.108879,N
18231,93052,são leopoldo,RS,-29.751138,-51.100264,N
18232,93054,sao leopoldo,RS,-29.756178,-51.095422,N
18233,93056,sao leopoldo,RS,-29.762332,-51.091518,N
18234,93110,são leopoldo,RS,-29.752029,-51.148655,N
18235,93113,são leopoldo,RS,-29.74944,-51.143243,N
18236,93115,sao leopoldo,RS,-29.73828,-51.142599,N
18237,93120,sao leopoldo,RS,-29.734744,-51.157086,N
18238,93125,são leopoldo,RS,-29.704375,-51.159011,N
18239,93130,sao leopoldo,RS,-29.748069,-51.156972,N
18240,93135,sao leopoldo,RS,-29.736321,-51.16848,N
18241,93140,sao leopoldo,RS,-29.726608,-51.171881,N
18242,93145,sao leopoldo,RS,-29.718288,-51.182018,N
18243,93150,sao leopoldo,RS,-29.701149,-51.194164,N
18244,93180,portao,RS,-29.694204,-51.233189,N
18245,93210,sapucaia do sul,RS,-29.825804,-51.156746,N
18246,93211,sapucaia do sul,RS,-29.797689,-51.1858,N
18247,93212,sapucaia do sul,RS,-29.811378,-51.17269,N
18248,93214,sapucaia do sul,RS,-29.822428,-51.159543,N
18249,93216,sapucaia do sul,RS,-29.815793,-51.154713,N
18250,93218,sapucaia do sul,RS,-29.814597,-51.146473,N
18251,93219,sapucaia do sul,RS,-29.802156,-51.131812,N
18252,93220,sapucaia do sul,RS,-29.82898,-51.150686,N
18253,93222,sapucaia do sul,RS,-29.819592,-51.137052,N
18254,93224,sapucaia do sul,RS,-29.83308,-51.137764,N
18255,93225,sapucaia do sul,RS,-29.832055,-51.130083,N
18256,93226,sapucaia do sul,RS,-29.839225,-51.146606,N
18257,93228,sapucaia do sul,RS,-29.845896,-51.133152,N
18258,93230,sapucaia do sul,RS,-29.845001,-51.126592,N
18259,93234,sapucaia do sul,RS,-29.858544,-51.106551,N
18260,93260,esteio,RS,-29.844579,-51.168507,N
18261,93265,esteio,RS,-29.852319,-51.170153,N
18262,93270,esteio,RS,-29.845638,-51.182851,N
18263,93280,esteio,RS,-29.850192,-51.155803,N
18264,93285,esteio,RS,-29.858825,-51.156424,N
18265,93290,esteio,RS,-29.856572,-51.142543,N
18266,93295,esteio,RS,-29.8596,-51.1314,N
18267,93310,novo hamburgo,RS,-29.682712,-51.13738,N
18268,93315,novo hamburgo,RS,-29.676252,-51.134224,N
18269,93320,novo hamburgo,RS,-29.704813,-51.132273,N
18270,93330,novo hamburgo,RS,-29.719448,-51.140925,N
18271,93332,novo hamburgo,RS,-29.712986,-51.137185,N
18272,93334,novo hamburgo,RS,-29.706553,-51.141392,N
18273,93336,novo hamburgo,RS,-29.694213,-51.13774,N
18274,93340,novo hamburgo,RS,-29.691336,-51.148994,N
18275,93344,novo hamburgo,RS,-29.683732,-51.151449,N
18276,93346,novo hamburgo,RS,-29.674368,-51.153485,N
18277,93347,novo hamburgo,RS,-29.682879,-51.165421,N
18278,93348,novo hamburgo,RS,-29.674728,-51.147193,N
18279,93351,novo hamburgo,RS,-29.643954,-51.138844,N
18280,93410,novo hamburgo,RS,-29.694265,-51.126749,N
18281,93415,novo hamburgo,RS,-29.706591,-51.121924,N
18282,93420,novo hamburgo,RS,-29.729169,-51.132861,N
18283,93425,novo hamburgo,RS,-29.721097,-51.114514,N
18284,93490,novo hamburgo,RS,-29.75368,-51.048513,N
18285,93510,novo hamburgo,RS,-29.682441,-51.123471,N
18286,93520,novo hamburgo,RS,-29.674528,-51.126077,N
18287,93525,novo hamburgo,RS,-29.668715,-51.11788,N
18288,93530,novo hamburgo,RS,-29.653163,-51.107694,N
18289,93534,novo hamburgo,RS,-29.667807,-51.104959,N
18290,93537,novo hamburgo,RS,-29.671469,-51.094425,N
18291,93540,novo hamburgo,RS,-29.680927,-51.103469,N
18292,93542,novo hamburgo,RS,-29.684331,-51.092984,N
18293,93544,novo hamburgo,RS,-29.695646,-51.088219,N
18294,93546,novo hamburgo,RS,-29.699056,-51.100593,N
18295,93548,novo hamburgo,RS,-29.688885,-51.114436,N
18296,93600,estancia velha,RS,-29.655799,-51.171762,N
18297,93601,estancia velha,RS,-29.643867,-51.166988,N
18298,93602,estancia velha,RS,,,N
18299,93604,estancia velha,RS,-29.650078,-51.22079,N
18300,93607,estancia velha,RS,-11.274704,-37.442436,N
18301,93608,estancia velha,RS,-28.771318,-50.464148,N
18302,93609,estancia velha,RS,-29.207062,-50.811931,N
18303,93610,estancia velha,RS,-29.654899,-51.169769,N
18304,93611,estância velha,RS,-29.700303,-51.173009,N
18305,93612,estancia velha,RS,-29.667876,-51.193015,N
18306,93614,estancia velha,RS,-29.658082,-51.187821,N
18307,93615,estancia velha,RS,-29.681523,-51.184264,N
18308,93616,estancia velha,RS,-29.66302,-51.213221,N
18309,93700,campo bom,RS,-29.677045,-51.060403,N
18310,93800,sapiranga,RS,-29.636551,-51.007824,N
18311,93801,sapiranga,RS,-29.617157,-50.996397,N
18312,93804,sapiranga,RS,-29.638872,-51.022569,N
18313,93805,sapiranga,RS,-29.647782,-51.025476,N
18314,93806,sapiranga,RS,-29.651422,-51.002384,N
18315,93807,sapiranga,RS,-29.662952,-50.999242,N
18316,93815,sapiranga,RS,-29.654601,-50.982872,N
18317,93819,sapiranga,RS,-29.633767,-50.994917,N
18318,93820,sapiranga,RS,-29.626736,-50.980919,N
18319,93821,sapiranga,RS,-29.631618,-50.975008,N
18320,93822,sapiranga,RS,-29.629189,-50.960258,N
18321,93880,ararica,RS,-29.620406,-50.927675,N
18322,93890,nova hartz,RS,-29.588354,-50.900677,N
18323,93900,ivoti,RS,-29.605287,-51.164278,N
18324,93940,lindolfo collor,RS,-29.597265,-51.209443,N
18325,93945,presidente lucena,RS,-29.518286,-51.179705,N
18326,93950,dois irmaos,RS,-29.587186,-51.091214,N
18327,93990,morro reuter,RS,-29.539461,-51.082648,N
18328,93995,santa maria do herval,RS,-29.494151,-50.977312,N
18329,94010,gravatai,RS,-29.940453,-50.992137,N
18330,94015,gravatai,RS,-29.93141,-50.991774,N
18331,94020,gravatai,RS,-29.93489,-51.002279,N
18332,94025,gravatai,RS,-29.932281,-51.002117,N
18333,94030,gravatai,RS,-29.939438,-51.014467,N
18334,94035,gravatai,RS,-29.943998,-50.999267,N
18335,94040,gravatai,RS,-29.939756,-51.029171,N
18336,94045,gravataí,RS,-29.946047,-51.023139,N
18337,94050,gravatai,RS,-29.939675,-51.044682,N
18338,94055,gravatai,RS,-29.940929,-51.034881,N
18339,94060,gravatai,RS,-29.939102,-51.051567,N
18340,94065,gravatai,RS,-29.944994,-51.048695,N
18341,94070,gravatai,RS,-29.938662,-51.068768,N
18342,94071,gravatai,RS,-29.93583,-51.068241,N
18343,94075,gravatai,RS,-29.937798,-51.063279,N
18344,94080,gravatai,RS,-29.923244,-51.064827,N
18345,94085,gravatai,RS,-29.920487,-51.059712,N
18346,94090,gravatai,RS,-29.928648,-51.051536,N
18347,94100,gravatai,RS,-29.904968,-51.027474,N
18348,94110,gravatai,RS,-29.911557,-51.060819,N
18349,94120,gravatai,RS,-29.913517,-51.050509,N
18350,94130,gravatai,RS,-29.92232,-51.036578,N
18351,94135,gravataí,RS,-29.925662,-51.040177,N
18352,94140,gravatai,RS,-29.913319,-51.034042,N
18353,94150,gravataí,RS,-29.93077,-51.024791,N
18354,94155,gravataí,RS,-29.921478,-51.017636,N
18355,94170,gravataí,RS,-29.921086,-50.999698,N
18356,94175,gravataí,RS,-29.888211,-50.998469,N
18357,94180,gravatai,RS,-29.940222,-50.957953,N
18358,94185,gravatai,RS,-29.945227,-50.971882,N
18359,94190,gravatai,RS,-29.954528,-50.974316,N
18360,94195,gravatai,RS,-29.947846,-50.95215,N
18361,94196,gravatai,RS,-29.897089,-50.898923,N
18362,94197,gravataí,RS,-29.923826,-50.928262,N
18363,94198,gravataí,RS,-29.921312,-50.908272,N
18364,94199,gravatai,RS,-29.92434,-50.964283,N
18365,94370,ipiranga,RS,,,N
18366,94380,glorinha,RS,-29.881225,-50.783526,N
18367,94410,viamao,RS,-30.083551,-51.021805,N
18368,94415,viamao,RS,-30.073215,-51.024042,N
18369,94416,viamao,RS,-30.067533,-51.025283,N
18370,94420,viamao,RS,-30.026008,-51.024392,N
18371,94425,viamao,RS,-30.078992,-51.00391,N
18372,94430,viamao,RS,-30.099226,-51.021429,N
18373,94435,viamão,RS,-30.084819,-51.040122,N
18374,94440,viamao,RS,-30.084146,-51.051741,N
18375,94445,viamao,RS,-30.098393,-51.059591,N
18376,94450,viamao,RS,-30.087704,-51.070873,N
18377,94451,viamao,RS,-30.077761,-51.053306,N
18378,94455,viamao,RS,-30.105171,-51.06725,N
18379,94460,viamao,RS,-30.113792,-51.074767,N
18380,94463,viamao,RS,-30.138034,-50.86687,N
18381,94465,viamao,RS,-30.123737,-51.086028,N
18382,94470,viamao,RS,-30.088452,-51.084746,N
18383,94475,viamao,RS,-30.073697,-51.093148,N
18384,94480,viamao,RS,-30.065526,-51.104273,N
18385,94490,viamao,RS,-30.061396,-51.10054,N
18386,94495,viamao,RS,-30.056992,-51.091182,N
18387,94500,viamao,RS,-30.067485,-51.111351,N
18388,94505,viamao,RS,-30.134648,-51.070114,N
18389,94510,viamao,RS,-30.057429,-51.07938,N
18390,94515,viamao,RS,-30.073428,-51.050001,N
18391,94760,aguas claras,RS,-28.000304,-49.175462,N
18392,94770,capao da porteira,RS,-30.09281,-50.694388,N
18393,94810,alvorada,RS,-30.006489,-51.079514,N
18394,94814,alvorada,RS,-30.003837,-51.072956,N
18395,94818,alvorada,RS,-30.004386,-51.054398,N
18396,94820,alvorada,RS,-29.991651,-51.081511,N
18397,94824,alvorada,RS,-29.991574,-51.073143,N
18398,94828,alvorada,RS,-29.992864,-51.059012,N
18399,94830,alvorada,RS,-29.985257,-51.032895,N
18400,94834,alvorada,RS,-29.993071,-51.045464,N
18401,94836,alvorada,RS,-29.991163,-51.018749,N
18402,94838,alvorada,RS,-30.016757,-51.047992,N
18403,94850,alvorada,RS,-30.02035,-51.079461,N
18404,94852,alvorada,RS,-30.007742,-51.049365,N
18405,94853,alvorada,RS,-30.021393,-51.061249,N
18406,94855,alvorada,RS,-30.039382,-51.056611,N
18407,94856,alvorada,RS,-30.042937,-51.06501,N
18408,94858,alvorada,RS,-30.032089,-51.072991,N
18409,94859,alvorada,RS,-30.03218,-51.08218,N
18410,94901,cachoeirinha,RS,-29.950756,-51.100478,N
18411,94910,cachoeirinha,RS,-29.952693,-51.097791,N
18412,94920,cachoeirinha,RS,-29.957013,-51.102296,N
18413,94930,cachoeirinha,RS,-29.941081,-51.107457,N
18414,94931,cachoeirinha,RS,-29.483965,-50.802359,N
18415,94935,cachoeirinha,RS,-29.942723,-51.096504,N
18416,94940,cachoeirinha,RS,-29.935968,-51.088349,N
18417,94945,cachoeirinha,RS,-29.928255,-51.080791,N
18418,94950,cachoeirinha,RS,-29.946477,-51.080077,N
18419,94955,cachoeirinha,RS,-29.91603,-51.075812,N
18420,94960,cachoeirinha,RS,-29.912722,-51.084814,N
18421,94965,cachoeirinha,RS,-29.904951,-51.070304,N
18422,94967,cachoeirinha,RS,-29.911602,-51.075149,N
18423,94970,cachoeirinha,RS,-29.887195,-51.090847,N
18424,95010,caxias do sul,RS,-29.170058,-51.186218,N
18425,95012,caxias do sul,RS,-29.172669,-51.210729,N
18426,95013,caxias do sul,RS,-29.162884,-51.203806,N
18427,95020,caxias do sul,RS,-29.166314,-51.178314,N
18428,95030,caxias do sul,RS,-29.154238,-51.217288,N
18429,95032,caxias do sul,RS,-29.148027,-51.201921,N
18430,95034,caxias do sul,RS,-29.160194,-51.189259,N
18431,95040,caxias do sul,RS,-29.154301,-51.17402,N
18432,95041,caxias do sul,RS,-29.151228,-51.181578,N
18433,95042,caxias do sul,RS,-29.135063,-51.178795,N
18434,95043,caxias do sul,RS,-29.142738,-51.182159,N
18435,95044,caxias do sul,RS,-29.138559,-51.197073,N
18436,95045,caxias do sul,RS,-29.127261,-51.174535,N
18437,95046,caxias do sul,RS,-29.108004,-51.191797,N
18438,95047,caxias do sul,RS,-29.120617,-51.182189,N
18439,95050,caxias do sul,RS,-29.153967,-51.164807,N
18440,95052,caxias do sul,RS,-29.153622,-51.163358,N
18441,95054,caxias do sul,RS,-29.1575,-51.155026,N
18442,95055,caxias do sul,RS,-29.151062,-51.142925,N
18443,95057,caxias do sul,RS,-29.139548,-51.140156,N
18444,95058,caxias do sul,RS,-29.127859,-51.119937,N
18445,95059,caxias do sul,RS,-29.116038,-51.125635,N
18446,95060,caxias do sul,RS,-29.129006,-51.120982,N
18447,95062,caxias do sul,RS,-29.094112,-51.077303,N
18448,95065,caxias do sul,RS,-29.079822,-51.105811,N
18449,95070,caxias do sul,RS,-29.167449,-51.154831,N
18450,95072,caxias do sul,RS,-29.173299,-51.15179,N
18451,95074,caxias do sul,RS,-29.170437,-51.140302,N
18452,95076,caxias do sul,RS,-29.178216,-51.148684,N
18453,95080,caxias do sul,RS,-29.173684,-51.181834,N
18454,95082,caxias do sul,RS,-29.177824,-51.173281,N
18455,95084,caxias do sul,RS,-29.172078,-51.172746,N
18456,95086,caxias do sul,RS,-29.183425,-51.166799,N
18457,95088,caxias do sul,RS,-29.195443,-51.167061,N
18458,95090,caxias do sul,RS,-29.227559,-51.160472,N
18459,95095,caxias do sul,RS,-29.199969,-51.200255,N
18460,95096,caxias do sul,RS,-29.177883,-51.189896,N
18461,95097,caxias do sul,RS,-29.179997,-51.189686,N
18462,95098,caxias do sul,RS,-29.190671,-51.187295,N
18463,95099,caxias do sul,RS,-29.178155,-51.197376,N
18464,95100,caxias do sul,RS,-29.174152,-51.185055,N
18465,95110,caxias do sul,RS,-29.190856,-51.230239,N
18466,95112,caxias do sul,RS,-29.170772,-51.230962,N
18467,95115,caxias do sul,RS,-29.213291,-51.277795,N
18468,95124,caxias do sul,RS,-29.09731,-51.128264,N
18469,95125,fazenda souza,RS,-29.12528,-51.01472,N
18470,95130,santa lucia do piai,RS,14.585073,121.105394,N
18471,95150,nova petropolis,RS,-29.375118,-51.10823,N
18472,95160,pinhal alto,RS,-29.405364,-51.036354,N
18473,95166,picada cafe,RS,-29.455159,-51.139191,N
18474,95170,farroupilha,RS,-29.405237,-51.325789,N
18475,95171,farroupilha,RS,-29.228746,-51.364814,N
18476,95172,farroupilha,RS,-29.218955,-51.350972,N
18477,95173,farroupilha,RS,-29.274206,-51.326192,N
18478,95174,farroupilha,RS,-29.206718,-51.346919,N
18479,95175,picada cafe,RS,-29.444506,-51.132379,N
18480,95176,farroupilha,RS,-29.217333,-51.340587,N
18481,95177,farroupilha,RS,-29.213976,-51.325415,N
18482,95178,farroupilha,RS,-29.256778,-51.429353,N
18483,95179,farroupilha,RS,-29.237247,-51.325701,N
18484,95180,farroupilha,RS,-29.22709,-51.348651,N
18485,95181,farroupilha,RS,-29.228297,-51.349956,N
18486,95182,nova milano,RS,-29.276315,-51.337671,N
18487,95183,nova sardenha,RS,-29.241122,-51.411594,N
18488,95184,jansen,RS,-29.13361,-51.37222,N
18489,95185,carlos barbosa,RS,-29.298072,-51.502601,N
18490,95186,arco verde,RS,-29.350271,-51.547912,N
18491,95190,sao marcos,RS,-28.968928,-51.068746,N
18492,95200,vacaria,RS,-28.505975,-50.938241,N
18493,95230,muitos capoes,RS,-28.31876,-51.185514,N
18494,95236,monte alegre dos campos,RS,-28.684059,-50.782486,N
18495,95240,ipe,RS,-28.801904,-51.289858,N
18496,95250,antonio prado,RS,-28.856786,-51.284075,N
18497,95255,campestre da serra,RS,-28.788562,-51.095264,N
18498,95260,nova roma do sul,RS,-28.987234,-51.407853,N
18499,95270,flores da cunha,RS,-29.035257,-51.183155,N
18500,95272,otavio rocha,RS,-29.05849,-51.261263,N
18501,95275,nova pádua,RS,-29.027601,-51.309134,N
18502,95280,sao jose dos ausentes,RS,-28.736474,-50.050802,N
18503,95290,bom jesus,RS,-28.671373,-50.434123,N
18504,95300,lagoa vermelha,RS,-28.211901,-51.525185,N
18505,95305,ibiraiaras,RS,-28.371375,-51.636996,N
18506,95310,andré da rocha,RS,-28.632841,-51.57347,N
18507,95315,caseiros,RS,-28.270966,-51.696841,N
18508,95320,nova prata,RS,-28.782255,-51.609213,N
18509,95325,vista alegre do prata,RS,-28.80823,-51.783014,N
18510,95330,veranópolis,RS,-28.936708,-51.549551,N
18511,95333,fagundes varela,RS,-28.880849,-51.698156,N
18512,95334,vila flores,RS,-28.860239,-51.552607,N
18513,95335,cotipora,RS,-28.992884,-51.697536,N
18514,95340,nova bassano,RS,-28.732757,-51.704571,N
18515,95345,protasio alves,RS,-28.759235,-51.475095,N
18516,95350,nova araca,RS,-28.65959,-51.748632,N
18517,95355,guabiju,RS,-28.542458,-51.691384,N
18518,95360,parai,RS,-28.596704,-51.786946,N
18519,95365,sao jorge,RS,-28.502204,-51.704982,N
18520,95370,barracão,RS,-27.677506,-51.457664,N
18521,95380,esmeralda,RS,-28.056985,-51.189563,N
18522,95390,pinhal da serra,RS,-30.233661,-50.233574,N
18523,95400,são francisco de paula,RS,-29.440046,-50.581538,N
18524,95420,jaquirana,RS,-28.883974,-50.357833,N
18525,95480,cambará do sul,RS,-29.053501,-50.145712,N
18526,95485,osvaldo kroeff,RS,-28.976686,-50.063263,N
18527,95500,santo antônio da patrulha,RS,-29.833103,-50.520084,N
18528,95515,caraa,RS,-29.791617,-50.437321,N
18529,95520,osório,RS,-29.895592,-50.255661,N
18530,95528,santa luzia,RS,-29.974089,-50.1995,N
18531,95530,maquine,RS,-29.657983,-50.210126,N
18532,95535,terra de areia,RS,-29.579703,-50.064611,N
18533,95538,itati,RS,-29.459855,-50.134275,N
18534,95540,palmares do sul,RS,-30.270761,-50.497605,N
18535,95548,quintao,RS,-30.25442,-50.358866,N
18536,95552,capivari do sul,RS,-30.143818,-50.511402,N
18537,95555,capao da canoa,RS,-29.733175,-50.007224,N
18538,95556,capao novo,RS,-29.658192,-49.959194,N
18539,95558,curumim,RS,-29.625789,-49.937315,N
18540,95560,torres,RS,-29.341142,-49.74492,N
18541,95568,dom pedro de alcântara,RS,-29.372084,-49.85377,N
18542,95572,mampituba,RS,,,N
18543,95575,tres forquilhas,RS,-29.535642,-50.036826,N
18544,95577,morrinhos do sul,RS,-29.351802,-49.940119,N
18545,95580,tres cachoeiras,RS,-29.453674,-49.921648,N
18546,95585,arroio do sal,RS,-29.540942,-49.885267,N
18547,95588,xangri-la,RS,-29.803693,-50.046599,N
18548,95589,rainha do mar,RS,-29.851992,-50.066907,N
18549,95590,tramandai,RS,-30.005361,-50.149768,N
18550,95595,cidreira,RS,-30.181173,-50.213674,N
18551,95599,balneario pinhal,RS,-30.243801,-50.263179,N
18552,95600,taquara,RS,-29.650733,-50.7824,N
18553,95601,taquara,RS,-29.661477,-50.783142,N
18554,95603,taquara,RS,-29.663777,-50.776393,N
18555,95605,taquara,RS,-29.660859,-50.769055,N
18556,95607,taquara,RS,-29.651418,-50.770952,N
18557,95609,taquara,RS,-29.640583,-50.771447,N
18558,95611,taquara,RS,-29.643748,-50.780034,N
18559,95612,taquara,RS,-29.641916,-50.787946,N
18560,95625,imbe,RS,-29.949823,-50.11914,N
18561,95630,parobe,RS,-29.631686,-50.834574,N
18562,95650,igrejinha,RS,-29.571978,-50.79473,N
18563,95660,tres coroas,RS,-29.511356,-50.781151,N
18564,95670,gramado,RS,-29.381738,-50.874012,N
18565,95680,canela,RS,-29.360523,-50.810289,N
18566,95690,rolante,RS,-29.649634,-50.572926,N
18567,95695,riozinho,RS,-29.641782,-50.45892,N
18568,95700,bento goncalves,RS,-29.170345,-51.515833,N
18569,95701,bento goncalves,RS,-29.172778,-51.528385,N
18570,95702,bento goncalves,RS,-29.182132,-51.500008,N
18571,95703,bento goncalves,RS,-29.16794,-51.504859,N
18572,95705,bento goncalves,RS,-29.155674,-51.513063,N
18573,95706,bento goncalves,RS,-29.154305,-51.493414,N
18574,95707,bento gonçalves,RS,-29.154766,-51.531461,N
18575,95708,bento goncalves,RS,-29.138348,-51.526607,N
18576,95709,bento goncalves,RS,-29.122909,-51.541012,N
18577,95710,tuiuti,RS,-29.203975,-51.531305,N
18578,95711,vale dos vinhedos,RS,-29.175192,-51.569258,N
18579,95717,pinto bandeira,RS,-29.106822,-51.459896,N
18580,95718,monte belo do sul,RS,-29.163194,-51.636954,N
18581,95720,garibaldi,RS,-29.253902,-51.528208,N
18582,95726,coronel pilar,RS,-29.272428,-51.680286,N
18583,95727,boa vista do sul,RS,-29.346473,-51.673054,N
18584,95730,barao,RS,-29.376412,-51.499124,N
18585,95735,roca sales,RS,-29.286559,-51.872455,N
18586,95740,poco das antas,RS,-29.451123,-51.673436,N
18587,95745,capela de santana,RS,-29.681262,-51.321234,N
18588,95748,sao jose do sul,RS,-29.541483,-51.421792,N
18589,95750,salvador do sul,RS,-29.441412,-51.510557,N
18590,95755,sao jose do hortencio,RS,-29.540672,-51.253266,N
18591,95758,sao pedro da serra,RS,-29.436998,-51.712887,N
18592,95760,sao sebastiao do cai,RS,-29.587807,-51.361903,N
18593,95765,bom principio,RS,-29.480629,-51.359232,N
18594,95768,linha nova,RS,-29.462187,-51.201639,N
18595,95770,feliz,RS,-29.452705,-51.302233,N
18596,95773,alto feliz,RS,-29.395218,-51.309959,N
18597,95775,tupandi,RS,-29.485468,-51.41727,N
18598,95778,vale real,RS,-29.390307,-51.247212,N
18599,95780,montenegro,RS,-29.687804,-51.467964,N
18600,95783,pareci novo,RS,-29.637396,-51.404028,N
18601,95785,harmonia,RS,-29.550237,-51.421363,N
18602,95790,brochier,RS,-29.559863,-51.590972,N
18603,95793,marata,RS,-29.548574,-51.559132,N
18604,95795,sao vendelino,RS,-29.373829,-51.372826,N
18605,95800,venancio aires,RS,-29.611111,-52.193314,N
18606,95820,general camara,RS,-29.907748,-51.772196,N
18607,95833,vale verde,RS,-29.782565,-52.185551,N
18608,95835,mato leitao,RS,-29.524887,-52.128117,N
18609,95840,triunfo,RS,-29.930633,-51.707385,N
18610,95853,polo petroquimico de triunfo,RS,,,N
18611,95860,taquari,RS,-29.792612,-51.86125,N
18612,95863,tabai,RS,-29.68745,-51.719944,N
18613,95865,paverama,RS,-29.553835,-51.741648,N
18614,95870,bom retiro do sul,RS,-29.600724,-51.934197,N
18615,95875,fazenda vilanova,RS,-29.58578,-51.829062,N
18616,95880,estrela,RS,-29.497659,-51.958384,N
18617,95885,imigrante,RS,-29.34523,-51.766587,N
18618,95890,teutonia,RS,-29.481225,-51.808173,N
18619,95893,westfalia,RS,-29.422614,-51.763342,N
18620,95895,colinas,RS,-29.388254,-51.868993,N
18621,95900,lajeado,RS,-29.460557,-51.966717,N
18622,95901,lajeado,RS,-29.472561,-51.985683,N
18623,95902,lajeado,RS,-29.478159,-51.979118,N
18624,95903,lajeado,RS,-29.460123,-52.022632,N
18625,95904,lajeado,RS,-29.458075,-51.996368,N
18626,95905,lajeado,RS,-29.449883,-51.987757,N
18627,95906,lajeado,RS,-29.436265,-52.025861,N
18628,95907,lajeado,RS,-29.432056,-52.048293,N
18629,95908,lajeado,RS,-29.432085,-52.020069,N
18630,95910,lajeado,RS,-29.430824,-51.993777,N
18631,95911,lajeado,RS,-29.424733,-52.005664,N
18632,95912,lajeado,RS,-29.43729,-51.973616,N
18633,95913,lajeado,RS,-29.44658,-51.961202,N
18634,95914,lajeado,RS,-29.438736,-51.956449,N
18635,95915,santa clara do sul,RS,-29.46747,-52.087749,N
18636,95918,sério,RS,-29.38421,-52.270944,N
18637,95920,boqueirao do leao,RS,-29.302433,-52.429741,N
18638,95923,marques de souza,RS,-29.319898,-52.101716,N
18639,95925,progresso,RS,-29.241307,-52.318819,N
18640,95930,cruzeiro do sul,RS,-29.512296,-51.992201,N
18641,95933,canudos do vale,RS,-29.323592,-52.233949,N
18642,95935,capitao,RS,-29.270552,-51.988344,N
18643,95937,forquetinha,RS,-29.375501,-52.11097,N
18644,95940,arroio do meio,RS,-29.394876,-51.945171,N
18645,95945,pouso novo,RS,-29.157173,-52.222934,N
18646,95948,travesseiro,RS,-29.31164,-52.062856,N
18647,95950,nova brescia,RS,-29.214818,-52.025651,N
18648,95955,coqueiro baixo,RS,-29.18048,-52.089344,N
18649,95960,encantado,RS,-29.236105,-51.875185,N
18650,95965,relvado,RS,-29.112089,-52.070639,N
18651,95967,doutor ricardo,RS,-29.091185,-51.986637,N
18652,95970,muçum,RS,-29.165545,-51.872987,N
18653,95972,vespasiano correa,RS,-29.068615,-51.861192,N
18654,95975,putinga,RS,-29.001383,-52.15717,N
18655,95980,anta gorda,RS,-28.972099,-52.007504,N
18656,95985,nova alvorada,RS,-28.677015,-52.16487,N
18657,95990,ilopolis,RS,-28.927862,-52.126594,N
18658,95995,arvorezinha,RS,-28.871905,-52.180111,N
18659,95997,itapucá,RS,-28.782636,-52.172502,N
18660,96010,pelotas,RS,-31.772333,-52.339195,N
18661,96015,pelotas,RS,-31.762679,-52.338335,N
18662,96020,pelotas,RS,-31.755497,-52.341272,N
18663,96025,pelotas,RS,-31.771425,-52.355821,N
18664,96030,pelotas,RS,-31.760565,-52.370996,N
18665,96040,pelotas,RS,-31.749207,-52.374663,N
18666,96045,pelotas,RS,-31.748135,-52.390928,N
18667,96050,pelotas,RS,-31.740293,-52.392117,N
18668,96055,pelotas,RS,-31.737641,-52.336845,N
18669,96060,pelotas,RS,-31.72604,-52.322874,N
18670,96065,pelotas,RS,-31.71976,-52.352339,N
18671,96070,pelotas,RS,-31.697254,-52.339119,N
18672,96071,pelotas,RS,-31.701543,-52.31475,N
18673,96072,pelotas,RS,-31.651984,-52.332569,N
18674,96075,pelotas,RS,-31.768341,-52.326968,N
18675,96076,pelotas,RS,-31.765483,-52.320484,N
18676,96077,pelotas,RS,-31.757103,-52.317667,N
18677,96080,pelotas,RS,-31.751072,-52.323202,N
18678,96081,pelotas,RS,-31.738307,-52.314131,N
18679,96083,pelotas,RS,-31.758884,-52.272005,N
18680,96085,pelotas,RS,-31.750595,-52.306256,N
18681,96087,pelotas,RS,-31.719715,-52.305523,N
18682,96090,pelotas,RS,-31.759922,-52.235542,N
18683,96095,pelotas,RS,-31.734625,-52.214804,N
18684,96100,santa vitoria do palmar,RS,-33.5258,-53.364553,N
18685,96115,monte bonito,RS,-31.638807,-52.415534,N
18686,96130,colônia z-3,RS,-31.698183,-52.1561,N
18687,96145,quilombo,RS,-31.512235,-52.439962,N
18688,96148,turucu,RS,-31.413966,-52.171604,N
18689,96150,morro redondo,RS,-31.592241,-52.624349,N
18690,96155,arroio do padre,RS,-31.441525,-52.418244,N
18691,96160,capao do leao,RS,-31.766412,-52.461308,N
18692,96170,sao lourenco do sul,RS,-31.3644,-51.978647,N
18693,96178,arambare,RS,-30.912115,-51.501563,N
18694,96180,camaquã,RS,-30.854064,-51.808535,N
18695,96190,dom feliciano,RS,-30.703913,-52.108022,N
18696,96193,chuvisca,RS,-30.749189,-51.980898,N
18697,96195,cristal,RS,-31.001295,-52.048006,N
18698,96200,rio grande,RS,-32.034647,-52.097202,N
18699,96201,rio grande,RS,-32.03822,-52.084825,N
18700,96202,rio grande,RS,-32.048542,-52.112912,N
18701,96203,rio grande,RS,-32.079231,-52.156033,N
18702,96204,rio grande,RS,-32.137831,-52.109051,N
18703,96205,rio grande,RS,-32.177483,-52.164395,N
18704,96206,rio grande,RS,-32.176205,-52.16179,N
18705,96207,rio grande,RS,-32.184118,-52.156201,N
18706,96208,rio grande,RS,-32.186173,-52.171672,N
18707,96209,rio grande,RS,-32.195805,-52.180033,N
18708,96210,rio grande,RS,-32.194868,-52.1754,N
18709,96211,rio grande,RS,-32.040291,-52.116232,N
18710,96212,rio grande,RS,-32.052535,-52.142162,N
18711,96213,rio grande,RS,-32.076675,-52.17052,N
18712,96214,rio grande,RS,-32.079805,-52.17938,N
18713,96215,rio grande,RS,-32.094702,-52.18359,N
18714,96216,rio grande,RS,-32.105257,-52.173956,N
18715,96217,rio grande,RS,-32.160055,-52.180737,N
18716,96222,rio grande,RS,-32.081697,-52.224752,N
18717,96223,rio grande,RS,-32.0258,-52.19685,N
18718,96225,sao jose do norte,RS,-31.964754,-52.007118,N
18719,96230,santa vitoria do palmar,RS,-33.512901,-53.349748,N
18720,96255,chui,RS,-33.689948,-53.460183,N
18721,96270,mostardas,RS,-31.102961,-50.913407,N
18722,96290,tavares,RS,-31.284257,-51.08718,N
18723,96300,jaguarao,RS,-32.561057,-53.378114,N
18724,96310,herval,RS,-32.024863,-53.39286,N
18725,96330,arroio grande,RS,-32.235661,-53.078851,N
18726,96360,pedro osorio,RS,-31.866799,-52.821701,N
18727,96395,cerrito,RS,-31.85146,-52.809165,N
18728,96400,bage,RS,-31.327268,-54.10645,N
18729,96402,bage,RS,-31.329278,-54.121731,N
18730,96405,bage,RS,-31.309194,-54.129493,N
18731,96407,bage,RS,-31.311223,-54.117891,N
18732,96408,bage,RS,-31.308277,-54.111621,N
18733,96410,bage,RS,-31.295172,-54.133168,N
18734,96412,bage,RS,-31.317681,-54.091665,N
18735,96413,bage,RS,-31.307828,-54.075681,N
18736,96415,bage,RS,-31.332879,-54.090064,N
18737,96418,bage,RS,-31.338768,-54.078273,N
18738,96419,bage,RS,-31.335026,-54.064224,N
18739,96420,bage,RS,-31.352267,-54.092487,N
18740,96422,bage,RS,-31.359143,-54.112008,N
18741,96425,bage,RS,-31.342247,-54.121126,N
18742,96439,colonia nova,RS,-31.66694,-54.07083,N
18743,96445,acegua,RS,-31.76436,-54.148549,N
18744,96450,dom pedrito,RS,-30.979123,-54.669977,N
18745,96460,hulha negra,RS,-31.401706,-53.876362,N
18746,96470,pinheiro machado,RS,-31.578575,-53.382461,N
18747,96487,pedras altas,RS,-31.733567,-53.586333,N
18748,96490,piratini,RS,-31.437823,-53.103466,N
18749,96495,candiota,RS,-31.501509,-53.690739,N
18750,96501,cachoeira do sul,RS,-30.034342,-52.900995,N
18751,96503,cachoeira do sul,RS,-30.023144,-52.912332,N
18752,96504,cachoeira do sul,RS,-30.005509,-52.918809,N
18753,96505,cachoeira do sul,RS,-30.011028,-52.903381,N
18754,96506,cachoeira do sul,RS,-30.041668,-52.895494,N
18755,96508,cachoeira do sul,RS,-30.046329,-52.890774,N
18756,96530,paraiso do sul,RS,-29.723803,-53.179187,N
18757,96535,cerro branco,RS,-29.665983,-52.944619,N
18758,96540,agudo,RS,-29.643274,-53.245926,N
18759,96545,novo cabrais,RS,-29.737355,-52.953908,N
18760,96550,cortado,RS,-29.73717,-52.95064,N
18761,96570,cacapava do sul,RS,-30.513795,-53.489209,N
18762,96590,santana da boa vista,RS,-30.873114,-53.114484,N
18763,96600,canguçu,RS,-31.395633,-52.677083,N
18764,96610,encruzilhada do sul,RS,-30.544711,-52.523722,N
18765,96635,amaral ferrador,RS,-30.874239,-52.253193,N
18766,96640,rio pardo,RS,-29.979843,-52.374727,N
18767,96685,passo do sobrado,RS,-29.751167,-52.27278,N
18768,96690,pantano grande,RS,-30.194716,-52.366932,N
18769,96700,sao jeronimo,RS,-29.963285,-51.719841,N
18770,96735,barão do triunfo,RS,-30.39789,-51.746833,N
18771,96740,arroio dos ratos,RS,-30.089921,-51.731525,N
18772,96745,charqueadas,RS,-29.962705,-51.618643,N
18773,96750,butia,RS,-30.119877,-51.962541,N
18774,96755,minas do leão,RS,-30.139517,-52.044881,N
18775,96760,tapes,RS,-30.674073,-51.397906,N
18776,96765,sentinela do sul,RS,-30.616267,-51.580693,N
18777,96770,cerro grande do sul,RS,-30.595088,-51.752346,N
18778,96790,barra do ribeiro,RS,-30.298294,-51.308983,N
18779,96810,santa cruz do sul,RS,-29.717245,-52.430783,N
18780,96814,santa cruz do sul,RS,-29.713878,-52.444844,N
18781,96815,santa cruz do sul,RS,-29.703606,-52.422548,N
18782,96816,santa cruz do sul,RS,-29.694898,-52.442508,N
18783,96817,santa cruz do sul,RS,-29.6882,-52.44851,N
18784,96820,santa cruz do sul,RS,-29.70435,-52.425567,N
18785,96821,santa cruz do sul,RS,-29.679483,-52.40953,N
18786,96822,santa cruz do sul,RS,-29.676699,-52.40055,N
18787,96823,santa cruz do sul,RS,-29.693036,-52.412424,N
18788,96824,santa cruz do sul,RS,-29.704495,-52.39981,N
18789,96825,santa cruz do sul,RS,-29.717796,-52.418504,N
18790,96830,santa cruz do sul,RS,-29.735855,-52.417245,N
18791,96832,santa cruz do sul,RS,-29.749091,-52.409736,N
18792,96835,santa cruz do sul,RS,-29.750793,-52.421665,N
18793,96836,santa cruz do sul,RS,-29.762519,-52.415596,N
18794,96840,santa cruz do sul,RS,-29.741615,-52.433094,N
18795,96842,santa cruz do sul,RS,-29.765459,-52.440566,N
18796,96843,santa cruz do sul,RS,-29.738591,-52.444779,N
18797,96845,santa cruz do sul,RS,-29.72483,-52.442847,N
18798,96859,santa cruz do sul,RS,-29.63334,-52.389487,N
18799,96875,gramado xavier,RS,-29.269471,-52.578341,N
18800,96878,vale do sol,RS,-29.607198,-52.680862,N
18801,96880,vera cruz,RS,-29.716185,-52.506038,N
18802,96888,herveiras,RS,-29.455769,-52.64869,N
18803,96890,sinimbu,RS,-29.530502,-52.522115,N
18804,96900,sobradinho,RS,-29.416784,-53.026586,N
18805,96908,passa sete,RS,-29.441043,-52.957817,N
18806,96910,segredo,RS,-29.334055,-52.971542,N
18807,96920,lagoa bonita do sul,RS,-29.496608,-53.035897,N
18808,96925,ibarama,RS,-29.422294,-53.127347,N
18809,96930,candelária,RS,-29.670446,-52.789119,N
18810,96950,arroio do tigre,RS,-29.33345,-52.995052,N
18811,96990,estrela velha,RS,-29.182897,-53.159352,N
18812,97010,santa maria,RS,-29.684349,-53.813803,N
18813,97015,santa maria,RS,-29.692577,-53.812342,N
18814,97020,santa maria,RS,-29.692474,-53.82594,N
18815,97021,santa maria,RS,-29.695898,-53.832351,N
18816,97030,santa maria,RS,-29.706699,-53.872164,N
18817,97032,santa maria,RS,-29.6988,-53.87351,N
18818,97035,santa maria,RS,-29.692851,-53.851091,N
18819,97037,santa maria,RS,-29.683031,-53.854658,N
18820,97040,santa maria,RS,-29.67368,-53.832057,N
18821,97043,santa maria,RS,-29.673819,-53.818398,N
18822,97045,santa maria,RS,-29.674158,-53.8032,N
18823,97050,santa maria,RS,-29.689437,-53.798333,N
18824,97060,santa maria,RS,-29.703291,-53.800847,N
18825,97065,santa maria,RS,-29.720972,-53.800306,N
18826,97070,santa maria,RS,-29.715975,-53.815664,N
18827,97090,santa maria,RS,-29.675721,-53.790638,N
18828,97095,santa maria,RS,-29.696454,-53.771631,N
18829,97105,santa maria,RS,-29.706865,-53.718026,N
18830,97110,santa maria,RS,-29.699989,-53.73268,N
18831,97180,dilermando de aguiar,RS,-29.706329,-54.204896,N
18832,97185,itaara,RS,-29.596802,-53.768011,N
18833,97190,são martinho da serra,RS,-29.539843,-53.854898,N
18834,97195,silveira martins,RS,-29.645317,-53.583825,N
18835,97200,restinga seca,RS,-29.812973,-53.375645,N
18836,97210,formigueiro,RS,-29.99923,-53.500549,N
18837,97220,faxinal do soturno,RS,-29.575238,-53.445064,N
18838,97230,sao joao do polesine,RS,-29.620813,-53.450586,N
18839,97250,nova palma,RS,-29.468576,-53.458694,N
18840,97280,dona francisca,RS,-29.623889,-53.356538,N
18841,97300,sao gabriel,RS,-30.336434,-54.323654,N
18842,97306,são gabriel,RS,-30.354836,-54.334166,N
18843,97310,são gabriel,RS,-30.333606,-54.333766,N
18844,97313,sao gabriel,RS,-30.327772,-54.326148,N
18845,97314,são gabriel,RS,-30.321603,-54.313979,N
18846,97335,santa margarida do sul,RS,-30.385749,-54.076652,N
18847,97340,sao sepe,RS,-30.164972,-53.570361,N
18848,97385,vila nova do sul,RS,-30.204743,-53.340951,N
18849,97390,lavras do sul,RS,-30.811114,-53.900742,N
18850,97400,sao pedro do sul,RS,-29.554611,-54.211233,N
18851,97410,mata,RS,-29.561529,-54.456627,N
18852,97418,toropi,RS,-29.471458,-54.227555,N
18853,97420,são vicente do sul,RS,-29.692876,-54.681258,N
18854,97450,cacequi,RS,-29.883498,-54.826331,N
18855,97500,uruguaiana,RS,-29.768852,-57.086319,N
18856,97501,uruguaiana,RS,-29.755779,-57.088138,N
18857,97502,uruguaiana,RS,-29.762249,-57.078952,N
18858,97503,uruguaiana,RS,-29.773663,-57.096141,N
18859,97504,uruguaiana,RS,-29.779727,-57.091845,N
18860,97507,uruguaiana,RS,-29.775954,-57.076749,N
18861,97508,uruguaiana,RS,-29.788463,-57.089438,N
18862,97509,uruguaiana,RS,-29.83137,-57.028126,N
18863,97510,uruguaiana,RS,-29.762835,-57.081997,N
18864,97511,uruguaiana,RS,-29.767655,-57.060171,N
18865,97513,uruguaiana,RS,-29.769126,-57.056368,N
18866,97538,barra do quaraí,RS,-30.208557,-57.550856,N
18867,97541,alegrete,RS,-29.780723,-55.790446,N
18868,97542,alegrete,RS,-29.784434,-55.792194,N
18869,97543,alegrete,RS,-29.796549,-55.803998,N
18870,97544,alegrete,RS,-29.791737,-55.806952,N
18871,97545,alegrete,RS,-29.80431,-55.804742,N
18872,97546,alegrete,RS,-29.791344,-55.768088,N
18873,97547,alegrete,RS,-29.800608,-55.753667,N
18874,97560,quarai,RS,-30.383276,-56.451862,N
18875,97571,santana do livramento,RS,-30.861675,-55.546595,N
18876,97572,santana do livramento,RS,-30.874211,-55.531565,N
18877,97573,santana do livramento,RS,-30.887786,-55.537168,N
18878,97574,santana do livramento,RS,-30.895104,-55.525446,N
18879,97575,santana do livramento,RS,-30.895075,-55.494942,N
18880,97576,santana do livramento,RS,-30.88944,-55.510613,N
18881,97577,santana do livramento,RS,-30.876862,-55.512197,N
18882,97578,sant'ana do livramento,RS,-30.868115,-55.484583,N
18883,97590,rosario do sul,RS,-30.254941,-54.920334,N
18884,97610,sao francisco de assis,RS,-29.550981,-55.126705,N
18885,97640,manoel viana,RS,-29.573581,-55.483823,N
18886,97645,macambara,RS,-29.14771,-56.06613,N
18887,97650,itaqui,RS,-29.132686,-56.552026,N
18888,97670,sao borja,RS,-28.654368,-56.005437,N
18889,97685,itacurubi,RS,-28.797779,-55.235004,N
18890,97690,garruchos,RS,-28.18556,-55.639863,N
18891,97700,santiago,RS,-29.186544,-54.867516,N
18892,97753,capao do cipo,RS,-28.943471,-54.563324,N
18893,97755,unistalda,RS,-29.047378,-55.153084,N
18894,97760,jaguari,RS,-29.496141,-54.686797,N
18895,97770,nova esperanca do sul,RS,-29.420809,-54.906169,N
18896,97800,sao luiz gonzaga,RS,-28.405745,-54.957366,N
18897,97843,rolador,RS,-28.262631,-54.828373,N
18898,97845,dezesseis de novembro,RS,-28.224737,-55.050531,N
18899,97850,bossoroca,RS,-28.727271,-54.910789,N
18900,97870,santo antonio das missoes,RS,-28.507734,-55.231599,N
18901,97880,sao nicolau,RS,-28.185019,-55.261452,N
18902,97885,pirapó,RS,-28.046432,-55.199921,N
18903,97900,cerro largo,RS,-28.146638,-54.737892,N
18904,97920,sao pedro do butia,RS,-28.124598,-54.893427,N
18905,97930,caibate,RS,-28.290026,-54.639901,N
18906,97935,mato queimado,RS,-28.254848,-54.61805,N
18907,97940,salvador das missoes,RS,-28.109818,-54.840686,N
18908,97950,guarani das missoes,RS,-28.143666,-54.558437,N
18909,97960,sete de setembro,RS,-28.128667,-54.459102,N
18910,97970,roque gonzales,RS,-28.130288,-55.021612,N
18911,97980,sao paulo das missoes,RS,-28.021511,-54.938039,N
18912,98005,cruz alta,RS,-28.643106,-53.607387,N
18913,98010,cruz alta,RS,-28.650052,-53.616435,N
18914,98015,cruz alta,RS,-28.63364,-53.621821,N
18915,98020,cruz alta,RS,-28.624098,-53.612055,N
18916,98025,cruz alta,RS,-28.634964,-53.604379,N
18917,98030,cruz alta,RS,-28.632527,-53.587478,N
18918,98035,cruz alta,RS,-28.645113,-53.586069,N
18919,98040,cruz alta,RS,-28.65117,-53.588792,N
18920,98045,cruz alta,RS,-28.676167,-53.610027,N
18921,98050,cruz alta,RS,-28.65423,-53.599543,N
18922,98118,boa vista do cadeado,RS,-28.577596,-53.813659,N
18923,98120,boa vista do incra,RS,-28.818666,-53.386811,N
18924,98125,fortaleza dos valos,RS,-28.79634,-53.228372,N
18925,98130,julio de castilhos,RS,-29.231047,-53.678513,N
18926,98140,quevedos,RS,-29.348426,-54.073151,N
18927,98150,pinhal grande,RS,-29.336852,-53.344725,N
18928,98160,ivora,RS,-29.520499,-53.5779,N
18929,98170,tupanciretã,RS,-29.081335,-53.837071,N
18930,98175,jari,RS,-29.289627,-54.219431,N
18931,98180,joia,RS,-28.6584,-54.117812,N
18932,98200,ibiruba,RS,-28.629205,-53.098996,N
18933,98230,quinze de novembro,RS,-28.743115,-53.09846,N
18934,98240,santa barbara do sul,RS,-28.367888,-53.252787,N
18935,98250,saldanha marinho,RS,-28.395668,-53.087917,N
18936,98270,pejucara,RS,-28.419449,-53.654099,N
18937,98280,panambi,RS,-28.293541,-53.502238,N
18938,98290,condor,RS,-28.207322,-53.484839,N
18939,98300,palmeira das missoes,RS,-27.898528,-53.311111,N
18940,98320,lajeado do bugre,RS,-27.691993,-53.179028,N
18941,98325,sao jose das missoes,RS,-27.783641,-53.123394,N
18942,98330,sagrada familia,RS,-27.700266,-53.134629,N
18943,98335,boa vista das missoes,RS,-27.661477,-53.316774,N
18944,98338,novo barreiro,RS,-27.911773,-53.114835,N
18945,98340,cerro grande,RS,-27.608346,-53.166188,N
18946,98345,pinhal,RS,-27.512473,-53.214508,N
18947,98350,jaboticaba,RS,-27.638215,-53.280362,N
18948,98360,rodeio bonito,RS,-27.473304,-53.170504,N
18949,98368,cristal do sul,RS,-27.455182,-53.246288,N
18950,98370,novo tiradentes,RS,-27.562661,-53.184145,N
18951,98380,seberi,RS,-27.482045,-53.401435,N
18952,98385,dois irmãos das missões,RS,-27.661405,-53.524738,N
18953,98390,erval seco,RS,-27.551182,-53.508269,N
18954,98400,frederico westphalen,RS,-27.356191,-53.395979,N
18955,98410,taquaruçu do sul,RS,-27.399562,-53.46685,N
18956,98415,vista alegre,RS,-27.369686,-53.492684,N
18957,98430,palmitinho,RS,-27.353302,-53.558043,N
18958,98435,pinheirinho do vale,RS,-27.212741,-53.61952,N
18959,98440,caicara,RS,-27.272581,-53.438218,N
18960,98450,vicente dutra,RS,-27.167528,-53.402468,N
18961,98460,iraí,RS,-27.195549,-53.2552,N
18962,98465,ametista do sul,RS,-27.365847,-53.178636,N
18963,98470,planalto,RS,-27.332169,-53.05886,N
18964,98480,alpestre,RS,-27.250352,-53.035555,N
18965,98500,tenente portela,RS,-27.371053,-53.758586,N
18966,98528,derrubadas,RS,-27.265115,-53.863538,N
18967,98530,barra do guarita,RS,-27.191717,-53.709621,N
18968,98535,vista gaucha,RS,-27.288724,-53.701158,N
18969,98540,miraguai,RS,-27.491427,-53.686045,N
18970,98550,redentora,RS,-27.651466,-53.639216,N
18971,98560,braga,RS,-27.616563,-53.74094,N
18972,98570,campo novo,RS,-27.67704,-53.807141,N
18973,98575,bom progresso,RS,-27.552576,-53.863258,N
18974,98580,coronel bicaco,RS,-27.717225,-53.709343,N
18975,98590,santo augusto,RS,-27.853048,-53.77797,N
18976,98595,sao valerio do sul,RS,-27.786621,-53.936221,N
18977,98600,três passos,RS,-27.454501,-53.933746,N
18978,98620,padre gonzales,RS,-27.434009,-53.961168,N
18979,98635,esperanca do sul,RS,-27.352544,-54.001394,N
18980,98640,crissiumal,RS,-27.497915,-54.099784,N
18981,98670,humaitá,RS,-27.565536,-53.969574,N
18982,98675,sede nova,RS,-27.635038,-53.94877,N
18983,98680,tiradentes do sul,RS,-27.3931,-54.088024,N
18984,98690,sao martinho,RS,-27.709262,-53.963799,N
18985,98700,ijui,RS,-28.387829,-53.915936,N
18986,98733,bozano,RS,-28.355767,-53.750725,N
18987,98735,coronel barros,RS,-28.39483,-54.067637,N
18988,98740,augusto pestana,RS,-28.515183,-53.994146,N
18989,98750,ajuricaba,RS,-28.23772,-53.763375,N
18990,98758,nova ramada,RS,-28.084144,-53.701502,N
18991,98760,chiapetta,RS,-27.918803,-53.940582,N
18992,98765,inhacora,RS,-27.881758,-54.017936,N
18993,98770,catuípe,RS,-28.252632,-54.013478,N
18994,98780,santa rosa,RS,-28.057903,-54.39263,N
18995,98781,santa rosa,RS,-27.859652,-54.488716,N
18996,98785,santa rosa,RS,-27.851206,-54.474977,N
18997,98787,santa rosa,RS,-27.896901,-54.401883,N
18998,98789,santa rosa,RS,-27.865419,-54.436827,N
18999,98790,santa rosa,RS,-27.85618,-54.444462,N
19000,98792,santa rosa,RS,-27.879988,-54.471558,N
19001,98794,santa rosa,RS,-27.882883,-54.481576,N
19002,98796,santa rosa,RS,-27.874405,-54.49535,N
19003,98801,santo angelo,RS,-28.304876,-54.264896,N
19004,98802,santo angelo,RS,-28.290148,-54.270009,N
19005,98803,santo angelo,RS,-28.290553,-54.262511,N
19006,98804,santo angelo,RS,-28.312016,-54.261248,N
19007,98805,santo angelo,RS,-28.297908,-54.245276,N
19008,98807,santo angelo,RS,-28.299956,-54.243988,N
19009,98825,buriti,RS,-28.29678,-54.393503,N
19010,98850,vitória das missões,RS,-28.352389,-54.501266,N
19011,98855,entre-ijuis,RS,-28.363966,-54.268216,N
19012,98860,eugenio de castro,RS,-28.52759,-54.14596,N
19013,98865,são miguel das missões,RS,-28.572125,-54.546319,N
19014,98870,girua,RS,-28.029701,-54.349917,N
19015,98895,senador salgado filho,RS,-28.025798,-54.544452,N
19016,98898,ubiretama,RS,-28.044832,-54.680436,N
19017,98900,santa rosa,RS,-27.865358,-54.470128,N
19018,98905,alegria,RS,-27.808376,-54.045336,N
19019,98910,tres de maio,RS,-27.776576,-54.235518,N
19020,98915,independencia,RS,-27.853477,-54.190467,N
19021,98918,boa vista do burica,RS,-27.668677,-54.111131,N
19022,98919,nova candelaria,RS,-27.608226,-54.109778,N
19023,98920,horizontina,RS,-27.627278,-54.31036,N
19024,98925,doutor mauricio cardoso,RS,-27.50701,-54.363929,N
19025,98930,tucunduva,RS,-27.658117,-54.439812,N
19026,98940,tuparendi,RS,-27.750497,-54.489863,N
19027,98947,porto mauá,RS,-27.572163,-54.668801,N
19028,98950,alecrim,RS,-27.658214,-54.766905,N
19029,98955,novo machado,RS,-27.56145,-54.500398,N
19030,98958,sao jose do inhacora,RS,-28.120963,-54.049456,N
19031,98960,santo cristo,RS,-27.826265,-54.664985,N
19032,98970,candido godoi,RS,-27.949298,-54.752221,N
19033,98975,campina das missoes,RS,-27.9868,-54.841,N
19034,98980,porto lucena,RS,-27.855939,-55.016515,N
19035,98985,porto vera cruz,RS,-27.735723,-54.900247,N
19036,98995,porto xavier,RS,-27.906802,-55.139074,N
19037,99001,passo fundo,RS,-28.234745,-52.423582,N
19038,99010,passo fundo,RS,-28.270753,-52.540898,N
19039,99020,passo fundo,RS,-28.25044,-52.41056,N
19040,99022,passo fundo,RS,-28.243195,-52.416731,N
19041,99025,passo fundo,RS,-28.26464,-52.425421,N
19042,99030,passo fundo,RS,-28.26426,-52.437065,N
19043,99032,passo fundo,RS,-28.261304,-52.443097,N
19044,99034,passo fundo,RS,-28.271326,-52.452765,N
19045,99036,passo fundo,RS,-28.283393,-52.433772,N
19046,99040,passo fundo,RS,-28.249765,-52.42663,N
19047,99042,passo fundo,RS,-28.241129,-52.437659,N
19048,99043,passo fundo,RS,-28.226596,-52.467505,N
19049,99050,passo fundo,RS,-28.24411,-52.387712,N
19050,99051,passo fundo,RS,-28.253212,-52.456622,N
19051,99052,passo fundo,RS,-28.233273,-52.372582,N
19052,99054,passo fundo,RS,-28.260622,-52.375569,N
19053,99060,passo fundo,RS,-28.275845,-52.375008,N
19054,99062,passo fundo,RS,-28.279738,-52.384885,N
19055,99064,passo fundo,RS,-28.284903,-52.367211,N
19056,99066,passo fundo,RS,-28.276815,-52.396994,N
19057,99070,passo fundo,RS,-28.264372,-52.392472,N
19058,99072,passo fundo,RS,-28.270903,-52.406091,N
19059,99074,passo fundo,RS,-28.272725,-52.395746,N
19060,99140,ernestina,RS,-28.50007,-52.565909,N
19061,99145,coxilha,RS,-28.126927,-52.296837,N
19062,99150,marau,RS,-28.445913,-52.202838,N
19063,99155,vila maria,RS,-28.540258,-52.158238,N
19064,99160,gentil,RS,-28.361201,-52.039707,N
19065,99165,camargo,RS,-28.589474,-52.204322,N
19066,99170,sertão,RS,-27.98386,-52.258522,N
19067,99175,nicolau vergueiro,RS,-28.535027,-52.461576,N
19068,99180,mato castelhano,RS,-28.278554,-52.190871,N
19069,99190,pontao,RS,-28.061294,-52.67703,N
19070,99200,guapore,RS,-28.847956,-51.891746,N
19071,99215,uniao da serra,RS,-28.758905,-52.011635,N
19072,99220,dois lajeados,RS,-28.983048,-51.836188,N
19073,99240,sao valentim do sul,RS,-29.049265,-51.76602,N
19074,99250,serafina correa,RS,-28.712771,-51.934078,N
19075,99255,montauri,RS,-28.653381,-52.075866,N
19076,99260,casca,RS,-28.565731,-51.974619,N
19077,99265,santo antônio do palma,RS,-28.499405,-52.54794,N
19078,99270,sao domingos do sul,RS,-28.539456,-51.877436,N
19079,99290,vanini,RS,-28.475479,-51.844428,N
19080,99300,soledade,RS,-28.82745,-52.509255,N
19081,99315,mormaco,RS,-28.694606,-52.689817,N
19082,99320,ibirapuita,RS,-28.621819,-52.514943,N
19083,99330,tunas,RS,-29.103118,-52.956876,N
19084,99340,lagoao,RS,-29.226072,-52.77556,N
19085,99345,tio hugo,RS,-28.576569,-52.596998,N
19086,99350,victor graeff,RS,-28.561833,-52.7398,N
19087,99360,barros cassal,RS,-29.092217,-52.586086,N
19088,99370,fontoura xavier,RS,-28.982393,-52.350252,N
19089,99380,sao jose do herval,RS,-29.050267,-52.291467,N
19090,99400,espumoso,RS,-28.73067,-52.844475,N
19091,99430,alto alegre,RS,-28.780865,-52.989187,N
19092,99435,campos borges,RS,-28.886238,-53.00128,N
19093,99440,salto do jacui,RS,-29.089435,-53.215962,N
19094,99450,selbach,RS,-28.630116,-52.954192,N
19095,99457,jacuizinho,RS,-29.035853,-53.041769,N
19096,99460,colorado,RS,-28.521723,-52.992803,N
19097,99470,nao-me-toque,RS,-28.461117,-52.819327,N
19098,99490,tapera,RS,-28.627901,-52.869883,N
19099,99495,lagoa dos três cantos,RS,-28.568316,-52.853483,N
19100,99500,carazinho,RS,-28.291245,-52.790256,N
19101,99523,almirante tamandare do sul,RS,-28.115634,-52.914917,N
19102,99525,santo antonio do planalto,RS,-28.398749,-52.692853,N
19103,99528,coqueiros do sul,RS,-28.118553,-52.782453,N
19104,99530,chapada,RS,-28.061002,-53.066149,N
19105,99560,sarandi,RS,-27.939046,-52.926363,N
19106,99580,nova boa vista,RS,-27.992458,-52.980952,N
19107,99585,barra funda,RS,-27.92388,-53.041983,N
19108,99590,rondinha,RS,-27.829908,-52.908195,N
19109,99600,nonoai,RS,-27.368607,-52.773307,N
19110,99605,gramado dos loureiros,RS,-27.441896,-52.914801,N
19111,99610,rio dos indios,RS,-27.305193,-52.842023,N
19112,99615,trindade do sul,RS,-27.524814,-52.896761,N
19113,99640,sao valentim,RS,-27.559223,-52.524465,N
19114,99645,entre rios do sul,RS,-27.531259,-52.731468,N
19115,99650,benjamin constant do sul,RS,-27.515351,-52.593046,N
19116,99655,faxinalzinho,RS,-27.421769,-52.675022,N
19117,99660,campinas do sul,RS,-27.717866,-52.623982,N
19118,99665,cruzaltense,RS,-27.662394,-52.656555,N
19119,99670,ronda alta,RS,-27.782222,-52.8065,N
19120,99675,tres palmeiras,RS,-27.614112,-52.844591,N
19121,99680,constantina,RS,-27.732243,-52.995016,N
19122,99687,novo xingu,RS,-27.747953,-53.062351,N
19123,99690,liberato salzano,RS,-27.600218,-53.074882,N
19124,99700,erechim,RS,-27.636046,-52.273049,N
19125,99701,erechim,RS,-27.627115,-52.25864,N
19126,99702,erechim,RS,-27.62487,-52.247614,N
19127,99704,erechim,RS,-27.640413,-52.254648,N
19128,99705,erechim,RS,-27.641352,-52.24053,N
19129,99706,erechim,RS,-27.650054,-52.249384,N
19130,99708,erechim,RS,-27.658286,-52.260998,N
19131,99709,erechim,RS,-27.649777,-52.273265,N
19132,99711,erechim,RS,-27.639474,-52.287228,N
19133,99712,erechim,RS,-27.638287,-52.311553,N
19134,99713,erechim,RS,-27.641873,-52.298208,N
19135,99714,erechim,RS,-27.652545,-52.298834,N
19136,99718,paulo bento,RS,-28.096654,-52.3445,N
19137,99720,quatro irmaos,RS,-27.819812,-52.445124,N
19138,99725,tres arroios,RS,-27.499564,-52.150166,N
19139,99730,jacutinga,RS,-27.728956,-52.536535,N
19140,99735,ponte preta,RS,-27.657574,-52.491061,N
19141,99740,barao de cotegipe,RS,-27.617014,-52.380395,N
19142,99750,erval grande,RS,-27.392643,-52.569086,N
19143,99760,itatiba do sul,RS,-27.383731,-52.456132,N
19144,99770,aratiba,RS,-27.393879,-52.300792,N
19145,99790,mariano moro,RS,-27.351152,-52.144949,N
19146,99795,barra do rio azul,RS,-27.410053,-52.413636,N
19147,99800,marcelino ramos,RS,-27.470268,-51.918101,N
19148,99810,severiano de almeida,RS,-27.43157,-52.117335,N
19149,99820,viadutos,RS,-27.569672,-52.021406,N
19150,99825,carlos gomes,RS,-27.715924,-51.914822,N
19151,99830,gaurama,RS,-27.587031,-52.092748,N
19152,99835,aurea,RS,-27.695424,-52.053652,N
19153,99838,centenario,RS,-27.765793,-52.003719,N
19154,99839,gaurama,RS,-27.58695,-52.092478,N
19155,99840,sananduva,RS,-27.950143,-51.809886,N
19156,99850,paim filho,RS,-27.710137,-51.763305,N
19157,99855,sao joao da urtiga,RS,-27.932156,-52.085083,N
19158,99860,cacique doble,RS,-27.772163,-51.66196,N
19159,99870,sao jose do ouro,RS,-27.84465,-51.576435,N
19160,99878,tupanci do sul,RS,-27.92262,-51.538729,N
19161,99880,machadinho,RS,-27.56786,-51.668006,N
19162,99890,maximiliano de almeida,RS,-27.631778,-51.80472,N
19163,99895,santo expedito do sul,RS,-27.930039,-51.65968,N
19164,99900,getulio vargas,RS,-27.88663,-52.228478,N
19165,99910,floriano peixoto,RS,-27.858961,-52.075287,N
19166,99920,erebango,RS,-27.855254,-52.300906,N
19167,99925,ipiranga do sul,RS,-27.936726,-52.426644,N
19168,99930,estação,RS,-27.914102,-52.258782,N
19169,99940,ibiaca,RS,-28.057224,-51.856124,N
19170,99950,tapejara,RS,-28.068959,-52.012068,N
19171,99952,santa cecilia do sul,RS,-28.171199,-51.908569,N
19172,99955,vila lângaro,RS,-28.113341,-52.143843,N
19173,99960,charrua,RS,-27.953722,-52.025511,N
19174,99965,agua santa,RS,-28.183372,-52.03985,N
19175,99970,ciriaco,RS,-28.343766,-51.874689,N
19176,99980,david canabarro,RS,-28.389129,-51.843836,N
19177,99990,muliterno,RS,-28.329595,-51.769362,N
